symbol,name,exchange,type,tradable
A,Agilent Technologies Inc.,XNYS,CS,True
AA,Alcoa Corporation,XNYS,CS,True
AACB,Artius II Acquisition Inc. Class A Ordinary Shares,XNAS,CS,True
AAL,American Airlines Group Inc.,XNAS,CS,True
AAM,AA Mission Acquisition Corp.,XNYS,CS,True
AAME,Atlantic American Corp,XNAS,CS,True
AAMI,Acadian Asset Management Inc.,XNYS,CS,True
AAOI,"Applied Optoelectronics, Inc.",XNAS,CS,True
AAON,Aaon Inc,XNAS,CS,True
AAP,ADVANCE AUTO PARTS INC,XNYS,CS,True
AAPG,Ascentage Pharma Group International American Depository Shares,XNAS,ADRC,True
AAPL,Apple Inc.,XNAS,CS,True
AARD,"Aardvark Therapeutics, Inc. Common Stock",XNAS,CS,True
AAUC,Allied Gold Corporation,XNYS,CS,True
AB,"AllianceBernstein Holding, L.P.",XNYS,CS,True
ABAT,American Battery Technology Company Common Stock,XNAS,CS,True
ABBV,ABBVIE INC.,XNYS,CS,True
ABCL,AbCellera Biologics Inc. Common Shares,XNAS,CS,True
ABEO,Abeona Therapeutics Inc. Common Stock,XNAS,CS,True
ABEV,AMBEV S.A.,XNYS,ADRC,True
ABG,"Asbury Automotive Group, Inc.",XNYS,CS,True
ABLV,Able View Global Inc. Class B Ordinary Shares,XNAS,CS,True
ABM,"ABM Industries, Inc.",XNYS,CS,True
ABNB,"Airbnb, Inc. Class A Common Stock",XNAS,CS,True
ABOS,"Acumen Pharmaceuticals, Inc. Common Stock",XNAS,CS,True
ABP,"Abpro Holdings, Inc Common Stock",XNAS,CS,True
ABSI,Absci Corporation Common Stock,XNAS,CS,True
ABT,Abbott Laboratories,XNYS,CS,True
ABTC,American Bitcoin Corp. Class A Common Stock,XNAS,CS,True
ABTS,Abits Group Inc Ordinary Shares,XNAS,CS,True
ABUS,Arbutus Biopharma Corporation Common Stock,XNAS,CS,True
ABVC,"ABVC BioPharma, Inc. Common Stock",XNAS,CS,True
ABVE,Above Food Ingredients Inc. Common Stock,XNAS,CS,True
ABX,"Abacus Global Management, Inc.",XNYS,CS,True
ACA,"Arcosa, Inc. Common Stock",XNYS,CS,True
ACAD,Acadia Pharmaceuticals Inc.,XNAS,CS,True
ACB,Aurora Cannabis Inc. Common Shares,XNAS,CS,True
ACCL,Acco Group Holdings Limited Ordinary Shares,XNAS,CS,True
ACCO,Acco Brands Corporation,XNYS,CS,True
ACDC,ProFrac Holding Corp. Class A Common Stock,XNAS,CS,True
ACEL,"Accel Entertainment, Inc.",XNYS,CS,True
ACET,"Adicet Bio, Inc. Common Stock",XNAS,CS,True
ACFN,"Acorn Energy, Inc. Common Stock",XNAS,CS,True
ACGL,Arch Capital Group Ltd,XNAS,CS,True
ACH,"Accendra Health, Inc.",XNYS,CS,True
ACHC,"Acadia Healthcare Company, Inc.",XNAS,CS,True
ACHR,Archer Aviation Inc.,XNYS,CS,True
ACHV,"Achieve Life Sciences, Inc.",XNAS,CS,True
ACI,"Albertsons Companies, Inc.",XNYS,CS,True
ACIC,American Coastal Insurance Corporation Common Stock,XNAS,CS,True
ACIU,AC Immune SA,XNAS,CS,True
ACIW,"ACI Worldwide, Inc.",XNAS,CS,True
ACLS,Axcelis Technologies Inc,XNAS,CS,True
ACLX,"Arcellx, Inc. Common Stock",XNAS,CS,True
ACM,Aecom,XNYS,CS,True
ACMR,"ACM Research, Inc. Class A Common Stock",XNAS,CS,True
ACN,Accenture PLC,XNYS,CS,True
ACNB,ACNB Corp,XNAS,CS,True
ACNT,Ascent Industries Co. Common Stock,XNAS,CS,True
ACOG,Alpha Cognition Inc. Common Stock,XNAS,CS,True
ACON,"Aclarion, Inc. Common Stock",XNAS,CS,True
ACRS,"Aclaris Therapeutics, Inc.",XNAS,CS,True
ACRV,"Acrivon Therapeutics, Inc. Common Stock",XNAS,CS,True
ACT,"Enact Holdings, Inc. Common Stock",XNAS,CS,True
ACTG,Acacia Research Corporation,XNAS,CS,True
ACTU,"Actuate Therapeutics, Inc. Common stock",XNAS,CS,True
ACVA,ACV Auctions Inc.,XNYS,CS,True
ACXP,"Acurx Pharmaceuticals, Inc. Common Stock",XNAS,CS,True
AD,"Array Digital Infrastructure, Inc.",XNYS,CS,True
ADBE,Adobe Inc.,XNAS,CS,True
ADCT,ADC Therapeutics SA,XNYS,CS,True
ADEA,Adeia Inc. Common Stock,XNAS,CS,True
ADGM,"Adagio Medical Holdings, Inc Common Stock",XNAS,CS,True
ADI,"Analog Devices, Inc.",XNAS,CS,True
ADIL,"Adial Pharmaceuticals, Inc",XNAS,CS,True
ADM,Archer Daniels Midland Company,XNYS,CS,True
ADMA,"ADMA Biologics, Inc.",XNAS,CS,True
ADNT,Adient plc Ordinary Shares,XNYS,CS,True
ADP,Automatic Data Processing,XNAS,CS,True
ADPT,Adaptive Biotechnologies Corporation Common Stock,XNAS,CS,True
ADSE,ADS-TEC ENERGY PLC Ordinary Shares,XNAS,CS,True
ADSK,Autodesk Inc,XNAS,CS,True
ADT,ADT Inc.,XNYS,CS,True
ADTN,"ADTRAN Holdings, Inc. Common Stock",XNAS,CS,True
ADTX,"Aditxt, Inc. Common Stock",XNAS,CS,True
ADUR,Aduro Clean Technologies Inc. Common Stock,XNAS,CS,True
ADUS,Addus HomeCare Corp.,XNAS,CS,True
ADV,Advantage Solutions Inc. Class A Common Stock,XNAS,CS,True
ADVB,Advanced Biomed Inc. Common Stock,XNAS,CS,True
AEBI,Aebi Schmidt Holding AG Common Stock,XNAS,CS,True
AEC,Anfield Energy Inc. Common Shares,XNAS,CS,True
AEE,Ameren Corporation,XNYS,CS,True
AEG,Aegon Ltd.,XNYS,CS,True
AEHL,Antelope Enterprise Holdings Limited Class A Ordinary Shares,XNAS,CS,True
AEHR,Aehr Test Systems,XNAS,CS,True
AEI,Alset Inc. Common Stock (TX),XNAS,CS,True
AEIS,Advanced Energy Industries Inc,XNAS,CS,True
AEM,Agnico Eagle Mines Ltd.,XNYS,CS,True
AEMD,AETHLON MEDICAL INC,XNAS,CS,True
AENT,Alliance Entertainment Holding Corporation Class A Common Stock,XNAS,CS,True
AEO,American Eagle Outfitters,XNYS,CS,True
AER,Aercap Holdings N.V.,XNYS,CS,True
AERT,"Aeries Technology, Inc. Class A Ordinary Share",XNAS,CS,True
AES,AES Corporation,XNYS,CS,True
AESI,Atlas Energy Solutions Inc.,XNYS,CS,True
AEVA,"Aeva Technologies, Inc.",XNAS,CS,True
AEXA,American Exceptionalism Acquisition Corp. A,XNYS,CS,True
AEYE,"AudioEye, Inc. Common Stock",XNAS,CS,True
AFCG,Advanced Flower Capital Inc. Common Stock,XNAS,CS,True
AFG,"American Financial Group, Inc.",XNYS,CS,True
AFJK,"Aimei Health Technology Co., Ltd Ordinary Share",XNAS,CS,True
AFL,Aflac Inc.,XNYS,CS,True
AFRI,Forafric Global PLC Ordinary Shares,XNAS,CS,True
AFRM,"Affirm Holdings, Inc. Class A Common Stock",XNAS,CS,True
AFYA,Afya Limited Class A Common Shares,XNAS,CS,True
AG,FIRST MAJESTIC SILVER CORP,XNYS,CS,True
AGAE,Allied Gaming & Entertainment Inc. Common Stock,XNAS,CS,True
AGCC,Agencia Comercial Spirits Ltd Class A Ordinary Shares,XNAS,CS,True
AGCO,AGCO Corporation,XNYS,CS,True
AGEN,Agenus Inc.,XNAS,CS,True
AGH,Aureus Greenway Holdings Inc. Common Stock,XNAS,CS,True
AGI,Alamos Gold Inc. Class A Common Shares,XNYS,CS,True
AGIO,"Agios Pharmaceuticals, Inc.",XNAS,CS,True
AGL,"agilon health, inc.",XNYS,CS,True
AGM,Federal Agricultural Mortgage Corporation,XNYS,CS,True
AGM.A,Federal Agricultural Mortgage Corporation Class A Voting,XNYS,CS,True
AGMH,AGM Group Holdings Inc. Class A Ordinary Shares,XNAS,CS,True
AGNC,AGNC Investment Corp. Common Stock,XNAS,CS,True
AGO,"Assured Guaranty, LTD",XNYS,CS,True
AGPU,Axe Compute Inc. Common Stock,XNAS,CS,True
AGRO,ADECOAGRO S.A.,XNYS,CS,True
AGRZ,Agroz Inc. Ordinary Shares,XNAS,CS,True
AGX,"Argan, Inc",XNYS,CS,True
AGYS,"Agilysys, Inc. Common Stock (DE)",XNAS,CS,True
AHCO,AdaptHealth Corp. Common Stock,XNAS,CS,True
AHG,Akso Health Group ADS,XNAS,ADRC,True
AHL,Aspen Insurance Holdings Limited,XNYS,CS,True
AHMA,Ambitions Enterprise Management Co. L.L.C Class A Ordinary Shares,XNAS,CS,True
AI,"C3.ai, Inc.",XNYS,CS,True
AIFF,"Firefly Neuroscience, Inc. Common Stock",XNAS,CS,True
AIFU,AIFU Inc. Class A Ordinary Share,XNAS,CS,True
AIG,"American International Group, Inc.",XNYS,CS,True
AIHS,Senmiao Technology Limited Common Stock,XNAS,CS,True
AIIA,AI Infrastructure Acquisition Corp.,XNYS,CS,True
AIIO,Robo.ai Inc. Class B Ordinary Shares,XNAS,CS,True
AIMD,"Ainos, Inc. Common Stock",XNAS,CS,True
AIN,Albany International Corp Class A,XNYS,CS,True
AIOT,"PowerFleet, Inc. Common Stock",XNAS,CS,True
AIP,"Arteris, Inc. Common Stock",XNAS,CS,True
AIR,AAR Corp.,XNYS,CS,True
AIRE,reAlpha Tech Corp. Common Stock,XNAS,CS,True
AIRG,"Airgain, Inc. Common Stock",XNAS,CS,True
AIRJ,AirJoule Technologies Corporation Class A Common Stock,XNAS,CS,True
AIRO,"AIRO Group Holdings, Inc. Common Stock",XNAS,CS,True
AIRS,"AirSculpt Technologies, Inc. Common Stock",XNAS,CS,True
AIRT,Air T Inc,XNAS,CS,True
AISP,"Airship AI Holdings, Inc. Class A Common Stock",XNAS,CS,True
AIT,"Applied Industrial Technologies, Inc.",XNYS,CS,True
AIV,Apartment Investment and Management Company,XNYS,CS,True
AIXC,"AIxCrypto Holdings, Inc. Common Stock",XNAS,CS,True
AIZ,"Assurant, Inc.",XNYS,CS,True
AJG,Arthur J. Gallagher & Co.,XNYS,CS,True
AKA,a.k.a. Brands Holding Corp.,XNYS,CS,True
AKAM,Akamai Technologies Inc,XNAS,CS,True
AKAN,Akanda Corp. Common Shares,XNAS,CS,True
AKBA,"Akebia Therapeutics, Inc.",XNAS,CS,True
AKTX,Akari Therapeutics plc ADR (0.01 USD),XNAS,ADRC,True
AL,Air Lease Corporation,XNYS,CS,True
ALAB,"Astera Labs, Inc. Common Stock",XNAS,CS,True
ALAR,Alarum Technologies Ltd. American Depositary Share,XNAS,ADRC,True
ALB,Albemarle Corporation,XNYS,CS,True
ALBT,Avalon GloboCare Corp. Common Stock,XNAS,CS,True
ALC,Alcon Inc. Ordinary Shares,XNYS,CS,True
ALCO,Alico Inc,XNAS,CS,True
ALCY,Alchemy Investments Acquisition Corp 1 Class A Ordinary Shares,XNAS,CS,True
ALDF,Aldel Financial II Inc. Class A Ordinary Shares,XNAS,CS,True
ALDX,"Aldeyra Therapeutics, Inc.",XNAS,CS,True
ALEC,"Alector, Inc. Common Stock",XNAS,CS,True
ALEX,"Alexander & Baldwin, Inc.",XNYS,CS,True
ALF,Centurion Acquisition Corp. Class A Ordinary Shares,XNAS,CS,True
ALG,"Alamo Group, Inc.",XNYS,CS,True
ALGM,"Allegro MicroSystems, Inc. Common Stock",XNAS,CS,True
ALGN,Align Technology Inc,XNAS,CS,True
ALGS,"Aligos Therapeutics, Inc. Common Stock",XNAS,CS,True
ALGT,Allegiant Travel Company,XNAS,CS,True
ALH,Alliance Laundry Holdings Inc.,XNYS,CS,True
ALHC,"Alignment Healthcare, Inc. Common Stock",XNAS,CS,True
ALIS,Calisa Acquisition Corp Ordinary shares,XNAS,CS,True
ALIT,"Alight, Inc.",XNYS,CS,True
ALK,"Alaska Air Group, Inc.",XNYS,CS,True
ALKS,Alkermes Inc. plc,XNAS,CS,True
ALKT,"Alkami Technology, Inc. Common Stock",XNAS,CS,True
ALL,The Allstate Corporation,XNYS,CS,True
ALLE,Allegion Public Limited Company,XNYS,CS,True
ALLO,"Allogene Therapeutics, Inc. Common Stock",XNAS,CS,True
ALLR,"Allarity Therapeutics, Inc. Common Stock",XNAS,CS,True
ALLT,Allot Ltd. Ordinary Shares,XNAS,CS,True
ALLY,Ally Financial Inc.,XNYS,CS,True
ALM,Almonty Industries Inc. Common Shares,XNAS,CS,True
ALMS,Alumis Inc. Common Stock,XNAS,CS,True
ALMU,"Aeluma, Inc. Common Stock",XNAS,CS,True
ALNT,Allient Inc. Common Stock,XNAS,CS,True
ALNY,"Alnylam Pharmaceuticals, Inc.",XNAS,CS,True
ALOT,"AstroNova, Inc. Common Stock",XNAS,CS,True
ALPS,ALPS Group Inc Ordinary Share,XNAS,CS,True
ALRM,"Alarm.com Holdings, Inc.",XNAS,CS,True
ALSN,"ALLISON TRANSMISSION HOLDINGS, INC.",XNYS,CS,True
ALT,"Altimmune, Inc. Common Stock",XNAS,CS,True
ALTG,Alta Equipment Group Inc.,XNYS,CS,True
ALTI,"AlTi Global, Inc. Class A Common Stock",XNAS,CS,True
ALTO,"Alto Ingredients, Inc. Common Stock",XNAS,CS,True
ALTS,ALT5 Sigma Corporation Common Stock,XNAS,CS,True
ALUB,Alussa Energy Acquisition Corp. II,XNYS,CS,True
ALUR,"Allurion Technologies, Inc.",XNYS,CS,True
ALV,"Autoliv, Inc.",XNYS,CS,True
ALVO,Alvotech Ordinary Shares,XNAS,CS,True
ALX,Alexander's Inc.,XNYS,CS,True
ALXO,ALX Oncology Holdings Inc. Common Stock,XNAS,CS,True
ALZN,"Alzamend Neuro, Inc. Common Stock",XNAS,CS,True
AM,Antero Midstream Corporation Common Stock,XNYS,CS,True
AMAT,Applied Materials Inc,XNAS,CS,True
AMBA,"Ambarella, Inc. Ordinary Shares",XNAS,CS,True
AMBP,Ardagh Metal Packaging S.A.,XNYS,CS,True
AMBQ,"Ambiq Micro, Inc.",XNYS,CS,True
AMC,"AMC ENTERTAINMENT HOLDINGS, INC.",XNYS,CS,True
AMCI,AMC Robotics Corporation Common Stock,XNAS,CS,True
AMCR,Amcor plc Ordinary Shares,XNYS,CS,True
AMCX,AMC Networks Inc. Class A,XNAS,CS,True
AMD,Advanced Micro Devices,XNAS,CS,True
AME,"Ametek, Inc.",XNYS,CS,True
AMG,Affiliated Managers Group,XNYS,CS,True
AMGN,Amgen Inc,XNAS,CS,True
AMH,AMERICAN HOMES 4 RENT,XNYS,CS,True
AMIX,"Autonomix Medical, Inc. Common Stock",XNAS,CS,True
AMKR,Amkor Technology Inc,XNAS,CS,True
AMLX,"Amylyx Pharmaceuticals, Inc. Common Stock",XNAS,CS,True
AMN,AMN Healthcare Services,XNYS,CS,True
AMOD,"Alpha Modus Holdings, Inc. Class A Common Stock",XNAS,CS,True
AMP,"Ameriprise Financial, Inc.",XNYS,CS,True
AMPG,AMPLITECH GROUP INC. COM,XNAS,CS,True
AMPH,"Amphastar Pharmaceuticals, Inc.",XNAS,CS,True
AMPL,"Amplitude, Inc. Class A Common Stock",XNAS,CS,True
AMPX,"Amprius Technologies, Inc.",XNYS,CS,True
AMPY,Amplify Energy Corp.,XNYS,CS,True
AMR,"Alpha Metallurgical Resources, Inc.",XNYS,CS,True
AMRC,"Ameresco, Inc.",XNYS,CS,True
AMRN,Amarin Corp Plc,XNAS,ADRC,True
AMRX,"Amneal Pharmaceuticals, Inc. Class A Common Stock",XNAS,CS,True
AMRZ,Amrize Ltd,XNYS,CS,True
AMSC,American Superconductor Corp,XNAS,CS,True
AMSF,"AMERISAFE, Inc.",XNAS,CS,True
AMST,Amesite Inc.,XNAS,CS,True
AMT,American Tower Corporation,XNYS,CS,True
AMTM,"Amentum Holdings, Inc.",XNYS,CS,True
AMTX,"Aemetis, Inc. (DE) Common Stock",XNAS,CS,True
AMWD,American Woodmark Corp,XNAS,CS,True
AMWL,American Well Corporation,XNYS,CS,True
AMZN,Amazon.Com Inc,XNAS,CS,True
AN,"AutoNation, Inc.",XNYS,CS,True
ANAB,"AnaptysBio, Inc. Common Stock",XNAS,CS,True
ANDE,Andersons Inc/The,XNAS,CS,True
ANDG,Andersen Group Inc.,XNYS,CS,True
ANEB,"Anebulo Pharmaceuticals, Inc. Common Stock",XNAS,CS,True
ANET,Arista Networks,XNYS,CS,True
ANF,Abercrombie & Fitch Co.,XNYS,CS,True
ANGH,Anghami Inc. Ordinary Shares,XNAS,CS,True
ANGI,Angi Inc. Class A Common Stock,XNAS,CS,True
ANGO,"AngioDynamics, Inc.",XNAS,CS,True
ANGX,"Angel Studios, Inc.",XNYS,CS,True
ANIK,Anika Therapeutics Inc,XNAS,CS,True
ANIP,"ANI Pharmaceuticals, Inc.",XNAS,CS,True
ANIX,"Anixa Biosciences, Inc.",XNAS,CS,True
ANNA,"AleAnna, Inc. Class A Common Stock",XNAS,CS,True
ANNX,"Annexon, Inc. Common Stock",XNAS,CS,True
ANPA,Rich Sparkle Holdings Limited Ordinary Shares,XNAS,CS,True
ANRO,Alto Neuroscience Inc.,XNYS,CS,True
ANSC,Agriculture & Natural Solutions Acquisition Corporation Class A Ordinary Shares,XNAS,CS,True
ANTA,Antalpha Platform Holding Company Class A Ordinary Shares,XNAS,CS,True
ANTX,"AN2 Therapeutics, Inc. Common Stock",XNAS,CS,True
ANVS,"Annovis Bio, Inc.",XNYS,CS,True
ANY,Sphere 3D Corp. Common Shares,XNAS,CS,True
AON,Aon plc Class A,XNYS,CS,True
AORT,"Artivion, Inc.",XNYS,CS,True
AOS,A.O. Smith Corporation,XNYS,CS,True
AOSL,Alpha and Omega Semiconductor Limited,XNAS,CS,True
AOUT,"American Outdoor Brands, Inc. Common Stock",XNAS,CS,True
AP,Ampco-Pittsburgh Corp.,XNYS,CS,True
APA,APA Corporation Common Stock,XNAS,CS,True
APAC,StoneBridge Acquisition II Corporation Class A Ordinary Shares,XNAS,CS,True
APAD,A Paradise Acquisition Corp. Class A Ordinary Shares,XNAS,CS,True
APAM,ARTISAN PARTNERS ASSET MANAGEMENT INC.,XNYS,CS,True
APD,"Air Products & Chemicals, Inc.",XNYS,CS,True
APEI,"American Public Education, Inc.",XNAS,CS,True
APG,APi Group Corporation,XNYS,CS,True
APGE,"Apogee Therapeutics, Inc. Common Stock",XNAS,CS,True
APH,Amphenol Corporation,XNYS,CS,True
APLD,Applied Digital Corporation Common Stock,XNAS,CS,True
APLM,Apollomics Inc. Class A Ordinary Shares,XNAS,CS,True
APLS,"Apellis Pharmaceuticals, Inc. Common Stock",XNAS,CS,True
APLT,"Applied Therapeutics, Inc. Common Stock",XNAS,CS,True
APM,Aptorum Group Limited Class A Ordinary Shares,XNAS,CS,True
APO,"Apollo Global Management, Inc.",XNYS,CS,True
APOG,Apogee Enterprises Inc,XNAS,CS,True
APP,Applovin Corporation Class A Common Stock,XNAS,CS,True
APPF,"AppFolio, Inc. Class A",XNAS,CS,True
APPN,Appian Corporation Class A Common Stock,XNAS,CS,True
APPS,"Digital Turbine, Inc.",XNAS,CS,True
APRE,"Aprea Therapeutics, Inc. Common stock",XNAS,CS,True
APTV,Aptiv PLC,XNYS,CS,True
APVO,Aptevo Therapeutics Inc,XNAS,CS,True
APWC,Asia Pacific Wire & Cable Corp,XNAS,CS,True
APXT,Apex Treasury Corporation Class A Ordinary Share,XNAS,CS,True
APYX,Apyx Medical Corporation Common Stock,XNAS,CS,True
AQB,"AquaBounty Technologies, Inc.",XNAS,CS,True
AQMS,"Aqua Metals, Inc. Common Stock",XNAS,CS,True
AQN,Algonquin Power & Utilities Corp,XNYS,CS,True
AQST,"Aquestive Therapeutics, Inc. Common Stock",XNAS,CS,True
AR,ANTERO RESOURCES CORPORATION,XNYS,CS,True
ARAI,Arrive AI Inc. Common Stock,XNAS,CS,True
ARAY,Accuray Incorporated,XNAS,CS,True
ARBB,ARB IOT Group Limited Ordinary Shares,XNAS,CS,True
ARBE,Arbe Robotics Ltd. Ordinary Shares,XNAS,CS,True
ARCB,ArcBest Corporation,XNAS,CS,True
ARCC,Ares Capital Corporation,XNAS,CS,True
ARCO,ARCOS DORADOS HOLDINGS INC.,XNYS,CS,True
ARCT,Arcturus Therapeutics Holdings Inc. Common Stock,XNAS,CS,True
ARDT,"Ardent Health, Inc.",XNYS,CS,True
ARDX,"Ardelyx, Inc.",XNAS,CS,True
AREB,"American Rebel Holdings, Inc. Common Stock",XNAS,CS,True
AREC,AMERICAN RESOURCES CORP,XNAS,CS,True
ARES,Ares Management Corporation Class A Common Stock,XNYS,CS,True
ARHS,"Arhaus, Inc. Class A Common Stock",XNAS,CS,True
ARKO,ARKO Corp. Common Stock,XNAS,CS,True
ARKR,Ark Restaurants Corp,XNAS,CS,True
ARLO,"Arlo Technologies, Inc.",XNYS,CS,True
ARLP,Alliance Resource Partners LP,XNAS,CS,True
ARMK,ARAMARK,XNYS,CS,True
AROC,Archrock Inc,XNYS,CS,True
ARQ,"Arq, Inc. Common Stock",XNAS,CS,True
ARQQ,Arqit Quantum Inc. Ordinary Shares,XNAS,CS,True
ARQT,"Arcutis Biotherapeutics, Inc. Common Stock",XNAS,CS,True
ARRY,"Array Technologies, Inc. Common Stock",XNAS,CS,True
ARTL,"Artelo Biosciences, Inc. Common Stock",XNAS,CS,True
ARTNA,Artesian Resources Corp,XNAS,CS,True
ARTV,"Artiva Biotherapeutics, Inc. Common Stock",XNAS,CS,True
ARTW,Arts-Way Manufacturing Co Inc,XNAS,CS,True
ARVN,"Arvinas, Inc",XNAS,CS,True
ARW,"Arrow Electronics, Inc.",XNYS,CS,True
ARWR,Arrowhead Research Corporation,XNAS,CS,True
ARX,Accelerant Holdings,XNYS,CS,True
AS,"Amer Sports, Inc.",XNYS,CS,True
ASAN,"Asana, Inc. Class A Common Stock",XNYS,CS,True
ASB,Associated Banc-Corp,XNYS,CS,True
ASBP,"Aspire Biopharma Holdings, Inc. Common Stock",XNAS,CS,True
ASC,ARDMORE SHIPPING CORPORATION,XNYS,CS,True
ASGN,ASGN Incorporated,XNYS,CS,True
ASH,Ashland Inc.,XNYS,CS,True
ASIC,Ategrity Specialty Insurance Company Holdings,XNYS,CS,True
ASIX,AdvanSix Inc.,XNYS,CS,True
ASLE,AerSale Corporation Common Stock,XNAS,CS,True
ASMB,"Assembly Biosciences, Inc",XNAS,CS,True
ASML,ASML Holding NV,XNAS,ADRC,True
ASNS,"Actelis Networks, Inc. Common Stock",XNAS,CS,True
ASO,"Academy Sports and Outdoors, Inc.",XNAS,CS,True
ASPC,A SPAC III Acquisition Corp. Class A Ordinary Shares,XNAS,CS,True
ASPI,ASP Isotopes Inc. Common Stock,XNAS,CS,True
ASPN,"Aspen Aerogels, Inc.",XNYS,CS,True
ASPS,Altisource Portfolio Solutions S.A.,XNAS,CS,True
ASRT,"Assertio Holdings, Inc. Common Stock",XNAS,CS,True
ASRV,AmeriServ Financial Inc,XNAS,CS,True
ASST,"Strive, Inc. Class A Common Stock",XNAS,CS,True
ASTC,Astrotech Corporation (DE) Common Stock,XNAS,CS,True
ASTE,Astec Industries Inc,XNAS,CS,True
ASTH,Astrana Health Inc. Common Stock,XNAS,CS,True
ASTI,"Ascent Solar Technologies, Inc. Common Stock",XNAS,CS,True
ASTL,Algoma Steel Group Inc. Common Shares,XNAS,CS,True
ASTS,"AST SpaceMobile, Inc. Class A Common Stock",XNAS,CS,True
ASUR,"Asure Software, Inc",XNAS,CS,True
ASX,"ASE Technology Holding Co., Ltd.",XNYS,ADRC,True
ASYS,Amtech Systems Inc,XNAS,CS,True
ATAI,AtaiBeckley Inc. Common Stock,XNAS,CS,True
ATEC,"Alphatec Holdings, Inc.",XNAS,CS,True
ATEN,A10 NETWORKS INC,XNYS,CS,True
ATER,"Aterian, Inc. Common Stock",XNAS,CS,True
ATEX,Anterix Inc. Common Stock,XNAS,CS,True
ATGE,Adtalem Global Education Inc. Common Shares,XNYS,CS,True
ATGL,Alpha Technology Group Limited Class A Ordinary Shares,XNAS,CS,True
ATHA,"Athira Pharma, Inc. Common Stock",XNAS,CS,True
ATHR,"Aether Holdings, Inc. Common Stock",XNAS,CS,True
ATI,ATI Inc.,XNYS,CS,True
ATII,Archimedes Tech SPAC Partners II Co. Ordinary Shares,XNAS,CS,True
ATKR,Atkore Inc.,XNYS,CS,True
ATLC,Atlanticus Holdings Corporation,XNAS,CS,True
ATLCL,Atlanticus Holdings Corporation 6.125% Senior Notes due 2026,XNAS,CS,True
ATLCZ,Atlanticus Holdings Corporation 9.25% Senior Notes due 2029,XNAS,CS,True
ATLN,Atlantic International Corp. Common Stock,XNAS,CS,True
ATLO,AMES National Corp,XNAS,CS,True
ATLX,Atlas Lithium Corporation Common Stock,XNAS,CS,True
ATMU,Atmus Filtration Technologies Inc.,XNYS,CS,True
ATNI,"ATN International, Inc",XNAS,CS,True
ATO,Atmos Energy Corporation,XNYS,CS,True
ATOM,Atomera Incorporated Common Stock,XNAS,CS,True
ATON,AlphaTON Capital Corp. Common Stock,XNAS,CS,True
ATOS,"Atossa Therapeutics, Inc. Common Stock",XNAS,CS,True
ATPC,Agape ATP Corporation Common Stock,XNAS,CS,True
ATR,"AptarGroup, Inc.",XNYS,CS,True
ATRA,"Atara Biotherapeutics, Inc",XNAS,CS,True
ATRC,"AtriCure, Inc.",XNAS,CS,True
ATRO,Astronics Corp,XNAS,CS,True
ATS,ATS Corporation,XNYS,CS,True
ATXG,Addentax Group Corp. Common Stock,XNAS,CS,True
ATXS,"Astria Therapeutics, Inc. Common Stock",XNAS,CS,True
ATYR,"aTyr Pharma, Inc. Common Stock",XNAS,CS,True
AU,AngloGold Ashanti plc,XNYS,CS,True
AUB,Atlantic Union Bankshares Corporation,XNYS,CS,True
AUDC,AudioCodes Ltd,XNAS,CS,True
AUGO,Aura Minerals Inc. Common Shares,XNAS,CS,True
AUID,authID Inc. Common Stock,XNAS,CS,True
AUNA,Auna S.A.,XNYS,CS,True
AUPH,Aurinia Pharmaceuticals Inc,XNAS,CS,True
AUR,"Aurora Innovation, Inc. Class A Common Stock",XNAS,CS,True
AURA,"Aura Biosciences, Inc. Common Stock",XNAS,CS,True
AURE,Aurelion Inc. Class A Ordinary Shares,XNAS,CS,True
AUTL,Autolus Therapeutics plc American Depositary Share,XNAS,ADRC,True
AUUD,Auddia Inc. Common Stock,XNAS,CS,True
AVA,Avista Corporation,XNYS,CS,True
AVAH,Aveanna Healthcare Holdings Inc. Common Stock,XNAS,CS,True
AVAL,GRUPO AVAL ACCIONES Y VALORES S.A.,XNYS,ADRC,True
AVAV,"AeroVironment, Inc.",XNAS,CS,True
AVB,"AvalonBay Communities, Inc.",XNYS,CS,True
AVBH,"Avidbank Holdings, Inc. Common stock",XNAS,CS,True
AVBP,"ArriVent BioPharma, Inc. Common Stock",XNAS,CS,True
AVD,American Vanguard Corporation,XNYS,CS,True
AVDL,Avadel Pharmaceuticals plc Ordinary Share,XNAS,CS,True
AVGO,Broadcom Inc. Common Stock,XNAS,CS,True
AVIR,"Atea Pharmaceuticals, Inc. Common Stock",XNAS,CS,True
AVNS,"Avanos Medical, Inc.",XNYS,CS,True
AVNT,Avient Corporation,XNYS,CS,True
AVNW,"Aviat Networks, Inc.",XNAS,CS,True
AVO,"Mission Produce, Inc. Common Stock",XNAS,CS,True
AVPT,"AvePoint, Inc. Class A Common Stock",XNAS,CS,True
AVR,Anteris Technologies Global Corp. Common Stock,XNAS,CS,True
AVT,"Avnet, Inc.",XNAS,CS,True
AVTR,"Avantor, Inc.",XNYS,CS,True
AVTX,"Avalo Therapeutics, Inc. Common Stock",XNAS,CS,True
AVX,Avax One Technology Ltd. Common Shares,XNAS,CS,True
AVXL,Anavex Life Sciences,XNAS,CS,True
AVY,Avery Dennison Corp.,XNYS,CS,True
AWI,"Armstrong World Industries, Inc.",XNYS,CS,True
AWRE,Aware Inc,XNAS,CS,True
AX,"Axos Financial, Inc. Common Stock",XNYS,CS,True
AXG,Solowin Holdings Class A Ordinary Share,XNAS,CS,True
AXGN,"Axogen, Inc. Common Stock",XNAS,CS,True
AXIN,Axiom Intelligence Acquisition Corp 1 Class A Ordinary Shares,XNAS,CS,True
AXL,"American Axle & Manufacturing Holdings, Inc.",XNYS,CS,True
AXON,"Axon Enterprise, Inc. Common Stock",XNAS,CS,True
AXP,American Express Company,XNYS,CS,True
AXR,AMREP Corporation,XNYS,CS,True
AXS,Axis Capital Holders Limited,XNYS,CS,True
AXSM,"Axsome Therapeutics, Inc",XNAS,CS,True
AXTA,Axalta Coating Systems Ltd.,XNYS,CS,True
AXTI,AXT Inc,XNAS,CS,True
AYI,Acuity Inc.,XNYS,CS,True
AYTU,"AYTU BioPharma, Inc. Common Stock",XNAS,CS,True
AZ,A2Z Cust2Mate Solutions Corp. Common Shares,XNAS,CS,True
AZI,Autozi Internet Technology (Global) Ltd. Class A Ordinary Shares,XNAS,CS,True
AZN,AstraZeneca PLC,XNAS,ADRC,True
AZO,"AutoZone, Inc.",XNYS,CS,True
AZTA,"Azenta, Inc.",XNAS,CS,True
AZZ,AZZ Inc.,XNYS,CS,True
B,Barrick Mining Corporation,XNYS,CS,True
BA,Boeing Company,XNYS,CS,True
BAC,Bank of America Corporation,XNYS,CS,True
BACC,Blue Acquisition Corp. Class A Ordinary Shares,XNAS,CS,True
BACQ,Inflection Point Acquisition Corp. IV Class A Ordinary Shares,XNAS,CS,True
BAER,"Bridger Aerospace Group Holdings, Inc. Common Stock",XNAS,CS,True
BAH,Booz Allen Hamilton Holding Corporation,XNYS,CS,True
BALL,Ball Corporation,XNYS,CS,True
BALY,Bally's Corporation,XNYS,CS,True
BAM,Brookfield Asset Management Ltd.,XNYS,CS,True
BANC,"Banc of California, Inc.",XNYS,CS,True
BAND,Bandwidth Inc. Class A Common Stock,XNAS,CS,True
BANF,Bancfirst Corp,XNAS,CS,True
BANL,CBL International Limited Ordinary Shares,XNAS,CS,True
BANR,Banner Corp.,XNAS,CS,True
BAOS,Baosheng Media Group Holdings Limited Ordinary shares,XNAS,CS,True
BAP,Credicorp LTD,XNYS,CS,True
BARK,"BARK, Inc.",XNYS,CS,True
BAX,Baxter International Inc.,XNYS,CS,True
BAYA,Bayview Acquisition Corp Class A Ordinary Shares,XNAS,CS,True
BB,BlackBerry Limited,XNYS,CS,True
BBAI,"BigBear.ai Holdings, Inc.",XNYS,CS,True
BBAR,Banco BBVA Argentina S.A.,XNYS,ADRC,True
BBBY,"Bed Bath & Beyond, Inc.",XNYS,CS,True
BBCP,"Concrete Pumping Holdings, Inc. Common Stock",XNAS,CS,True
BBGI,Beasley Broadcasting Group Inc,XNAS,CS,True
BBIO,"BridgeBio Pharma, Inc. Common Stock",XNAS,CS,True
BBLG,Bone Biologics Corp Common Stock,XNAS,CS,True
BBNX,"Beta Bionics, Inc. Common Stock",XNAS,CS,True
BBOT,"BridgeBio Oncology Therapeutics, Inc. Common Stock",XNAS,CS,True
BBSI,Barrett Business Services,XNAS,CS,True
BBU,Brookfield Business Partners L.P.Limited Partnership Units,XNYS,CS,True
BBUC,Brookfield Business Corporation Class A Exchangeable Subordinate Voting Shares,XNYS,CS,True
BBVA,"Banco Bilbao Vizcaya Argentaria, S.A.",XNYS,ADRC,True
BBW,"Build-A-Bear Workshop, Inc.",XNYS,CS,True
BBWI,"Bath & Body Works, Inc.",XNYS,CS,True
BBY,"Best Buy Company, Inc.",XNYS,CS,True
BC,Brunswick Corporation,XNYS,CS,True
BCAB,"BioAtla, Inc. Common Stock",XNAS,CS,True
BCAR,D. Boral ARC Acquisition I Corp. Class A Ordinary Shares,XNAS,CS,True
BCAX,Bicara Therapeutics Inc. Common Stock,XNAS,CS,True
BCC,Boise Cascade Company,XNYS,CS,True
BCDA,"BioCardia, Inc. Common Stock",XNAS,CS,True
BCE,"BCE, Inc.",XNYS,CS,True
BCG,"Binah Capital Group, Inc. Common Stock",XNAS,CS,True
BCIC,BCP Investment Corporation Common Stock,XNAS,CS,True
BCML,BayCom Corp Common Stock,XNAS,CS,True
BCO,The Brink's Company,XNYS,CS,True
BCPC,Balchem Corporation,XNAS,CS,True
BCRX,BioCryst Pharmaceuticals Inc,XNAS,CS,True
BCS,Barclays PLC,XNYS,ADRC,True
BCSF,"Bain Capital Specialty Finance, Inc.",XNYS,CS,True
BCSS,Bain Capital GSS Investment Corp.,XNYS,CS,True
BCTX,Briacell Therapeutics Corp. Common Shares,XNAS,CS,True
BDC,Belden Inc.,XNYS,CS,True
BDCI,BTC Development Corp. Class A Ordinary Shares,XNAS,CS,True
BDMD,Baird Medical Investment Holdings Ltd Ordinary Share,XNAS,CS,True
BDRX,Biodexa Pharmaceuticals plc American Depositary Shs,XNAS,ADRC,True
BDSX,"Biodesix, Inc. Common Stock",XNAS,CS,True
BDTX,"Black Diamond Therapeutics, Inc. Common Stock",XNAS,CS,True
BDX,"Becton, Dickinson and Co.",XNYS,CS,True
BE,Bloom Energy Corporation,XNYS,CS,True
BEAG,Bold Eagle Acquisition Corp. Class A Ordinary Shares,XNAS,CS,True
BEAM,Beam Therapeutics Inc. Common Stock,XNAS,CS,True
BEAT,"Heartbeam, Inc. Common Stock",XNAS,CS,True
BEEM,Beam Global Common Stock,XNAS,CS,True
BEEP,Mobile Infrastructure Corporation Common Stock,XNAS,CS,True
BELFA,Bel Fuse Inc,XNAS,CS,True
BELFB,Bel Fuse Inc,XNAS,CS,True
BEN,"Franklin Resources, Inc.",XNYS,CS,True
BENF,Beneficient Class A Common Stock,XNAS,CS,True
BEP,Brookfield Renewable Partners L.P.,XNYS,CS,True
BEPC,Brookfield Renewable Corporation Class A Exchangeable Subordinate Voting Shares,XNYS,CS,True
BETA,"Beta Technologies, Inc.",XNYS,CS,True
BETR,Better Home & Finance Holding Company Class A Common Stock,XNAS,CS,True
BF.A,Brown-Forman Corporation Class A,XNYS,CS,True
BF.B,Brown-Forman Corporation Class B,XNYS,CS,True
BFAM,BRIGHT HORIZONS FAMILY SOLUTIONS INC.,XNYS,CS,True
BFC,Bank First Corporation Common Stock,XNAS,CS,True
BFH,"Bread Financial Holdings, Inc.",XNYS,CS,True
BFLY,"Butterfly Network, Inc.",XNYS,CS,True
BFRG,"Bullfrog AI Holdings, Inc. Common Stock",XNAS,CS,True
BFRI,Biofrontera Inc. Common Stock,XNAS,CS,True
BFS,"Saul Centers, Inc.",XNYS,CS,True
BG,Bunge Global SA,XNYS,CS,True
BGC,"BGC Group, Inc. Class A Common Stock",XNAS,CS,True
BGIN,Bgin Blockchain Limited Class A Ordinary Shares,XNAS,CS,True
BGL,Blue Gold Limited Class A Ordinary Shares,XNAS,CS,True
BGLC,BioNexus Gene Lab Corp Common stock,XNAS,CS,True
BGM,BGM Group Ltd. Class A Ordinary Shares,XNAS,CS,True
BGMS,"Bio Green Med Solution, Inc. Common Stock",XNAS,CS,True
BGS,"B&G Foods, Inc.",XNYS,CS,True
BGSF,"BGSF, Inc.",XNYS,CS,True
BGSI,Boyd Group Services Inc.,XNYS,CS,True
BH,Biglari Holdings Inc. Class B Common Stock,XNYS,CS,True
BH.A,Biglari Holdings Inc. Class A Common Stock,XNYS,CS,True
BHAT,Blue Hat Interactive Entertainment Technology Ordinary Shares,XNAS,CS,True
BHC,Bausch Health Companies Inc,XNYS,CS,True
BHE,Benchmark Electronics,XNYS,CS,True
BHF,"Brighthouse Financial, Inc.",XNAS,CS,True
BHFAL,"Brighthouse Financial, Inc. 6.25% Junior Subordinated Debentures due 2058",XNAS,CS,True
BHR,Braemar Hotels & Resorts Inc. Common Stock,XNYS,CS,True
BHRB,Burke & Herbert Financial Services Corp. Common Stock,XNAS,CS,True
BHST,BioHarvest Sciences Inc. Common Stock,XNAS,CS,True
BHVN,Biohaven Ltd.,XNYS,CS,True
BIAF,"bioAffinity Technologies, Inc. Common Stock",XNAS,CS,True
BIDU,"Baidu, Inc.",XNAS,ADRC,True
BIIB,Biogen Inc. Common Stock,XNAS,CS,True
BILL,"BILL Holdings, Inc.",XNYS,CS,True
BIO,"Bio-Rad Laboratories, Inc.Class A",XNYS,CS,True
BIO.B,"Bio-Rad Laboratories, Inc. Class B",XNYS,CS,True
BIOA,"BioAge Labs, Inc. Common Stock",XNAS,CS,True
BIOX,Bioceres Crop Solutions Corp. Ordinary Shares,XNAS,CS,True
BIP,Brookfield Infrastructure Partners L.P. Limited Partnership Units,XNYS,CS,True
BIPC,Brookfield Infrastructure Corporation Class A Exchangeable Subordinate Voting Shares,XNYS,CS,True
BIRD,"Allbirds, Inc. Class A Common Stock",XNAS,CS,True
BIRK,Birkenstock Holding plc,XNYS,CS,True
BITF,Bitfarms Ltd. Common Stock,XNAS,CS,True
BIVI,"BioVie, Inc. Common Stock",XNAS,CS,True
BIXI,Bitcoin Infrastructure Acquisition Corp Ltd. Class A Ordinary Shares,XNAS,CS,True
BIYA,Baiya International Group Inc. Ordinary Shares,XNAS,CS,True
BJ,"BJs Wholesale Club Holdings, Inc. Common Stock",XNYS,CS,True
BJDX,"Bluejay Diagnostics, Inc. Common Stock",XNAS,CS,True
BJRI,"BJ's Restaurants, Inc.",XNAS,CS,True
BK,Bank of New York Mellon Corporation,XNYS,CS,True
BKD,"Brookdale Senior Living, Inc.",XNYS,CS,True
BKE,"The Buckle, Inc.",XNYS,CS,True
BKH,Black Hills Corporation,XNYS,CS,True
BKHA,Black Hawk Acquisition Corporation Class A Ordinary Shares,XNAS,CS,True
BKKT,"Bakkt Holdings, Inc.",XNYS,CS,True
BKNG,Booking Holdings Inc. Common Stock,XNAS,CS,True
BKR,Baker Hughes Company,XNAS,CS,True
BKSY,BlackSky Technology Inc.,XNYS,CS,True
BKU,"Bankunited, Inc.",XNYS,CS,True
BKV,BKV Corporation,XNYS,CS,True
BKYI,"BIO-key International, Inc. Common Stock",XNAS,CS,True
BL,"BlackLine, Inc. Common Stock",XNAS,CS,True
BLBD,Blue Bird Corporation Common Stock,XNAS,CS,True
BLBX,Blackboxstocks Inc. Common Stock,XNAS,CS,True
BLCO,Bausch + Lomb Corporation,XNYS,CS,True
BLD,TopBuild Corp. Common Stock,XNYS,CS,True
BLDP,Ballard Power Systems Inc.,XNAS,CS,True
BLDR,"Builders FirstSource, Inc.",XNYS,CS,True
BLFS,BioLife Solutions Inc.,XNAS,CS,True
BLIN,Bridgeline Digital Inc.,XNAS,CS,True
BLIV,BeLive Holdings Ordinary Share,XNAS,CS,True
BLK,"Blackrock, Inc.",XNYS,CS,True
BLKB,"Blackbaud, Inc.",XNAS,CS,True
BLLN,"BillionToOne, Inc. Class A Common Stock",XNAS,CS,True
BLMN,"Bloomin' Brands, Inc. Common Stock",XNAS,CS,True
BLND,"Blend Labs, Inc.",XNYS,CS,True
BLNE,"Beeline Holdings, Inc. Common Stock",XNAS,CS,True
BLNK,Blink Charging Co. Common Stock,XNAS,CS,True
BLRX,BioLineRX Ltd,XNAS,ADRC,True
BLSH,Bullish,XNYS,CS,True
BLX,"Banco Latinoamericano de Comercio Exterior, S.A",XNYS,CS,True
BLZE,"Backblaze, Inc. Class A Common Stock",XNAS,CS,True
BLZR,Trailblazer Acquisition Corp. Class A Ordinary Shares,XNAS,CS,True
BMA,Banco Macro S.A.,XNYS,ADRC,True
BMBL,Bumble Inc. Class A Common Stock,XNAS,CS,True
BMEA,"Biomea Fusion, Inc. Common Stock",XNAS,CS,True
BMGL,Basel Medical Group Ltd Ordinary Shares,XNAS,CS,True
BMHL,Bluemount Holdings Limited Class B Ordinary Shares,XNAS,CS,True
BMI,"Badger Meter, Inc.",XNYS,CS,True
BMO,Bank of Montreal,XNYS,CS,True
BMR,Beamr Imaging Ltd. Ordinary Share,XNAS,CS,True
BMRA,BIOMERICA INC,XNAS,CS,True
BMRN,BioMarin Pharmaceuticals Inc,XNAS,CS,True
BMY,Bristol-Myers Squibb Co.,XNYS,CS,True
BN,Brookfield Corporation,XNYS,CS,True
BNAI,Brand Engagement Network Inc. Common Stock,XNAS,CS,True
BNBX,BNB Plus Corp. Common Stock,XNAS,CS,True
BNC,CEA Industries Inc. Common Stock,XNAS,CS,True
BNED,"Barnes & Noble Education, Inc",XNYS,CS,True
BNGO,"Bionano Genomics, Inc. Common Stock",XNAS,CS,True
BNKK,"Bonk, Inc. Common Stock",XNAS,CS,True
BNL,"Broadstone Net Lease, Inc.",XNYS,CS,True
BNRG,Brenmiller Energy Ltd Ordinary Shares,XNAS,CS,True
BNS,Bank of Nova Scotia,XNYS,CS,True
BNT,Brookfield Wealth Solutions Ltd.,XNYS,CS,True
BNTC,Benitec Biopharma Inc. Common Stock,XNAS,CS,True
BNTX,BioNTech SE American Depositary Share,XNAS,ADRC,True
BNZI,"Banzai International, Inc. Class A Common Stock",XNAS,CS,True
BOC,Boston Omaha Corporation,XNYS,CS,True
BODI,"The Beachbody Company, Inc. Class A Common Stock",XNAS,CS,True
BOF,BranchOut Food Inc. Common Stock,XNAS,CS,True
BOH,Bank of Hawaii Corp.,XNYS,CS,True
BOLD,"Boundless Bio, Inc. Common Stock",XNAS,CS,True
BOLT,"Bolt Biotherapeutics, Inc. Common Stock",XNAS,CS,True
BON,Bon Natural Life Limited Class A Ordinary Shares,XNAS,CS,True
BOOM,DMC Global Inc. Common Stock,XNAS,CS,True
BOOT,"Boot Barn Holdings, Inc.",XNYS,CS,True
BORR,Borr Drilling Limited,XNYS,CS,True
BOSC,B.O.S. Better On-Line Solutions Ltd.,XNAS,CS,True
BOTJ,"Bank of the James Financial Group, Inc",XNAS,CS,True
BOW,Bowhead Specialty Holdings Inc.,XNYS,CS,True
BOX,"BOX, INC.",XNYS,CS,True
BOXL,Boxlight Corporation Class A Common Stock,XNAS,CS,True
BP,BP p.l.c.,XNYS,ADRC,True
BPAC,Blueport Acquisition Ltd Class A Ordinary Shares,XNAS,CS,True
BPOP,Popular Inc,XNAS,CS,True
BR,Broadridge Financial Solutions Inc,XNYS,CS,True
BRAG,Bragg Gaming Group Inc. Common Shares,XNAS,CS,True
BRBI,BRBI BR Partners S.A. ADSs,XNAS,ADRC,True
BRBR,"BellRing Brands, Inc.",XNYS,CS,True
BRC,Brady Corporation,XNYS,CS,True
BRCB,"Black Rock Coffee Bar, Inc. Class A Common Stock",XNAS,CS,True
BRCC,BRC Inc.,XNYS,CS,True
BRFH,Barfresh Food Group Inc. Common Stock,XNAS,CS,True
BRID,Bridgford Foods Corp,XNAS,CS,True
BRK.A,Berkshire Hathaway Inc.,XNYS,CS,True
BRK.B,BERKSHIRE HATHAWAY Class B,XNYS,CS,True
BRKR,Bruker Corporation,XNAS,CS,True
BRLS,Borealis Foods Inc. Class A Common Shares,XNAS,CS,True
BRLT,"Brilliant Earth Group, Inc. Class A Common Stock",XNAS,CS,True
BRO,"Brown & Brown, Inc.",XNYS,CS,True
BROS,Dutch Bros Inc.,XNYS,CS,True
BRR,"ProCap Financial, Inc. Common Stock",XNAS,CS,True
BRSL,Brightstar Lottery PLC,XNYS,CS,True
BRSP,"BrightSpire Capital, Inc.",XNYS,CS,True
BRT,BRT Apartments Corp,XNYS,CS,True
BRTX,"BioRestorative Therapies, Inc. Common Stock (NV)",XNAS,CS,True
BRX,BRIXMOR PROPERTY GROUP INC.,XNYS,CS,True
BRZE,"Braze, Inc. Class A Common Stock",XNAS,CS,True
BSAA,BEST SPAC I Acquisition Corp. Class A Ordinary Shares,XNAS,CS,True
BSAC,Banco Santander-Chile,XNYS,ADRC,True
BSBR,BANCO SANTANDER (BRASIL) SA,XNYS,ADRC,True
BSET,Bassett Furniture Industries I,XNAS,CS,True
BSM,"Black Stone Minerals, L.P.",XNYS,CS,True
BSVN,Bank7 Corp. Common stock,XNAS,CS,True
BSX,Boston Scientific Corp.,XNYS,CS,True
BSY,"Bentley Systems, Incorporated Class B Common Stock",XNAS,CS,True
BTAI,"BioXcel Therapeutics, Inc. Common Stock",XNAS,CS,True
BTBD,"BT Brands, Inc. Common Stock",XNAS,CS,True
BTBT,"Bit Digital, Inc. Ordinary Shares",XNAS,CS,True
BTCS,BTCS Inc. Common Stock,XNAS,CS,True
BTCT,BTC Digital Ltd. Ordinary Shares,XNAS,CS,True
BTDR,Bitdeer Technologies Group Class A Ordinary Shares,XNAS,CS,True
BTE,Baytex Energy Corp.,XNYS,CS,True
BTM,Bitcoin Depot Inc. Class A Common Stock,XNAS,CS,True
BTMD,Biote Corp. Class A Common Stock,XNAS,CS,True
BTOC,Armlogi Holding Corp. common stock,XNAS,CS,True
BTOG,Bit Origin Limited Class A Ordinary Shares,XNAS,CS,True
BTQ,BTQ Technologies Corp. Common Stock,XNAS,CS,True
BTSG,"BrightSpring Health Services, Inc. Common Stock",XNAS,CS,True
BTTC,Black Titan Corporation Ordinary Shares,XNAS,CS,True
BTU,Peabody Energy Corporation,XNYS,CS,True
BUD,Anheuser-Busch INBEV SA/NV,XNYS,ADRC,True
BULL,Webull Corporation Class A Ordinary Shares,XNAS,CS,True
BUR,Burford Capital Limited,XNYS,CS,True
BURL,"BURLINGTON STORES, INC.",XNYS,CS,True
BUSE,First Busey Corporation Class A Common Stock,XNAS,CS,True
BUUU,BUUU Group Limited Class A Ordinary Share,XNAS,CS,True
BV,"BrightView Holdings, Inc. Common Stock",XNYS,CS,True
BVC,BitVentures Limited Ordinary Shares,XNAS,CS,True
BVFL,"BV Financial, Inc. Common Stock",XNAS,CS,True
BVN,Compania de Minas Buenaventura S.A.,XNYS,ADRC,True
BVS,Bioventus Inc. Class A Common Stock,XNAS,CS,True
BW,"Babcock & Wilcox Enterprises, Inc.",XNYS,CS,True
BWA,BorgWarner Inc.,XNYS,CS,True
BWEN,"Broadwind, Inc. Common Stock",XNAS,CS,True
BWFG,Bankwell Financial Group Inc,XNAS,CS,True
BWLP,BW LPG Limited,XNYS,CS,True
BWMN,Bowman Consulting Group Ltd. Common Stock,XNAS,CS,True
BWMX,"Betterware de Mexico, S.A.P.I. de C.V.",XNYS,CS,True
BWXT,"BWX Technologies, Inc.",XNYS,CS,True
BX,Blackstone Inc.,XNYS,CS,True
BXC,BlueLinx Holdings Inc.,XNYS,CS,True
BXP,"BXP, Inc.",XNYS,CS,True
BXSL,Blackstone Secured Lending Fund,XNYS,CS,True
BYAH,"Park Ha Biological Technology Co., Ltd. Ordinary Shares",XNAS,CS,True
BYD,Boyd Gaming Corporation,XNYS,CS,True
BYND,"Beyond Meat, Inc. Common Stock",XNAS,CS,True
BYRN,"Byrna Technologies, Inc. Common Stock",XNAS,CS,True
BYSI,BeyondSpring Inc. Ordinary Shares,XNAS,CS,True
BZ,KANZHUN LIMITED American Depository Shares,XNAS,ADRC,True
BZAI,"Blaize Holdings, Inc. Common Stock",XNAS,CS,True
BZFD,"BuzzFeed, Inc. Class A Common Stock",XNAS,CS,True
BZH,"Beazer Homes USA, Inc. New",XNYS,CS,True
C,Citigroup Inc.,XNYS,CS,True
CAAP,Corporacion America Airports S.A.,XNYS,CS,True
CAAS,"China Automotive Systems, Inc. Ordinary Share",XNAS,CS,True
CABA,"Cabaletta Bio, Inc. Common Stock",XNAS,CS,True
CABO,"Cable One, Inc.",XNYS,CS,True
CABR,"Caring Brands, Inc. Common Stock",XNAS,CS,True
CAC,Camden National Corporation,XNAS,CS,True
CACC,Credit Acceptance Corp,XNAS,CS,True
CACI,CACI INTERNATIONAL CLA,XNYS,CS,True
CADE,Cadence Bank,XNYS,CS,True
CADL,"Candel Therapeutics, Inc. Common Stock",XNAS,CS,True
CAE,CAE INC,XNYS,CS,True
CAEP,"Cantor Equity Partners III, Inc. Class A Ordinary Shares",XNAS,CS,True
CAG,"Conagra Brands, Inc.",XNYS,CS,True
CAH,"Cardinal Health, Inc.",XNYS,CS,True
CAI,"Caris Life Sciences, Inc. Common Stock",XNAS,CS,True
CAKE,Cheesecake Factory (The),XNAS,CS,True
CAL,Caleres Inc,XNYS,CS,True
CALC,"CalciMedica, Inc. Common Stock",XNAS,CS,True
CALM,Cal-Maine Foods Inc,XNAS,CS,True
CALX,"CALIX, INC.",XNYS,CS,True
CAMP,CAMP4 Therapeutics Corporation Common Stock,XNAS,CS,True
CAMT,Camtek Ltd,XNAS,CS,True
CANG,Cango Inc.,XNYS,CS,True
CAPL,CrossAmerica Partners LP Common units representing limited partner interests,XNYS,CS,True
CAPN,Cayson Acquisition Corp Ordinary shares,XNAS,CS,True
CAPR,Capricor Therapeutics Inc,XNAS,CS,True
CAPS,Capstone Holding Corp. Common Stock,XNAS,CS,True
CAPT,Captivision Inc. Ordinary Shares,XNAS,CS,True
CAR,"Avis Budget Group, Inc.",XNAS,CS,True
CARE,"Carter Bankshares, Inc. Common Stock",XNAS,CS,True
CARG,"CarGurus, Inc. Class A Common Stock",XNAS,CS,True
CARL,"Carlsmed, Inc. Common Stock",XNAS,CS,True
CARR,Carrier Global Corporation,XNYS,CS,True
CARS,Cars.com Inc. Common Stock,XNYS,CS,True
CART,Maplebear Inc. Common Stock,XNAS,CS,True
CASH,"Pathward Financial, Inc. Common Stock",XNAS,CS,True
CASI,"CASI Pharmaceuticals, Inc. Ordinary Shares",XNAS,CS,True
CASS,Cass Information Systems Inc,XNAS,CS,True
CASY,Casey's General Stores Inc,XNAS,CS,True
CAT,Caterpillar Inc.,XNYS,CS,True
CATO,CATO CORP,XNYS,CS,True
CAVA,"CAVA Group, Inc.",XNYS,CS,True
CB,Chubb Limited,XNYS,CS,True
CBAN,Colony Bankcorp Inc.,XNYS,CS,True
CBAT,"CBAK Energy Technology, Inc. Common Stock",XNAS,CS,True
CBC,"Central Bancompany, Inc. Class A Common Stock",XNAS,CS,True
CBFV,"CB Financial Services, Inc. (PA)",XNAS,CS,True
CBIO,"Crescent Biopharma, Inc. Common Stock",XNAS,CS,True
CBK,"Commercial Bancgroup, Inc. Common Stock",XNAS,CS,True
CBLL,"CeriBell, Inc. Common Stock",XNAS,CS,True
CBRE,"CBRE GROUP, INC.",XNYS,CS,True
CBRL,"Cracker Barrel Old Country Store, Inc,.",XNAS,CS,True
CBT,Cabot Corporation,XNYS,CS,True
CBU,"Community Financial System, Inc.",XNYS,CS,True
CBUS,"Cibus, Inc. Class A Common Stock",XNAS,CS,True
CBZ,"CBIZ, Inc.",XNYS,CS,True
CC,The Chemours Company,XNYS,CS,True
CCBG,Capital City Bank Group Inc,XNAS,CS,True
CCC,CCC Intelligent Solutions Holdings Inc. Common Stock,XNAS,CS,True
CCCC,"C4 Therapeutics, Inc.",XNAS,CS,True
CCCX,Churchill Capital Corp X Class A Ordinary Shares,XNAS,CS,True
CCEC,Capital Clean Energy Carriers Corp. Common Share,XNAS,CS,True
CCEP,Coca-Cola Europacific Partners plc Ordinary Shares,XNAS,CS,True
CCG,Cheche Group Inc. Class A Ordinary Shares,XNAS,CS,True
CCHH,CCH Holdings Ltd Ordinary Shares,XNAS,CS,True
CCI,Crown Castle Inc.,XNYS,CS,True
CCII,Cohen Circle Acquisition Corp. II Class A Ordinary Shares,XNAS,CS,True
CCIX,Churchill Capital Corp IX Ordinary Shares,XNAS,CS,True
CCJ,Cameco Corporation,XNYS,CS,True
CCK,Crown Holdings Inc.,XNYS,CS,True
CCL,Carnival Corporation,XNYS,CS,True
CCLD,"CareCloud, Inc. Common Stock",XNAS,CS,True
CCM,Concord Medical Services Holding Limited,XNYS,ADRC,True
CCO,"Clear Channel Outdoor Holdings, Inc. Common Stock",XNYS,CS,True
CCOI,"Cogent Communications Holdings, Inc.",XNAS,CS,True
CCRN,Cross Country Healthcare Inc,XNAS,CS,True
CCS,"CENTURY COMMUNITIES, INC.",XNYS,CS,True
CCSI,"Consensus Cloud Solutions, Inc. Common Stock",XNAS,CS,True
CCTG,CCSC Technology International Holdings Limited Class A Ordinary Shares,XNAS,CS,True
CCU,Compania Cervecerias Unidas S.A.,XNYS,ADRC,True
CD,Chaince Digital Holdings Inc. Ordinary Shares,XNAS,CS,True
CDE,"Coeur Mining, Inc.",XNYS,CS,True
CDIO,Cardio Diagnostics Holdings Inc. Common stock,XNAS,CS,True
CDLR,Cadeler A/S American Depositary Share (each representing four (4) Ordinary Shares),XNYS,ADRC,True
CDLX,"Cardlytics, Inc. Common Stock",XNAS,CS,True
CDNA,"CareDx, Inc.",XNAS,CS,True
CDNL,Cardinal Infrastructure Group Inc. Class A Common Stock,XNAS,CS,True
CDNS,Cadence Design Systems,XNAS,CS,True
CDRE,"Cadre Holdings, Inc.",XNYS,CS,True
CDRO,"Codere Online Luxembourg, S.A. Ordinary Shares",XNAS,CS,True
CDT,CDT Equity Inc. Common Stock,XNAS,CS,True
CDTG,CDT Environmental Technology Investment Holdings Limited ordinary shares,XNAS,CS,True
CDTX,"Cidara Therapeutics, Inc.",XNAS,CS,True
CDW,CDW Corporation,XNAS,CS,True
CDXS,"Codexis, Inc.",XNAS,CS,True
CDZI,"CADIZ, Inc.",XNAS,CS,True
CE,Celanese Corporation Common Stock,XNYS,CS,True
CECO,Ceco Environmental Corp,XNAS,CS,True
CEG,Constellation Energy Corporation Common Stock,XNAS,CS,True
CELC,Celcuity Inc. Common Stock,XNAS,CS,True
CELH,"Celsius Holdings, Inc. Common Stock",XNAS,CS,True
CELU,Celularity Inc. Class A Common Stock,XNAS,CS,True
CELZ,"Creative Medical Technology Holdings, Inc. Common Stock",XNAS,CS,True
CENN,Cenntro Inc. Common Stock,XNAS,CS,True
CENT,Central Garden and Pet Co,XNAS,CS,True
CENTA,Central Garden & Pet Company,XNAS,CS,True
CENX,Century Aluminum Co,XNAS,CS,True
CEPF,"Cantor Equity Partners IV, Inc. Class A Ordinary Shares",XNAS,CS,True
CEPO,"Cantor Equity Partners I, Inc. Class A Ordinary Shares",XNAS,CS,True
CEPT,"Cantor Equity Partners II, Inc. Class A Ordinary Share",XNAS,CS,True
CEPV,"Cantor Equity Partners V, Inc. Class A Ordinary Shares",XNAS,CS,True
CERS,Cerus Corp,XNAS,CS,True
CERT,"Certara, Inc. Common Stock",XNAS,CS,True
CETX,CEMTREX INC.,XNAS,CS,True
CETY,"Clean Energy Technologies, Inc. Common Stock",XNAS,CS,True
CEVA,CEVA Inc.,XNAS,CS,True
CF,"CF Industries Holding, Inc.",XNYS,CS,True
CFBK,CF Bankshares Inc. Common Stock,XNAS,CS,True
CFFN,"Capitol Federal Financial, Inc.",XNAS,CS,True
CFG,"Citizens Financial Group, Inc.",XNYS,CS,True
CFLT,"Confluent, Inc. Class A Common Stock",XNAS,CS,True
CFR,Cullen/Frost Bankers Inc.,XNYS,CS,True
CG,The Carlyle Group Inc. Common Stock,XNAS,CS,True
CGABL,The Carlyle Group Inc. 4.625% Subordinated Notes due 2061,XNAS,CS,True
CGAU,Centerra Gold Inc.,XNYS,CS,True
CGBD,"Carlyle Secured Lending, Inc. Common Stock",XNAS,CS,True
CGC,Canopy Growth Corporation Common Shares,XNAS,CS,True
CGCT,Cartesian Growth Corporation III Class A Ordinary Shares,XNAS,CS,True
CGEM,"Cullinan Therapeutics, Inc. Common Stock",XNAS,CS,True
CGEN,Compugen Ltd,XNAS,CS,True
CGNT,Cognyte Software Ltd. Ordinary Shares,XNAS,CS,True
CGNX,Cognex Corp,XNAS,CS,True
CGO,Calamos Global Total Return Fund,XNAS,CS,True
CGON,"CG Oncology, Inc. Common stock",XNAS,CS,True
CGTL,Creative Global Technology Holdings Limited Class A Ordinary Shares,XNAS,CS,True
CGTX,"Cognition Therapeutics, Inc. Common Stock",XNAS,CS,True
CHAC,Crane Harbor Acquisition Corp. Class A Ordinary Shares,XNAS,CS,True
CHAI,"Core AI Holdings, Inc. Common Shares",XNAS,CS,True
CHAR,Charlton Aria Acquisition Corporation Class A Ordinary Shares,XNAS,CS,True
CHCI,"Comstock Holding Companies, Inc. Class A",XNAS,CS,True
CHCO,City Holding Co,XNAS,CS,True
CHD,"Church & Dwight Co., Inc.",XNYS,CS,True
CHDN,Churchill Downs Inc,XNAS,CS,True
CHE,Chemed Corporation,XNYS,CS,True
CHEC,Chenghe Acquisition III Co. Class A Ordinary Share,XNAS,CS,True
CHEF,The Chef's Warehouse Inc,XNAS,CS,True
CHGG,"CHEGG, INC.",XNYS,CS,True
CHH,Choice Hotels Intnl.,XNYS,CS,True
CHKP,Check Point Software Technologies Ltd,XNAS,CS,True
CHMI,CHERRY HILL MORTGAGE INVESTMENT CORPORATION,XNYS,CS,True
CHNR,"China Natural Resources, Inc.",XNAS,CS,True
CHPG,ChampionsGate Acquisition Corporation Class A Ordinary Share,XNAS,CS,True
CHPT,"ChargePoint Holdings, Inc.",XNYS,CS,True
CHR,"Cheer Holding, Inc. Class A Ordinary Share",XNAS,CS,True
CHRD,Chord Energy Corporation Common Stock,XNAS,CS,True
CHRS,"Coherus Oncology, Inc. Common Stock",XNAS,CS,True
CHRW,"C.H. Robinson Worldwide, Inc.",XNAS,CS,True
CHSN,Chanson International Holding Class A Ordinary Shares,XNAS,CS,True
CHT,"CHUNGHWA TELECOM CO., LTD",XNYS,ADRC,True
CHTR,Charter Comm Inc Del CL A New,XNAS,CS,True
CHWY,"Chewy, Inc.",XNYS,CS,True
CHYM,"Chime Financial, Inc. Class A Common Stock",XNAS,CS,True
CI,The Cigna Group,XNYS,CS,True
CIA,"Citizens, Inc.",XNYS,CS,True
CIEN,Ciena Corporation,XNYS,CS,True
CIFR,Cipher Mining Inc. Common Stock,XNAS,CS,True
CIG,Companhia Energetica De Minas Gerais-CEMIG,XNYS,ADRC,True
CIG.C,Companhia Energetica De Minas Gerais-CEMIG,XNYS,ADRC,True
CIGI,Colliers International Group Inc. Subordinate Voting Shares,XNAS,CS,True
CIGL,Concorde International Group Ltd Class A Ordinary Shares,XNAS,CS,True
CIIT,"Tianci International, Inc. Common Stock",XNAS,CS,True
CIM,Chimera Investment Corp.,XNYS,CS,True
CING,Cingulate Inc. Common Stock,XNAS,CS,True
CINT,CI&T Inc,XNYS,CS,True
CION,CION Investment Corporation,XNYS,CS,True
CISO,"CISO Global, Inc. Common Stock",XNAS,CS,True
CISS,C3is Inc. Common Stock,XNAS,CS,True
CIVI,"Civitas Resources, Inc.",XNYS,CS,True
CJMB,Callan JMB Inc. Common Stock,XNAS,CS,True
CL,Colgate-Palmolive Company,XNYS,CS,True
CLAR,Clarus Corporation Common Stock,XNAS,CS,True
CLB,Core Laboratories Inc.,XNYS,CS,True
CLBK,"Columbia Financial, Inc. Common Stock",XNAS,CS,True
CLBT,Cellebrite DI Ltd. Class A Ordinary Shares,XNAS,CS,True
CLCO,Cool Company Ltd.,XNYS,CS,True
CLDX,"Celldex Therapeutics, Inc",XNAS,CS,True
CLF,Cleveland-Cliffs Inc.,XNYS,CS,True
CLFD,"Clearfield, Inc.",XNAS,CS,True
CLGN,CollPlant Biotechnologies Ltd Ordinary Shares,XNAS,CS,True
CLH,"Clean Harbors, Inc",XNYS,CS,True
CLIK,Click Holdings Limited Class A Ordinary Share,XNAS,CS,True
CLIR,ClearSign Technologies Corporation Common Stock (DE),XNAS,CS,True
CLMB,"Climb Global Solutions, Inc. Common Stock",XNAS,CS,True
CLMT,"Calumet, Inc. Common Stock",XNAS,CS,True
CLNE,Clean Energy Fuels Corp.,XNAS,CS,True
CLNN,Clene Inc. Common Stock,XNAS,CS,True
CLOV,"Clover Health Investments, Corp",XNAS,CS,True
CLPS,CLPS Incorporation Common Stock,XNAS,CS,True
CLPT,"ClearPoint Neuro, Inc. Common Stock",XNAS,CS,True
CLRB,Cellectar Biosciences INC NEW,XNAS,CS,True
CLRO,"ClearOne, Inc. (DE) Common Stock",XNAS,CS,True
CLS,"Celestica, Inc.",XNYS,CS,True
CLSK,CLEANSPARK INC,XNAS,CS,True
CLVT,Clarivate Plc,XNYS,CS,True
CLWT,Euro Tech Holdings Co Ltd. New,XNAS,CS,True
CLX,Clorox Company,XNYS,CS,True
CLYM,"Climb Bio, Inc. Common Stock",XNAS,CS,True
CM,Canadian Imperial Bank of Commerce,XNYS,CS,True
CMA,Comerica Incorporated,XNYS,CS,True
CMBM,Cambium Networks Corporation Ordinary Shares,XNAS,CS,True
CMBT,CMB.TECH NV,XNYS,CS,True
CMC,Commercial Metals Company,XNYS,CS,True
CMCO,Columbus McKinnon Corp/NY,XNAS,CS,True
CMCSA,Comcast Corp,XNAS,CS,True
CMDB,Costamare Bulkers Holdings Limited,XNYS,CS,True
CME,CME Group Inc.,XNAS,CS,True
CMG,"Chipotle Mexican Grill, Inc.",XNYS,CS,True
CMI,Cummins Inc.,XNYS,CS,True
CMMB,Chemomab Therapeutics Ltd. American Depositary Share,XNAS,ADRC,True
CMND,Clearmind Medicine Inc. Common Shares,XNAS,CS,True
CMP,"Compass Minerals International, Inc.",XNYS,CS,True
CMPO,"CompoSecure, Inc.",XNYS,CS,True
CMPR,Cimpress PLC Ordinary Shares (Ireland),XNAS,CS,True
CMPS,COMPASS Pathways Plc American Depository Shares,XNAS,ADRC,True
CMPX,"Compass Therapeutics, Inc. Common Stock",XNAS,CS,True
CMRC,"Commerce.com, Inc. Series 1 Common Stock",XNAS,CS,True
CMRE,Costamare Inc.,XNYS,CS,True
CMS,CMS Energy Corporation,XNYS,CS,True
CMTL,Comtech Telecommunications,XNAS,CS,True
CNC,Centene Corporation,XNYS,CS,True
CNCK,Coincheck Group N.V. Ordinary Shares,XNAS,CS,True
CNDT,Conduent Incorporated Common Stock,XNAS,CS,True
CNET,ZW Data Action Technologies Inc. Common Stock,XNAS,CS,True
CNEY,CN Energy Group Inc. Class A Ordinary Shares,XNAS,CS,True
CNH,CNH INDUSTRIAL N.V.,XNYS,CS,True
CNI,Canadian National Railway,XNYS,CS,True
CNK,"Cinemark Holdings, Inc.",XNYS,CS,True
CNM,"Core & Main, Inc.",XNYS,CS,True
CNMD,CONMED Corporation,XNYS,CS,True
CNNE,"Cannae Holdings, Inc. Common Stock",XNYS,CS,True
CNO,"CNO Financial Group, Inc.",XNYS,CS,True
CNP,"CenterPoint Energy, Inc.",XNYS,CS,True
CNQ,Canadian Natural Resources Limited,XNYS,CS,True
CNR,"Core Natural Resources, Inc.",XNYS,CS,True
CNS,Cohen & Steers Inc.,XNYS,CS,True
CNSP,"CNS Pharmaceuticals, Inc. Common Stock",XNAS,CS,True
CNTB,Connect Biopharma Holdings Limited Ordinary Shares,XNAS,CS,True
CNTX,Context Therapeutics Inc. Common Stock,XNAS,CS,True
CNTY,Century Casinos Inc,XNAS,CS,True
CNVS,Cineverse Corp. Class A Common Stock,XNAS,CS,True
CNX,CNX Resources Corporation,XNYS,CS,True
CNXC,Concentrix Corporation Common Stock,XNAS,CS,True
CNXN,PC Connection Inc,XNAS,CS,True
COCH,"Envoy Medical, Inc. Class A Common Stock",XNAS,CS,True
COCO,"The Vita Coco Company, Inc. Common Stock",XNAS,CS,True
COCP,"Cocrystal Pharma, Inc. Common Stock",XNAS,CS,True
CODA,"Coda Octopus Group, Inc. Common stock",XNAS,CS,True
CODI,Compass Diversified,XNYS,CS,True
CODX,"Co-Diagnostics, Inc. Common Stock",XNAS,CS,True
COEP,Coeptis Therapeutics Holdings Inc. Common Stock,XNAS,CS,True
COF,Capital One Financial,XNYS,CS,True
COFS,CHOICEONE FINANCIAL,XNAS,CS,True
COGT,"Cogent Biosciences, Inc. Common Stock",XNAS,CS,True
COHR,Coherent Corp.,XNYS,CS,True
COHU,Cohu Inc,XNAS,CS,True
COIN,"Coinbase Global, Inc. Class A Common Stock",XNAS,CS,True
COKE,"Coca-Cola Consolidated, Inc. Common Stock",XNAS,CS,True
COLA,Columbus Acquisition Corp Ordinary Shares,XNAS,CS,True
COLB,Columbia Banking Systems Inc,XNAS,CS,True
COLL,"Collegium Pharmaceutical, Inc. Common Stock",XNAS,CS,True
COLM,Columbia Sportswear Co,XNAS,CS,True
COMM,"CommScope Holding Company, Inc.",XNAS,CS,True
COMP,"Compass, Inc.",XNYS,CS,True
CON,"Concentra Group Holdings Parent, Inc.",XNYS,CS,True
COO,"The Cooper Companies, Inc. Common Stock",XNAS,CS,True
COOK,"Traeger, Inc.",XNYS,CS,True
COOT,Australian Oilseeds Holdings Limited Ordinary Shares,XNAS,CS,True
COP,ConocoPhillips,XNYS,CS,True
COPL,Copley Acquisition Corp,XNYS,CS,True
COR,"Cencora, Inc.",XNYS,CS,True
CORT,Corcept Therapeutics Inc.,XNAS,CS,True
CORZ,"Core Scientific, Inc. Common Stock",XNAS,CS,True
COSM,Cosmos Holdings Inc. Common Stock,XNAS,CS,True
COST,Costco Wholesale Corp,XNAS,CS,True
COTY,COTY INC,XNYS,CS,True
COUR,"Coursera, Inc.",XNYS,CS,True
COYA,"Coya Therapeutics, Inc. Common Stock",XNAS,CS,True
CP,Canadian Pacific Kansas City Limited,XNYS,CS,True
CPA,"Copa Holdings, S.A.",XNYS,CS,True
CPAC,CEMENTOS PACASMAYO S.A.A.,XNYS,ADRC,True
CPAY,"Corpay, Inc.",XNYS,CS,True
CPB,The Campbell's Company Common Stock,XNAS,CS,True
CPHC,Canterbury Park Holding Corporation 'New' Common Stock,XNAS,CS,True
CPIX,Cumberland Pharmaceuticals Inc,XNAS,CS,True
CPK,Chesapeake Utilities,XNYS,CS,True
CPNG,"Coupang, Inc.",XNYS,CS,True
CPOP,"Pop Culture Group Co., Ltd Class A Ordinary Shares",XNAS,CS,True
CPRI,Capri Holdings Limited,XNYS,CS,True
CPRT,Copart Inc,XNAS,CS,True
CPRX,Catalyst Pharmaceutical  Inc.,XNAS,CS,True
CPS,Cooper-Standard Automotive Inc.,XNYS,CS,True
CPSH,CPS Technologies Corp. Common Stock,XNAS,CS,True
CPSS,Consumer Portfolio Services,XNAS,CS,True
CQP,"Cheniere Energy Partners, LP",XNYS,CS,True
CR,Crane Company,XNYS,CS,True
CRAC,Crown Reserve Acquisition Corp. I Class A Ordinary Shares,XNAS,CS,True
CRAI,"CRA International, Inc.",XNAS,CS,True
CRAQ,Cal Redwood Acquisition Corp. Class A Ordinary Shares,XNAS,CS,True
CRBG,"Corebridge Financial, Inc.",XNYS,CS,True
CRBP,"Corbus Pharmaceuticals Holdings, Inc.",XNAS,CS,True
CRBU,"Caribou Biosciences, Inc. Common Stock",XNAS,CS,True
CRC,California Resources Corporation,XNYS,CS,True
CRCL,"Circle Internet Group, Inc.",XNYS,CS,True
CRCT,"Cricut, Inc. Class A Common Stock",XNAS,CS,True
CRD.A,Crawford & Company Class A,XNYS,CS,True
CRD.B,Crawford & Company Class B,XNYS,CS,True
CRDF,"Cardiff Oncology, Inc. Common Stock",XNAS,CS,True
CRDL,Cardiol Therapeutics Inc. Class A Common Shares,XNAS,CS,True
CRDO,Credo Technology Group Holding Ltd Ordinary Shares,XNAS,CS,True
CRE,Cre8 Enterprise Limited Class A Ordinary Shares,XNAS,CS,True
CREG,Smart Powerr Corp. Common Stock,XNAS,CS,True
CRESY,Cresud SA,XNAS,ADRC,True
CREV,Carbon Revolution Public Limited Ordinary Shares,XNAS,CS,True
CREX,"CREATIVE REALITIES, INC.",XNAS,CS,True
CRGO,Freightos Limited Ordinary shares,XNAS,CS,True
CRGY,Crescent Energy Company,XNYS,CS,True
CRH,CRH Public Limited Company,XNYS,CS,True
CRI,Carter's Inc.,XNYS,CS,True
CRIS,Curis Inc,XNAS,CS,True
CRK,"Comstock Resources, Inc.",XNYS,CS,True
CRL,"Charles River Laboratories International, Inc.",XNYS,CS,True
CRM,"Salesforce, Inc.",XNYS,CS,True
CRMD,CorMedix Inc.,XNAS,CS,True
CRML,Critical Metals Corp. Ordinary Shares,XNAS,CS,True
CRMT,America's Car Mart Inc,XNAS,CS,True
CRNC,Cerence Inc. Common Stock,XNAS,CS,True
CRNT,Ceragon Networks Ltd,XNAS,CS,True
CRNX,"Crinetics Pharmaceuticals, Inc.",XNAS,CS,True
CRON,Cronos Group Inc. Common Share,XNAS,CS,True
CROX,"Crocs, Inc.",XNAS,CS,True
CRS,Carpenter Technology Corp,XNYS,CS,True
CRSP,CRISPR Therapeutics AG,XNAS,CS,True
CRSR,"Corsair Gaming, Inc. Common Stock",XNAS,CS,True
CRTO,Criteo S.A.,XNAS,ADRC,True
CRUS,Cirrus Logic Inc,XNAS,CS,True
CRVL,Corvel Corp,XNAS,CS,True
CRVO,CervoMed Inc. Common Stock,XNAS,CS,True
CRVS,"Corvus Pharmaceuticals, Inc.",XNAS,CS,True
CRWD,"CrowdStrike Holdings, Inc. Class A Common Stock",XNAS,CS,True
CRWS,Crown Crafts Inc,XNAS,CS,True
CRWV,"CoreWeave, Inc. Class A Common Stock",XNAS,CS,True
CSAI,"Cloudastructure, Inc. Class A Common Stock",XNAS,CS,True
CSBR,"Champions Oncology, Inc.",XNAS,CS,True
CSCO,"Cisco Systems, Inc. Common Stock (DE)",XNAS,CS,True
CSGP,CoStar Group Inc,XNAS,CS,True
CSGS,CSG Systems International,XNAS,CS,True
CSIQ,Canadian Solar Inc. Common Shares (ON),XNAS,CS,True
CSL,"Carlisle Companies, Inc.",XNYS,CS,True
CSPI,CSP Inc.,XNAS,CS,True
CSQ,Calamos Strategic Total Return Fund,XNAS,CS,True
CSR,Centerspace,XNYS,CS,True
CSTE,Caesarstone Ltd.,XNAS,CS,True
CSTL,"Castle Biosciences, Inc. Common Stock",XNAS,CS,True
CSTM,Constellium SE Class A Ordinary shares,XNYS,CS,True
CSV,"Carriage Services, Inc.",XNYS,CS,True
CSW,"CSW Industrials, Inc.",XNYS,CS,True
CSWC,Capital Southwest Corp,XNAS,CS,True
CSX,CSX Corporation,XNAS,CS,True
CTAS,Cintas Corp,XNAS,CS,True
CTEV,Claritev Corporation,XNYS,CS,True
CTKB,"Cytek Biosciences, Inc. Common Stock",XNAS,CS,True
CTLP,"Cantaloupe, Inc. Common Stock",XNAS,CS,True
CTMX,"CytomX Therapeutics, Inc.",XNAS,CS,True
CTNM,"Contineum Therapeutics, Inc. Class A Common Stock",XNAS,CS,True
CTNT,Cheetah Net Supply Chain Service Inc. Class A Common Stock,XNAS,CS,True
CTOR,"Citius Oncology, Inc. Common Stock",XNAS,CS,True
CTOS,"Custom Truck One Source, Inc.",XNYS,CS,True
CTRA,Coterra Energy Inc.,XNYS,CS,True
CTRI,"Centuri Holdings, Inc.",XNYS,CS,True
CTRM,Castor Maritime Inc. Common Stock,XNAS,CS,True
CTRN,"Citi Trends, Inc.",XNAS,CS,True
CTS,CTS Corporation,XNYS,CS,True
CTSH,Cognizant Technology Solutions,XNAS,CS,True
CTSO,Cytosorbents Corp.,XNAS,CS,True
CTVA,"Corteva, Inc. Common Stock",XNYS,CS,True
CTW,CTW Cayman Class A Ordinary Shares,XNAS,CS,True
CTXR,Citius Pharmaceuticals Inc. Common,XNAS,CS,True
CUB,Lionheart Holdings Class A Ordinary Shares,XNAS,CS,True
CUBE,CubeSmart,XNYS,CS,True
CUE,"Cue Biopharma, Inc.",XNAS,CS,True
CUK,Carnival PLC,XNYS,ADRC,True
CULP,"Culp, Inc.",XNYS,CS,True
CUPR,Cuprina Holdings (Cayman) Limited Class A Ordinary Shares,XNAS,CS,True
CURI,CuriosityStream Inc. Class A Common Stock,XNAS,CS,True
CURR,Currenc Group Inc. Ordinary Shares,XNAS,CS,True
CURV,Torrid Holdings Inc.,XNYS,CS,True
CURX,Curanex Pharmaceuticals Inc Common Stock,XNAS,CS,True
CV,"CapsoVision, Inc. Common Stock",XNAS,CS,True
CVCO,Cavco Industries Inc.,XNAS,CS,True
CVE,Cenovus Energy Inc.,XNYS,CS,True
CVEO,Civeo Corporation,XNYS,CS,True
CVGI,"Commercial Vehicle Group, Inc.",XNAS,CS,True
CVGW,Calavo Growers Inc,XNAS,CS,True
CVI,"CVR ENERGY, INC.",XNYS,CS,True
CVKD,"Cadrenal Therapeutics, Inc. Common Stock",XNAS,CS,True
CVLG,"Covenant Logistics Group, Inc.",XNYS,CS,True
CVLT,"Commault Systems, Inc.",XNAS,CS,True
CVNA,Carvana Co.,XNYS,CS,True
CVRX,"CVRx, Inc. Common Stock",XNAS,CS,True
CVS,CVS HEALTH CORPORATION,XNYS,CS,True
CVV,CVD Equipment Corp.,XNAS,CS,True
CVX,Chevron Corporation,XNYS,CS,True
CW,Curtiss-Wright Corp.,XNYS,CS,True
CWD,CaliberCos Inc. Class A Common Stock,XNAS,CS,True
CWEN,"Clearway Energy, Inc. Class C Common Stock",XNYS,CS,True
CWEN.A,"Clearway Energy, Inc.  Class A Common Stock",XNYS,CS,True
CWH,"Camping World Holdings, Inc.",XNYS,CS,True
CWK,Cushman & Wakefield Ltd.,XNYS,CS,True
CWST,Casella Waste Systems Inc,XNAS,CS,True
CX,Cemex S.A.B. de C.V.,XNYS,ADRC,True
CXAI,CXApp Inc. Class A Common Stock,XNAS,CS,True
CXDO,CREXENDO INC,XNAS,CS,True
CXM,"Sprinklr, Inc.",XNYS,CS,True
CXT,"Crane NXT, Co.",XNYS,CS,True
CXW,"CoreCivic, Inc.",XNYS,CS,True
CYBR,CyberArk Software Ltd.,XNAS,CS,True
CYCN,"Cyclerion Therapeutics, Inc. Common Stock",XNAS,CS,True
CYCU,"Cycurion, Inc. Common Stock",XNAS,CS,True
CYD,China Yuchai International Ltd.,XNYS,CS,True
CYH,"Community Health Systems, Inc.",XNYS,CS,True
CYN,Cyngn Inc. Common Stock,XNAS,CS,True
CYPH,Cypherpunk Technologies Inc. Common Stock,XNAS,CS,True
CYRX,"CryoPort, Inc. Common Stock",XNAS,CS,True
CYTK,Cytokinetics Inc.,XNAS,CS,True
CZFS,"Citizens Financial Services, Inc. Common Stock",XNAS,CS,True
CZNC,Citizens & Northern Corporation,XNAS,CS,True
CZR,"Caesars Entertainment, Inc. Common Stock",XNAS,CS,True
D,"Dominion Energy, Inc Common Stock",XNYS,CS,True
DAAQ,Digital Asset Acquisition Corp. Class A Ordinary shares,XNAS,CS,True
DAC,Danaos Corporation,XNYS,CS,True
DAIC,"CID HoldCo, Inc. Common Stock",XNAS,CS,True
DAIO,Data I/O Corp,XNAS,CS,True
DAKT,Daktronics Inc,XNAS,CS,True
DAL,"Delta Air Lines, Inc.",XNYS,CS,True
DAN,Dana Incorporated,XNYS,CS,True
DAR,DARLING INGREDIENTS INC.,XNYS,CS,True
DARE,"Dare Bioscience, Inc. Common Stock",XNAS,CS,True
DASH,"DoorDash, Inc. Class A Common Stock",XNAS,CS,True
DAVE,Dave Inc. Class A Common Stock,XNAS,CS,True
DAWN,"Day One Biopharmaceuticals, Inc. Common Stock",XNAS,CS,True
DAY,"Dayforce, Inc.",XNYS,CS,True
DB,Deutsche Bank Aktiengesellschaft,XNYS,CS,True
DBD,"Diebold Nixdorf, Incorporated",XNYS,CS,True
DBGI,"Digital Brands Group, Inc. Common Stock",XNAS,CS,True
DBI,Designer Brands Inc.,XNYS,CS,True
DBRG,"DigitalBridge Group, Inc.",XNYS,CS,True
DBVT,DBV Technologies S.A.,XNAS,CS,True
DBX,"Dropbox, Inc. Class A",XNAS,CS,True
DCBO,Docebo Inc. Common Shares,XNAS,CS,True
DCGO,DocGo Inc. Common Stock,XNAS,CS,True
DCI,"Donaldson Company, Inc.",XNYS,CS,True
DCO,Ducommun Incorporated,XNYS,CS,True
DCTH,Delcath Systems Inc,XNAS,CS,True
DCX,Digital Currency X Technology Inc. Class A Ordinary Shares,XNAS,CS,True
DD,"DuPont de Nemours, Inc. Common Stock",XNYS,CS,True
DDD,3D Systems Corporation,XNYS,CS,True
DDI,"DoubleDown Interactive Co., Ltd. American Depository Shares",XNAS,ADRC,True
DDOG,"Datadog, Inc. Class A Common Stock",XNAS,CS,True
DDS,Dillards Inc.,XNYS,CS,True
DE,Deere & Company,XNYS,CS,True
DEC,Diversified Energy Company,XNYS,CS,True
DECK,Deckers Outdoor Corp,XNYS,CS,True
DEFT,"Defi Technologies, Inc.",XNAS,CS,True
DEI,"Douglas Emmett, Inc.",XNYS,CS,True
DELL,Dell Technologies Inc.,XNYS,CS,True
DENN,DENNY'S CORP,XNAS,CS,True
DEO,Diageo plc,XNYS,ADRC,True
DERM,Journey Medical Corporation Common Stock,XNAS,CS,True
DEVS,DevvStream Corp. Common Stock,XNAS,CS,True
DFDV,DeFi Development Corp. Common Stock,XNAS,CS,True
DFH,"Dream Finders Homes, Inc.",XNYS,CS,True
DFIN,"Donnelley Financial Solutions, Inc.",XNYS,CS,True
DFLI,Dragonfly Energy Holdings Corp. Common Stock (NV),XNAS,CS,True
DFSC,DEFSEC Technologies Inc. Common Stock,XNAS,CS,True
DG,Dollar General Corp.,XNYS,CS,True
DGICA,Donegal Group Inc,XNAS,CS,True
DGICB,Donegal Group Inc,XNAS,CS,True
DGII,Digi International Inc,XNAS,CS,True
DGLY,"Digital Ally, Inc. Common Stock",XNAS,CS,True
DGNX,Diginex Limited Ordinary Shares,XNAS,CS,True
DGX,Quest Diagnostics Inc.,XNYS,CS,True
DGXX,Digi Power X Inc. Subordinate Voting Shares,XNAS,CS,True
DH,Definitive Healthcare Corp. Class A Common Stock,XNAS,CS,True
DHI,D.R. Horton Inc.,XNYS,CS,True
DHIL,Diamond Hill Investment Group,XNAS,CS,True
DHR,Danaher Corporation,XNYS,CS,True
DHT,"DHT HOLDINGS, INC.",XNYS,CS,True
DHX,"DHI Group, Inc.",XNYS,CS,True
DIBS,"1stdibs.com, Inc. Common Stock",XNAS,CS,True
DIN,"Dine Brands Global, Inc.",XNYS,CS,True
DINO,HF Sinclair Corporation,XNYS,CS,True
DIOD,Diodes Inc,XNAS,CS,True
DIS,The Walt Disney Company,XNYS,CS,True
DJCO,Daily Journal Corp,XNAS,CS,True
DJT,Trump Media & Technology Group Corp. Common Stock,XNAS,CS,True
DK,"Delek US Holdings, Inc.",XNYS,CS,True
DKI,DarkIris Inc. Class A Ordinary Shares,XNAS,CS,True
DKL,"DELEK LOGISTICS PARTNERS, LP",XNYS,CS,True
DKNG,DraftKings Inc. Class A Common Stock,XNAS,CS,True
DKS,"Dick's Sporting Goods, Inc.",XNYS,CS,True
DLB,"Dolby Laboratories, Inc.Class A",XNYS,CS,True
DLHC,DLH Holdings Corp.,XNAS,CS,True
DLNG,DYNAGAS LNG PARNERS LP,XNYS,CS,True
DLO,DLocal Limited Class A Common Shares,XNAS,CS,True
DLPN,"Dolphin Entertainment, Inc.",XNAS,CS,True
DLTH,Duluth Holdings Inc. Class B Common Stock,XNAS,CS,True
DLTR,Dollar Tree Inc.,XNAS,CS,True
DLX,Deluxe Corporation,XNYS,CS,True
DLXY,Delixy Holdings Limited Ordinary Shares,XNAS,CS,True
DMAA,Drugs Made In America Acquisition Corp. Ordinary Shares,XNAS,CS,True
DMAC,DiaMedica Therapeutics Inc. Common Stock,XNAS,CS,True
DMII,Drugs Made In America Acquisition II Corp. Ordinary Shares,XNAS,CS,True
DMLP,Dorchester Minerals LP,XNAS,CS,True
DMRC,Digimarc Corporation,XNAS,CS,True
DNA,"Ginkgo Bioworks Holdings, Inc.",XNYS,CS,True
DNLI,Denali Therapeutics Inc. Common Stock,XNAS,CS,True
DNMX,Dynamix Corporation III Class A Ordinary Shares,XNAS,CS,True
DNOW,DNOW Inc.,XNYS,CS,True
DNTH,"Dianthus Therapeutics, Inc. Common Stock",XNAS,CS,True
DNUT,"Krispy Kreme, Inc. Common Stock",XNAS,CS,True
DOCN,"DigitalOcean Holdings, Inc.",XNYS,CS,True
DOCS,"Doximity, Inc.",XNYS,CS,True
DOCU,"DocuSign, Inc. Common Stock",XNAS,CS,True
DOGZ,Dogness (International) Corporation Class A Common Stock,XNAS,CS,True
DOLE,Dole plc,XNYS,CS,True
DOMH,Dominari Holdings Inc. Common Stock,XNAS,CS,True
DOMO,"Domo, Inc. Class B Common Stock",XNAS,CS,True
DOO,BRP Inc. Common Subordinate Voting Shares,XNAS,CS,True
DORM,"Dorman Products, Inc. New",XNAS,CS,True
DOUG,Douglas Elliman Inc.,XNYS,CS,True
DOV,Dover Corporation,XNYS,CS,True
DOW,Dow Inc.,XNYS,CS,True
DOX,Amdocs Limited,XNAS,CS,True
DOYU,DouYu International Holdings Limited ADS,XNAS,ADRC,True
DPRO,Draganfly Inc. Common Shares,XNAS,CS,True
DPZ,Domino's Pizza Inc.,XNAS,CS,True
DRCT,"Direct Digital Holdings, Inc. Class A Common Stock",XNAS,CS,True
DRD,DRDGOLD Ltd.,XNYS,ADRC,True
DRDB,Roman DBDR Acquisition Corp. II Ordinary shares,XNAS,CS,True
DRH,Diamondrock Hospitality Company Common Stock,XNAS,CS,True
DRI,"Darden Restaurants, Inc.",XNYS,CS,True
DRIO,DarioHealth Corp. Common Stock,XNAS,CS,True
DRMA,"Dermata Therapeutics, Inc. Common Stock",XNAS,CS,True
DRS,"Leonardo DRS, Inc. Common Stock",XNAS,CS,True
DRTS,Alpha Tau Medical Ltd. Ordinary Shares,XNAS,CS,True
DRUG,Bright Minds Biosciences Inc. Common Stock,XNAS,CS,True
DRVN,Driven Brands Holdings Inc. Common Stock,XNAS,CS,True
DSGN,"Design Therapeutics, Inc. Common Stock",XNAS,CS,True
DSGR,"Distribution Solutions Group, Inc. Common Stock",XNAS,CS,True
DSGX,Descartes Systems Group Inc,XNAS,CS,True
DSP,Viant Technology Inc. Class A Common Stock,XNAS,CS,True
DSWL,Deswell Industries Inc,XNAS,CS,True
DSX,"Diana Shipping, Inc.",XNYS,CS,True
DSY,Big Tree Cloud Holdings Limited Ordinary Shares,XNAS,CS,True
DT,"Dynatrace, Inc.",XNYS,CS,True
DTCK,Davis Commodities Limited Class A Ordinary Shares,XNAS,CS,True
DTCX,"Datacentrex, Inc. Common Stock",XNAS,CS,True
DTE,DTE Energy Company,XNYS,CS,True
DTI,Drilling Tools International Corporation Common Stock,XNAS,CS,True
DTIL,"Precision BioSciences, Inc. Common Stock",XNAS,CS,True
DTM,"DT Midstream, Inc.",XNYS,CS,True
DTSQ,DT Cloud Star Acquisition Corporation Ordinary Shares,XNAS,CS,True
DTSS,Datasea Inc. Common Stock,XNAS,CS,True
DTST,Data Storage Corporation Common Stock,XNAS,CS,True
DUK,Duke Energy Corporation,XNYS,CS,True
DUO,Fangdd Network Group Ltd. Class A Ordinary Shares,XNAS,CS,True
DUOL,"Duolingo, Inc. Class A Common Stock",XNAS,CS,True
DUOT,"Duos Technologies Group, Inc. Common Stock",XNAS,CS,True
DV,"DoubleVerify Holdings, Inc.",XNYS,CS,True
DVA,DaVita Inc.,XNYS,CS,True
DVAX,Dynavax Technologies Corporation,XNAS,CS,True
DVLT,Datavault AI Inc. Common Stock,XNAS,CS,True
DVN,Devon Energy Corporation,XNYS,CS,True
DWSN,Dawson Geophysical Company New Common Stock,XNAS,CS,True
DWTX,"Dogwood Therapeutics, Inc. Common Stock",XNAS,CS,True
DX,"Dynex Capital, Inc.",XNYS,CS,True
DXC,DXC Technology Company,XNYS,CS,True
DXCM,"DexCom, Inc.",XNAS,CS,True
DXLG,"Destination XL Group, Inc. Common Stock",XNAS,CS,True
DXPE,DXP Enterprises Inc,XNAS,CS,True
DXR,Daxor Corporation Common Stock,XNAS,CS,True
DXST,Decent Holding Inc Class A Ordinary Shares,XNAS,CS,True
DXYZ,Destiny Tech100 Inc.,XNYS,CS,True
DY,"Dycom Industries, Inc.",XNYS,CS,True
DYAI,"Dyadic International, Inc.",XNAS,CS,True
DYN,"Dyne Therapeutics, Inc. Common Stock",XNAS,CS,True
DYOR,Insight Digital Partners II Class A Ordinary Shares,XNAS,CS,True
E,ENI S.p.A.,XNYS,ADRC,True
EA,Electronic Arts Inc,XNAS,CS,True
EAF,GrafTech International Ltd.,XNYS,CS,True
EARN,Ellington Credit Company,XNYS,CS,True
EAT,"Brinker International, Inc.",XNYS,CS,True
EB,"Eventbrite, Inc. Class A Common Stock",XNYS,CS,True
EBAY,eBay Inc,XNAS,CS,True
EBC,"Eastern Bankshares, Inc. Common Stock",XNAS,CS,True
EBF,"Ennis, Inc.",XNYS,CS,True
EBON,Ebang International Holdings Inc. Class A Ordinary Shares,XNAS,CS,True
EBS,"Emergent Biosolutions, Inc.",XNYS,CS,True
EC,Ecopetrol S.A,XNYS,ADRC,True
ECDA,"ECD Automotive Design, Inc. Common Stock",XNAS,CS,True
ECG,"Everus Construction Group, Inc.",XNYS,CS,True
ECL,"Ecolab, Inc.",XNYS,CS,True
ECO,Okeanis Eco Tankers Corp.,XNYS,CS,True
ECOR,"electroCore, Inc. Common Stock",XNAS,CS,True
ECPG,"Encore Capital Group, Inc.",XNAS,CS,True
ECVT,Ecovyst Inc.,XNYS,CS,True
ECX,ECARX Holdings Inc. Class A Ordinary shares,XNAS,CS,True
ED,"Consolidated Edison, Inc.",XNYS,CS,True
EDAP,EDAP TMS SA,XNAS,ADRC,True
EDBL,Edible Garden AG Incorporated Common Stock,XNAS,CS,True
EDHL,Everbright Digital Holding Limited Ordinary Shares,XNAS,CS,True
EDIT,"Editas Medicine, Inc. Common Stock",XNAS,CS,True
EDN,Empresa Distribuidora Y Comercializadora Norte S.A. (Edenor),XNYS,ADRC,True
EDRY,EuroDry Ltd. Common Shares,XNAS,CS,True
EDSA,"Edesa Biotech, Inc. Common Shares",XNAS,CS,True
EDTK,Skillful Craftsman Education Technology Limited Ordinary Share,XNAS,CS,True
EDUC,Educational Development Corp,XNAS,CS,True
EE,"Excelerate Energy, Inc.",XNYS,CS,True
EEFT,Euronet Worldwide Inc,XNAS,CS,True
EEIQ,EpicQuest Education Group International Limited Common Stock,XNAS,CS,True
EEX,"Emerald Holding, Inc.",XNYS,CS,True
EFC,Ellington Financial Inc. Common Stock,XNYS,CS,True
EFOI,"Energy Focus, Inc.",XNAS,CS,True
EFSC,Enterprise Financial Services Corporation,XNAS,CS,True
EFSI,Eagle Financial Services Inc Common Stock,XNAS,CS,True
EFTY,"Etoiles Capital Group Co., Ltd. Class A Ordinary Shares",XNAS,CS,True
EFX,"Equifax, Incorporated",XNYS,CS,True
EFXT,Enerflex Ltd.,XNYS,CS,True
EG,"Everest Group, Ltd.",XNYS,CS,True
EGAN,eGain Corporation,XNAS,CS,True
EGHA,EGH Acquisition Corp. Class A Ordinary Shares,XNAS,CS,True
EGHT,"8x8, Inc. Common Stock",XNAS,CS,True
EGO,Eldorado Gold Corporation,XNYS,CS,True
EGY,"Vaalco Energy, Inc.",XNYS,CS,True
EH,EHang Holdings Limited ADS,XNAS,ADRC,True
EHAB,"Enhabit, Inc.",XNYS,CS,True
EHC,Encompass Health Corporation Common Stock,XNYS,CS,True
EHGO,Eshallgo Inc. Class A Ordinary Shares,XNAS,CS,True
EHLD,Euroholdings Ltd. Common Stock,XNAS,CS,True
EHTH,"eHealth, Inc.",XNAS,CS,True
EIG,"Employers Holdings, Inc.",XNYS,CS,True
EIX,Edison International,XNYS,CS,True
EJH,E-Home Household Service Holdings Limited Ordinary Shares,XNAS,CS,True
EKSO,"Ekso Bionics Holdings, Inc. Common Stock",XNAS,CS,True
EL,The Estee Lauder Companies Inc. Class A,XNYS,CS,True
ELAB,PMGC Holdings Inc. Common Stock,XNAS,CS,True
ELAN,Elanco Animal Health Incorporated Common Stock,XNYS,CS,True
ELBM,Electra Battery Materials Corporation Common Stock,XNAS,CS,True
ELDN,"Eledon Pharmaceuticals, Inc. Common Stock",XNAS,CS,True
ELE,Elemental Royalty Corporation Common Stock,XNAS,CS,True
ELF,"e.l.f. Beauty, Inc.",XNYS,CS,True
ELME,Elme Communities,XNYS,CS,True
ELOG,Eastern International Ltd. Ordinary Shares,XNAS,CS,True
ELPW,Elong Power Holding Limited Class A Ordinary Shares,XNAS,CS,True
ELSE,Electro-Sensors Inc,XNAS,CS,True
ELTK,Eltek Ltd,XNAS,CS,True
ELTX,"Elicio Therapeutics, Inc. Common Stock",XNAS,CS,True
ELUT,Elutia Inc. Class A Common Stock,XNAS,CS,True
ELV,"Elevance Health, Inc.",XNYS,CS,True
ELVA,Electrovaya Inc. Common Shares,XNAS,CS,True
ELVN,"Enliven Therapeutics, Inc. Common Stock",XNAS,CS,True
ELVR,Elevra Lithium Limited American Depository Shares,XNAS,ADRC,True
ELWT,"Elauwit Connection, Inc. Common Stock",XNAS,CS,True
EMA,Emera Incorporated,XNYS,CS,True
EMAT,Evolution Metals & Technologies Corp. Common Stock,XNAS,CS,True
EMBC,Embecta Corp. Common Stock,XNAS,CS,True
EME,"EMCOR Group, Inc.",XNYS,CS,True
EMIS,Emmis Acquisition Corp. Class A Ordinary Shares,XNAS,CS,True
EML,Eastern Company,XNAS,CS,True
EMN,Eastman Chemical Company,XNYS,CS,True
EMP,"Entergy Mississippi, LLC First Mortgage Bonds, 4.90% Series due October 1, 2066",XNYS,CS,True
EMPD,Empery Digital Inc. Common stock,XNAS,CS,True
EMPG,Empro Group Inc. Ordinary shares,XNAS,CS,True
ENB,"Enbridge, Inc",XNYS,CS,True
ENGN,enGene Holdings Inc. Common Stock,XNAS,CS,True
ENGS,Energys Group Limited Ordinary Shares,XNAS,CS,True
ENLT,Enlight Renewable Energy Ltd. Ordinary Shares,XNAS,CS,True
ENLV,Enlivex Therapeutics Ltd. Ordinary Shares,XNAS,CS,True
ENOV,Enovis Corporation,XNYS,CS,True
ENPH,"Enphase Energy, Inc.",XNAS,CS,True
ENR,"Energizer Holdings, Inc",XNYS,CS,True
ENS,"EnerSys, Inc.",XNYS,CS,True
ENSC,"Ensysce Biosciences, Inc. Common Stock",XNAS,CS,True
ENSG,"The Ensign Group, Inc.",XNAS,CS,True
ENTA,"Enanta Pharmaceuticals, Inc",XNAS,CS,True
ENTG,Entegris Inc,XNAS,CS,True
ENTX,Entera Bio Ltd. Ordinary Shares,XNAS,CS,True
ENVA,"Enova International, Inc.",XNYS,CS,True
ENVB,"Enveric Biosciences, Inc. Common Stock",XNAS,CS,True
ENVX,Enovix Corporation Common Stock,XNAS,CS,True
EOG,"EOG Resources, Inc.",XNYS,CS,True
EOLS,"Evolus, Inc. Common Stock",XNAS,CS,True
EOSE,"Eos Energy Enterprises, Inc. Class A Common Stock",XNAS,CS,True
EPAC,Enerpac Tool Group Corp.,XNYS,CS,True
EPAM,"EPAM SYSTEMS, INC.",XNYS,CS,True
EPC,Edgewell Personal Care Company,XNYS,CS,True
EPD,Enterprise Products Partners L.P.,XNYS,CS,True
EPOW,"Sunrise New Energy Co., Ltd Class A Ordinary Shares",XNAS,CS,True
EPRX,Eupraxia Pharmaceuticals Inc. Common Stock,XNAS,CS,True
EPSM,Epsium Enterprise Limited Class A Ordinary Shares,XNAS,CS,True
EPSN,Epsilon Energy Ltd.,XNAS,CS,True
EQ,"Equillium, Inc. Common Stock",XNAS,CS,True
EQH,"Equitable Holdings, Inc.",XNYS,CS,True
EQR,Equity Residential,XNYS,CS,True
EQS,"Equus Total Return, Inc.",XNYS,CS,True
EQT,EQT CORP,XNYS,CS,True
ERAS,"Erasca, Inc. Common Stock",XNAS,CS,True
ERIE,Erie Indemnity Co,XNAS,CS,True
ERII,"Energy Recovery, Inc.",XNAS,CS,True
ERNA,Ernexa Therapeutics Inc. Common Stock,XNAS,CS,True
ERO,Ero Copper Corp.,XNYS,CS,True
ES,Eversource Energy,XNYS,CS,True
ESAB,ESAB Corporation,XNYS,CS,True
ESCA,Escalade Inc,XNAS,CS,True
ESE,"ESCO Technologies, Inc.",XNYS,CS,True
ESEA,Euroseas Ltd.(Marshall Islands),XNAS,CS,True
ESGL,ESGL Holdings Limited Ordinary Shares,XNAS,CS,True
ESHA,ESH Acquisition Corp. Class A Common Stock,XNAS,CS,True
ESI,Element Solutions Inc.,XNYS,CS,True
ESLA,"Estrella Immunopharma, Inc. Common Stock",XNAS,CS,True
ESLT,Elbit Systems Ltd,XNAS,CS,True
ESNT,Essent Group LTD,XNYS,CS,True
ESOA,Energy Services of America Corporation Common Stock,XNAS,CS,True
ESPR,"Esperion Therapeutics, Inc.",XNAS,CS,True
ESQ,"Esquire Financial Holdings, Inc. Common Stock",XNAS,CS,True
ESTA,Establishment Labs Holdings Inc.,XNAS,CS,True
ESTC,Elastic N.V.,XNYS,CS,True
ET,Energy Transfer LP Common Units representing limited partner interests,XNYS,CS,True
ETD,Ethan Allen Interiors Inc,XNYS,CS,True
ETHM,Dynamix Corporation Class A Ordinary Shares,XNAS,CS,True
ETHZ,ETHZilla Corporation Common Stock,XNAS,CS,True
ETN,"Eaton Corporation, plc Ordinary Shares",XNYS,CS,True
ETON,"Eton Pharmaceutcials, Inc. Common Stock",XNAS,CS,True
ETOR,eToro Group Ltd. Class A Common Shares,XNAS,CS,True
ETR,Entergy Corporation,XNYS,CS,True
ETS,Elite Express Holding Inc. Class A Common Stock,XNAS,CS,True
ETSY,"Etsy, Inc.",XNYS,CS,True
EU,enCore Energy Corp.,XNAS,CS,True
EUDA,EUDA Health Holdings Limited Ordinary Shares,XNAS,CS,True
EURK,Eureka Acquisition Corp Class A Ordinary Share,XNAS,CS,True
EVAC,EQV Ventures Acquisition Corp. II,XNYS,CS,True
EVAX,Evaxion A/S American Depositary Share,XNAS,ADRC,True
EVC,Entravision Communication,XNYS,CS,True
EVCM,EverCommerce Inc. Common Stock,XNAS,CS,True
EVER,"EverQuote, Inc. Class A Common Stock",XNAS,CS,True
EVEX,"Eve Holding, Inc.",XNYS,CS,True
EVGN,EVOGENE LTD.,XNAS,CS,True
EVGO,EVgo Inc. Class A Common Stock,XNAS,CS,True
EVH,"Evolent Health, Inc Class A Common Stock",XNYS,CS,True
EVLV,"Evolv Technologies Holdings, Inc. Class A Common Stock",XNAS,CS,True
EVMN,"Evommune, Inc.",XNYS,CS,True
EVOX,Evolution Global Acquisition Corp Class A Ordinary Shares,XNAS,CS,True
EVR,Evercore Inc.,XNYS,CS,True
EVRG,"Evergy, Inc.",XNAS,CS,True
EVTC,"EVERTEC, INC.",XNYS,CS,True
EVTL,Vertical Aerospace Ltd.,XNYS,CS,True
EVTV,"Envirotech Vehicles, Inc. Common Stock",XNAS,CS,True
EW,Edwards Lifesciences Corp,XNYS,CS,True
EWCZ,"European Wax Center, Inc. Class A Common Stock",XNAS,CS,True
EWTX,"Edgewise Therapeutics, Inc. Common Stock",XNAS,CS,True
EXAS,Exact Sciences Corp,XNAS,CS,True
EXC,Exelon Corporation,XNAS,CS,True
EXE,Expand Energy Corporation Common Stock,XNAS,CS,True
EXEL,Exelixis Inc,XNAS,CS,True
EXFY,"Expensify, Inc. Class A Common Stock",XNAS,CS,True
EXK,Endeavour Silver Corp.,XNYS,CS,True
EXLS,"ExlService Holdings, Inc.",XNAS,CS,True
EXOZ,eXoZymes Inc. Common Stock,XNAS,CS,True
EXP,"Eagle Materials, Inc.",XNYS,CS,True
EXPD,"Expeditors International of Washington, Inc.",XNYS,CS,True
EXPE,"Expedia Group, Inc. Common Stock",XNAS,CS,True
EXPI,"eXp World Holdings, Inc. Common Stock",XNAS,CS,True
EXPO,Exponent Inc,XNAS,CS,True
EXR,"Extra Space Storage, Inc.",XNYS,CS,True
EXTR,Extreme Networks,XNAS,CS,True
EYE,"National Vision Holdings, Inc. Common Stock",XNAS,CS,True
EYPT,"EyePoint, Inc. Common Stock",XNAS,CS,True
EZGO,EZGO Technologies Ltd. Ordinary Shares,XNAS,CS,True
EZPW,Ezcorp Inc,XNAS,CS,True
F,Ford Motor Company,XNYS,CS,True
FA,First Advantage Corporation Common Stock,XNAS,CS,True
FACT,FACT II Acquisition Corp. Class A Ordinary Shares,XNAS,CS,True
FAMI,"Farmmi, Inc.",XNAS,CS,True
FANG,"Diamondback Energy, Inc.",XNAS,CS,True
FARM,Farmer Bros Co,XNAS,CS,True
FAST,Fastenal Co,XNAS,CS,True
FAT,FAT Brands Inc. Class A Common Stock,XNAS,CS,True
FATBB,FAT Brands Inc. Class B Common Stock,XNAS,CS,True
FATE,"Fate Therapeutics, Inc.",XNAS,CS,True
FATN,"FatPipe, Inc. Common Stock",XNAS,CS,True
FBGL,FBS Global Limited Ordinary Shares,XNAS,CS,True
FBIN,"Fortune Brands Innovations, Inc.",XNYS,CS,True
FBIO,"Fortress Biotech, Inc.",XNAS,CS,True
FBIZ,"First Business Financial Services, Inc.",XNAS,CS,True
FBLG,"FibroBiologics, Inc. Common Stock",XNAS,CS,True
FBRX,"Forte Biosciences, Inc. Common Stock",XNAS,CS,True
FBYD,"Falcon's Beyond Global, Inc. Class A Common Stock",XNAS,CS,True
FC,Franklin Covey Company,XNYS,CS,True
FCAP,First Capital Inc,XNAS,CS,True
FCBC,"First Community Bankshares, Inc. (VA)",XNAS,CS,True
FCCO,First Community Corp,XNAS,CS,True
FCEL,FuelCell Energy Inc  NEW (DE),XNAS,CS,True
FCFS,"FirstCash Holdings, Inc. Common Stock",XNAS,CS,True
FCHL,Fitness Champs Holdings Limited Common Stock,XNAS,CS,True
FCN,"FTI Consulting, Inc.",XNYS,CS,True
FCRS,FutureCrest Acquisition Corp.,XNYS,CS,True
FCUV,Focus Universal Inc. Common Stock,XNAS,CS,True
FCX,Freeport-McMoran Inc.,XNYS,CS,True
FDMT,"4D Molecular Therapeutics, Inc. Common Stock",XNAS,CS,True
FDP,Fresh Del Monte Produce Inc.,XNYS,CS,True
FDS,Factset Research Systems,XNYS,CS,True
FDUS,Fidus Investment Corp.,XNAS,CS,True
FDX,FedEx Corporation,XNYS,CS,True
FE,FirstEnergy Corp.,XNYS,CS,True
FEAM,"5E Advanced Materials, Inc. Common Stock",XNAS,CS,True
FEBO,Fenbo Holdings Limited Class A Ordinary Shares,XNAS,CS,True
FEED,"ENvue Medical, Inc. Common Stock",XNAS,CS,True
FEIM,"Frequency Electronics, Inc.",XNAS,CS,True
FEMY,Femasys Inc. Common Stock,XNAS,CS,True
FENC,Fennec Pharmaceuticals Inc. Common Stock,XNAS,CS,True
FER,Ferrovial SE Ordinary Shares,XNAS,CS,True
FERA,Fifth Era Acquisition Corp I Class A Ordinary Shares,XNAS,CS,True
FERG,Ferguson Enterprises Inc.,XNYS,CS,True
FET,"Forum Energy Technologies, Inc.",XNYS,CS,True
FF,Future Fuel Corporation,XNYS,CS,True
FFIN,First Financial Bankshares Inc,XNAS,CS,True
FFIV,"F5, Inc. Common Stock",XNAS,CS,True
FFWM,First Foundation Inc.,XNYS,CS,True
FG,"F&G Annuities & Life, Inc.",XNYS,CS,True
FGEN,"FibroGen, Inc",XNAS,CS,True
FGI,FGI Industries Ltd. Ordinary Shares,XNAS,CS,True
FGL,Founder Group Limited Class A Ordinary Shares,XNAS,CS,True
FGMC,FG Merger II Corp. Common stock,XNAS,CS,True
FGNX,FG Nexus Inc. Common Stock,XNAS,CS,True
FHB,"First Hawaiian, Inc. Common Stock",XNAS,CS,True
FHI,"Federated Hermes, Inc.",XNYS,CS,True
FHN,First Horizon Corporation,XNYS,CS,True
FHTX,Foghorn Therapeutics Inc. Common Stock,XNAS,CS,True
FIBK,"First Interstate BancSystem, Inc. Common Stock (DE)",XNAS,CS,True
FICO,Fair Isaac Corporation,XNYS,CS,True
FIEE,"FiEE, Inc Common Stock",XNAS,CS,True
FIG,"Figma, Inc.",XNYS,CS,True
FIGR,"Figure Technology Solutions, Inc. Class A Common Stock",XNAS,CS,True
FIGS,"FIGS, Inc.",XNYS,CS,True
FIGX,FIGX Capital Acquisition Corp. Class A Ordinary Share,XNAS,CS,True
FIHL,Fidelis Insurance Holdings Limited,XNYS,CS,True
FIP,FTAI Infrastructure Inc. Common Stock,XNAS,CS,True
FIS,"Fidelity National Information Services, Inc.",XNYS,CS,True
FISI,Financial Institutions Inc,XNAS,CS,True
FISV,"Fiserv, Inc. Common Stock",XNAS,CS,True
FIVE,"Five Below, Inc. Common Stock",XNAS,CS,True
FIVN,"FIVE9, INC.",XNAS,CS,True
FIX,"Comfort Systems USA, Inc.",XNYS,CS,True
FIZZ,National Beverage Corp.,XNAS,CS,True
FKWL,Franklin Wireless Corp. Common Stock,XNAS,CS,True
FLD,"Fold Holdings, Inc. Class A Common Stock",XNAS,CS,True
FLEX,Flex Ltd. Ordinary Shares,XNAS,CS,True
FLG,"Flagstar Bank, National Association",XNYS,CS,True
FLGC,Flora Growth Corp. Common Stock,XNAS,CS,True
FLGT,"Fulgent Genetics, Inc. Common Stock",XNAS,CS,True
FLL,"Full House Resorts, Inc.",XNAS,CS,True
FLNC,"Fluence Energy, Inc. Class A Common Stock",XNAS,CS,True
FLNG,FLEX LNG Ltd. Ordinary Shares,XNYS,CS,True
FLNT,"Fluent, Inc. Common Stock",XNAS,CS,True
FLO,"Flowers Foods, Inc.",XNYS,CS,True
FLOC,Flowco Holdings Inc.,XNYS,CS,True
FLR,Fluor Corporation,XNYS,CS,True
FLS,Flowserve Corporation,XNYS,CS,True
FLUT,Flutter Entertainment plc,XNYS,CS,True
FLUX,"Flux Power Holdings, Inc. Common Stock",XNAS,CS,True
FLWS,1-800-FLOWERS.COM Inc,XNAS,CS,True
FLXS,Flexsteel Industries,XNAS,CS,True
FLY,Firefly Aerospace Inc. Common Stock,XNAS,CS,True
FLYE,"Fly-E Group, Inc. Common Stock",XNAS,CS,True
FLYW,Flywire Corporation Voting Common Stock,XNAS,CS,True
FMC,FMC Corporation,XNYS,CS,True
FMFC,Kandal M Venture Limited Class A Ordinary Shares,XNAS,CS,True
FMNB,Farmers National Banc Corp,XNAS,CS,True
FMS,Fresenius Medical Care AG,XNYS,ADRC,True
FMST,Foremost Clean Energy Ltd. Common stock,XNAS,CS,True
FMX,"FOMENTO ECONOMICO MEXICANO, S.A.B. DE C.V.",XNYS,ADRC,True
FN,Fabrinet,XNYS,CS,True
FNB,F.N.B. Corp,XNYS,CS,True
FND,"Floor & Decor Holdings, Inc.",XNYS,CS,True
FNF,"Fidelity National Financial, Inc.",XNYS,CS,True
FNGR,"FingerMotion, Inc. Common Stock",XNAS,CS,True
FNKO,"Funko, Inc. Class A Common Stock",XNAS,CS,True
FNV,Franco-Nevada Corporation,XNYS,CS,True
FOA,Finance of America Companies Inc.,XNYS,CS,True
FOFO,"Hang Feng Technology Innovation Co., Ltd. Ordinary Shares",XNAS,CS,True
FOLD,"Amicus Therapeutics, Inc",XNAS,CS,True
FONR,Fonar Corporation,XNAS,CS,True
FOR,Forestar Group Inc.,XNYS,CS,True
FORA,Forian Inc. Common Stock,XNAS,CS,True
FORM,FormFactor Inc.,XNAS,CS,True
FORR,Forrester Research Inc,XNAS,CS,True
FORTY,Formula Systems 1985 Ltd,XNAS,ADRC,True
FOSL,"Fossil Group, Inc.",XNAS,CS,True
FOUR,"Shift4 Payments, Inc.",XNYS,CS,True
FOX,Fox Corporation Class B Common Stock,XNAS,CS,True
FOXA,Fox Corporation Class A Common Stock,XNAS,CS,True
FOXF,Fox Factory Holding Corp. Common Stock,XNAS,CS,True
FOXX,Foxx Development Holdings Inc. Common Stock,XNAS,CS,True
FPH,"Five Point Holdings, LLC Class A Common Shares",XNYS,CS,True
FPI,Farmland Partners Inc.,XNYS,CS,True
FRAF,Franklin Financial Services Corporation Common Stock,XNAS,CS,True
FRBA,First Bank,XNAS,CS,True
FRD,Friedman Industries Inc. Common Stock,XNAS,CS,True
FRGE,"Forge Global Holdings, Inc.",XNYS,CS,True
FRGT,"Freight Technologies, Inc. Ordinary Shares",XNAS,CS,True
FRHC,Freedom Holding Corp.,XNAS,CS,True
FRME,First Merchants Corp,XNAS,CS,True
FRMEP,First Merchants Corporation Depository Shares,XNAS,CS,True
FRMI,Fermi Inc. Common Stock,XNAS,CS,True
FRO,Frontline Plc,XNYS,CS,True
FROG,JFrog Ltd. Ordinary Shares,XNAS,CS,True
FRPH,"FRP Holdings, Inc.",XNAS,CS,True
FRPT,"Freshpet, Inc.",XNAS,CS,True
FRSH,Freshworks Inc. Class A Common Stock,XNAS,CS,True
FSCO,FS Credit Opportunities Corp.,XNYS,CS,True
FSFG,"First Savings Financial Group, Inc",XNAS,CS,True
FSHP,Flag Ship Acquisition Corp. Ordinary Shares,XNAS,CS,True
FSK,FS KKR Capital Corp. Common Stock,XNYS,CS,True
FSLR,"First Solar, Inc.",XNAS,CS,True
FSLY,"Fastly, Inc. Class A Common Stock",XNAS,CS,True
FSM,Fortuna Mining Corp.,XNYS,CS,True
FSS,Federal Signal Corp.,XNYS,CS,True
FSSL,FS Specialty Lending Fund,XNYS,CS,True
FSTR,Foster (Lb) Co,XNAS,CS,True
FSV,FirstService Corporation Common Shares,XNAS,CS,True
FTAI,FTAI Aviation Ltd. Common Stock,XNAS,CS,True
FTCI,"FTC Solar, Inc. Common Stock",XNAS,CS,True
FTDR,"Frontdoor, Inc. Common Stock",XNAS,CS,True
FTEK,"Fuel Tech, Inc.",XNAS,CS,True
FTEL,Fitell Corporation Class A Ordinary Shares,XNAS,CS,True
FTFT,Future FinTech Group Inc.,XNAS,CS,True
FTHM,Fathom Holdings Inc. Common Stock,XNAS,CS,True
FTI,TechnipFMC plc Ordinary Share,XNYS,CS,True
FTK,"Flotek Industries, Inc.",XNYS,CS,True
FTLF,"FitLife Brands, Inc. Common Stock",XNAS,CS,True
FTNT,"Fortinet, Inc.",XNAS,CS,True
FTRE,Fortrea Holdings Inc. Common Stock,XNAS,CS,True
FTRK,FAST TRACK GROUP Ordinary shares,XNAS,CS,True
FTS,Fortis Inc. Common Shares,XNYS,CS,True
FTV,Fortive Corporation,XNYS,CS,True
FTW,EQV Ventures Acquisition Corp.,XNYS,CS,True
FUBO,FuboTV Inc.,XNYS,CS,True
FUFU,BitFuFu Inc. Class A Ordinary Shares,XNAS,CS,True
FUL,H.B. Fuller Company,XNYS,CS,True
FULC,"Fulcrum Therapeutics, Inc. Common Stock",XNAS,CS,True
FUN,Six Flags Entertainment Corporation,XNYS,CS,True
FUNC,First United Corp,XNAS,CS,True
FUSE,Fusemachines Inc. Common stock,XNAS,CS,True
FVCB,"FVCBankcorp, Inc. Common Stock",XNAS,CS,True
FVN,Future Vision II Acquisition Corporation Ordinary shares,XNAS,CS,True
FVRR,Fiverr International Ltd.,XNYS,CS,True
FWDI,"Forward Industries, Inc. Common Stock",XNAS,CS,True
FWRD,Forward Air Corp,XNAS,CS,True
FWRG,"First Watch Restaurant Group, Inc. Common Stock",XNAS,CS,True
FXNC,FIRST NATL CORP STRASBURG VA,XNAS,CS,True
FYBR,"Frontier Communications Parent, Inc. Common Stock",XNAS,CS,True
G,GENPACT LIMITED,XNYS,CS,True
GAIA,"Gaia, Inc. Class A Common Stock",XNAS,CS,True
GAIN,Gladstone Investment Corporation,XNAS,CS,True
GAINI,Gladstone Investment Corporation 7.875% Notes due 2030,XNAS,CS,True
GAINN,Gladstone Investment Corporation 5.00% Notes Due 2026,XNAS,CS,True
GAINZ,Gladstone Investment Corporation 4.875% Notes due 2028,XNAS,CS,True
GALT,Galectin Therapeutics Inc.,XNAS,CS,True
GAMB,Gambling.com Group Limited Ordinary Shares,XNAS,CS,True
GAME,"GameSquare Holdings, Inc. Common Stock",XNAS,CS,True
GANX,"Gain Therapeutics, Inc. Common Stock",XNAS,CS,True
GAP,"The Gap, Inc.",XNYS,CS,True
GASS,"StealthGas, Inc.",XNAS,CS,True
GATX,GATX Corporation,XNYS,CS,True
GAUZ,Gauzy Ltd. Ordinary Shares,XNAS,CS,True
GBFH,GBank Financial Holdings Inc. Common Stock,XNAS,CS,True
GBIO,Generation Bio Co. Common Stock,XNAS,CS,True
GBLI,"Global Indemnity Group, LLC Class A Common Stock",XNAS,CS,True
GBTG,"Global Business Travel Group, Inc.",XNYS,CS,True
GBX,"The Greenbrier Companies, Inc.",XNYS,CS,True
GCL,GCL Global Holdings Ltd Ordinary Shares,XNAS,CS,True
GCMG,GCM Grosvenor Inc. Class A Common Stock,XNAS,CS,True
GCO,Genesco Inc.,XNYS,CS,True
GCT,GigaCloud Technology Inc Class A Ordinary Shares,XNAS,CS,True
GCTK,"GlucoTrack, Inc. Common Stock",XNAS,CS,True
GCTS,"GCT Semiconductor Holding, Inc.",XNYS,CS,True
GD,General Dynamics Corporation,XNYS,CS,True
GDC,GD Culture Group Limited Common Stock,XNAS,CS,True
GDDY,GoDaddy Inc,XNYS,CS,True
GDEN,"Golden Entertainment, Inc. Common Stock",XNAS,CS,True
GDEV,GDEV Inc. Ordinary Shares,XNAS,CS,True
GDHG,Golden Heaven Group Holdings Ltd. Class A Ordinary Shares,XNAS,CS,True
GDOT,Green Dot Corporation,XNYS,CS,True
GDRX,"GoodRx Holdings, Inc. Class A Common Stock",XNAS,CS,True
GDS,GDS Holdings Limited ADS,XNAS,ADRC,True
GDTC,CytoMed Therapeutics Limited Ordinary Shares,XNAS,CS,True
GDYN,"Grid Dynamics Holdings, Inc. Class A Common Stock",XNAS,CS,True
GE,GE Aerospace,XNYS,CS,True
GECC,Great Elm Capital. Corp. Common Stock,XNAS,CS,True
GECCG,Great Elm Capital Corp. 7.75% Notes Due 2030,XNAS,CS,True
GECCH,Great Elm Capital Corp. 8.125% Notes Due 2029,XNAS,CS,True
GECCI,Great Elm Capital Corp. 8.50% NOTES DUE 2029,XNAS,CS,True
GECCO,Great Elm Capital Corp. 5.875% Notes due 2026,XNAS,CS,True
GEF,"Greif, Inc.",XNYS,CS,True
GEF.B,"Greif, Inc. Class B",XNYS,CS,True
GEG,"Great Elm Group, Inc. Common Stock",XNAS,CS,True
GEGGL,"Great Elm Group, Inc. 7.25% Notes due 2027",XNAS,CS,True
GEHC,GE HealthCare Technologies Inc. Common Stock,XNAS,CS,True
GEL,"Genesis Energy, L.P.",XNYS,CS,True
GELS,Gelteq Limited Ordinary Shares,XNAS,CS,True
GEMI,"Gemini Space Station, Inc. Class A Common Stock",XNAS,CS,True
GEN,Gen Digital Inc. Common Stock,XNAS,CS,True
GENI,Genius Sports Limited,XNYS,CS,True
GENK,"GEN Restaurant Group, Inc. Class A Common Stock",XNAS,CS,True
GEO,"The GEO Group, Inc.",XNYS,CS,True
GEOS,Geospace Technologies Corporation Common Stock,XNAS,CS,True
GERN,Geron Corp,XNAS,CS,True
GES,"Guess, Inc.",XNYS,CS,True
GETY,"Getty Images Holdings, Inc.",XNYS,CS,True
GEV,GE Vernova Inc.,XNYS,CS,True
GEVO,"Gevo, Inc.",XNAS,CS,True
GFAI,"Guardforce AI Co., Limited Ordinary Shares",XNAS,CS,True
GFF,Griffon Corp,XNYS,CS,True
GFI,Gold Fields Ltd ADR,XNYS,ADRC,True
GFL,GFL Environmental Inc. Subordinate Voting Shares,XNYS,CS,True
GFR,Greenfire Resources Ltd.,XNYS,CS,True
GFS,GlobalFoundries Inc. Ordinary Shares,XNAS,CS,True
GGAL,Grupo Financiero Galicia SA,XNAS,ADRC,True
GGB,Gerdau S.A.,XNYS,ADRC,True
GGG,Graco Inc,XNYS,CS,True
GGR,Gogoro Inc. Ordinary Shares,XNAS,CS,True
GH,"Guardant Health, Inc. Common Stock",XNAS,CS,True
GHC,GRAHAM HOLDINGS COMPANY,XNYS,CS,True
GHM,Graham Corporation,XNYS,CS,True
GHRS,GH Research PLC Ordinary Shares,XNAS,CS,True
GIB,CGI Inc.,XNYS,CS,True
GIBO,GIBO Holdings Limited Class A Ordinary Shares,XNAS,CS,True
GIC,Global Industrial Company,XNYS,CS,True
GIFI,Gulf Island Fabrication Inc,XNAS,CS,True
GIFT,"Giftify, Inc. Common Stock",XNAS,CS,True
GIG,GigCapital7 Corp. Class A Ordinary Share,XNAS,CS,True
GIGM,GigaMedia Ltd,XNAS,CS,True
GIII,G-Iii Apparel Group Ltd,XNAS,CS,True
GIL,Gildan Activewear Inc.,XNYS,CS,True
GILD,Gilead Sciences Inc,XNAS,CS,True
GILT,Gilat Satellite Networks Ltd,XNAS,CS,True
GIS,"General Mills, Inc.",XNYS,CS,True
GITS,"Global Interactive Technologies, Inc. Common Stock",XNAS,CS,True
GIW,GigCapital8 Corp. Class A Ordinary Shares,XNAS,CS,True
GKOS,Glaukos Corporation,XNYS,CS,True
GL,Globe Life Inc.,XNYS,CS,True
GLAD,Gladstone Capital Corp,XNAS,CS,True
GLBE,Global-E Online Ltd. Ordinary Shares,XNAS,CS,True
GLBS,Globus Maritime Limited,XNAS,CS,True
GLDD,Great Lakes Dredge & Dock Corporation,XNAS,CS,True
GLE,Global Engine Group Holding Limited Class A Ordinary Shares,XNAS,CS,True
GLMD,Galmed Pharmaceuticals Ltd.,XNAS,CS,True
GLNG,Golar LNG Ltd,XNAS,CS,True
GLOB,GLOBANT S.A.,XNYS,CS,True
GLOO,"Gloo Holdings, Inc. Class A Common Stock",XNAS,CS,True
GLP,Global Partners LP,XNYS,CS,True
GLPG,Galapagos NV,XNAS,ADRC,True
GLRE,"Greenlight Captial RE, LTD. Class A",XNAS,CS,True
GLSI,"Greenwich LifeSciences, Inc.",XNAS,CS,True
GLTO,"Galecto, Inc. Common Stock",XNAS,CS,True
GLUE,"Monte Rosa Therapeutics, Inc. Common Stock",XNAS,CS,True
GLW,Corning Incorporated,XNYS,CS,True
GLXG,Galaxy Payroll Group Limited Class A Ordinary Shares,XNAS,CS,True
GLXY,Galaxy Digital Inc. Class A Common Stock,XNAS,CS,True
GM,General Motors Company,XNYS,CS,True
GMAB,Genmab A/S ADS,XNAS,ADRC,True
GME,GameStop Corp. Class A,XNYS,CS,True
GMED,GLOBUS MEDICAL INC,XNYS,CS,True
GMGI,"Golden Matrix Group, Inc. Common Stock",XNAS,CS,True
GMHS,Gamehaus Holdings Inc. Class A Ordinary Shares,XNAS,CS,True
GMM,Global Mofy AI Limited Class A Ordinary Shares,XNAS,CS,True
GNE,GENIE ENERGY LTD,XNYS,CS,True
GNK,GENCO SHIPPING & TRADING LTD,XNYS,CS,True
GNL,"Global Net Lease, Inc.",XNYS,CS,True
GNLN,"Greenlane Holdings, Inc. Class A Common Stock",XNAS,CS,True
GNLX,Genelux Corporation Common Stock,XNAS,CS,True
GNPX,"Genprex, Inc. Common Stock",XNAS,CS,True
GNRC,GENERAC HOLDINGS INC,XNYS,CS,True
GNSS,Genasys Inc. Common Stock,XNAS,CS,True
GNTX,Gentex Corp,XNAS,CS,True
GNW,"Genworth Financial, Inc.",XNYS,CS,True
GO,Grocery Outlet Holding Corp. Common Stock,XNAS,CS,True
GOCO,"GoHealth, Inc. Class A Common Stock",XNAS,CS,True
GOGO,Gogo Inc.,XNAS,CS,True
GOLD,"Gold.com, Inc.",XNYS,CS,True
GOLF,Acushnet Holdings Corp.,XNYS,CS,True
GOOG,Alphabet Inc. Class C Capital Stock,XNAS,CS,True
GOOGL,Alphabet Inc. Class A Common Stock,XNAS,CS,True
GOOS,Canada Goose Holdings Inc.,XNYS,CS,True
GOSS,"Gossamer Bio, Inc. Common Stock",XNAS,CS,True
GOVX,"GeoVax Labs, Inc. New",XNAS,CS,True
GP,GreenPower Motor Company Inc. Common Shares,XNAS,CS,True
GPAT,GP-Act III Acquisition Corp. Class A Ordinary Share,XNAS,CS,True
GPC,Genuine Parts Company,XNYS,CS,True
GPI,"Group 1 Automotive, Inc.",XNYS,CS,True
GPK,Graphic Packaging Holding Company,XNYS,CS,True
GPN,"Global Payments, Inc.",XNYS,CS,True
GPOR,Gulfport Energy Corporation,XNYS,CS,True
GPRE,"Green Plains, Inc.",XNAS,CS,True
GPRK,GEOPARK LIMITED,XNYS,CS,True
GPRO,"GoPro, Inc.",XNAS,CS,True
GRAB,Grab Holdings Limited Class A Ordinary Shares,XNAS,CS,True
GRAL,"GRAIL, Inc. Common Stock",XNAS,CS,True
GRAN,Grande Group Limited Class A Ordinary Shares,XNAS,CS,True
GRBK,"Green Brick Partners, Inc",XNYS,CS,True
GRC,The Gorman-Rupp Company Common Shares,XNYS,CS,True
GRCE,"Grace Therapeutics, Inc. Common Stock",XNAS,CS,True
GRDN,"Guardian Pharmacy Services, Inc.",XNYS,CS,True
GRDX,GridAI Technologies Corp. Common Stock,XNAS,CS,True
GREE,Greenidge Generation Holdings Inc. Class A Common,XNAS,CS,True
GREEL,Greenidge Generation Holdings Inc. 8.50% Senior Notes due 2026,XNAS,CS,True
GRFS,"Grifois, S.A.",XNAS,ADRC,True
GRI,"GRI Bio, Inc. Common Stock",XNAS,CS,True
GRMN,Garmin Ltd,XNYS,CS,True
GRND,Grindr Inc.,XNYS,CS,True
GRNQ,Greenpro Capital Corp. Common Stock,XNAS,CS,True
GRNT,"Granite Ridge Resources, Inc.",XNYS,CS,True
GROV,"Grove Collaborative Holdings, Inc.",XNYS,CS,True
GROW,US Global Investors Inc,XNAS,CS,True
GRPN,"Groupon, Inc.Common Stock",XNAS,CS,True
GRRR,Gorilla Technology Group Inc. Ordinary shares,XNAS,CS,True
GRVY,"GRAVITY Co., Ltd.",XNAS,ADRC,True
GRWG,GROW GENERATION CORP,XNAS,CS,True
GS,Goldman Sachs Group Inc.,XNYS,CS,True
GSAT,"Globalstar, Inc. Common Stock",XNAS,CS,True
GSHD,"Goosehead Insurance, Inc. Class A Common Stock",XNAS,CS,True
GSHR,Gesher Acquisition Corp. II Class A Ordinary Shares,XNAS,CS,True
GSIT,GSI Technology,XNAS,CS,True
GSIW,Garden Stage Limited Ordinary Shares,XNAS,CS,True
GSL,"Global Ship Lease, Inc.",XNYS,CS,True
GSM,Ferroglobe PLC Ordinary Shares,XNAS,CS,True
GSRF,GSR IV Acquisition Corp. Class A ordinary share,XNAS,CS,True
GSUN,Golden Sun Health Technology Group Limited Class A Ordinary Shares,XNAS,CS,True
GT,Goodyear Tire & Rubber,XNAS,CS,True
GTBP,GT Biopharma Inc. Common Stock,XNAS,CS,True
GTEC,Greenland Technologies Holding Corporation Ordinary Shares,XNAS,CS,True
GTEN,"Gores Holdings X, Inc. Class A ordinary shares",XNAS,CS,True
GTERA,Globa Terra Acquisition Corporation Class A Ordinary Shares,XNAS,CS,True
GTES,Gates Industrial Corporation plc,XNYS,CS,True
GTIM,Good Times Restaurants Inc.,XNAS,CS,True
GTLB,GitLab Inc. Class A Common Stock,XNAS,CS,True
GTLS,"Chart Industries, Inc.",XNYS,CS,True
GTM,ZoomInfo Technologies Inc Common Stock,XNAS,CS,True
GTN,"Gray Media, Inc.",XNYS,CS,True
GTN.A,"Gray Media, Inc. Class A",XNYS,CS,True
GTX,Garrett Motion Inc. Common Stock,XNAS,CS,True
GURE,"Gulf Resources, Inc. (NV) Common Stock",XNAS,CS,True
GUTS,"Fractyl Health, Inc. Common Stock",XNAS,CS,True
GV,Visionary Holdings Inc. Common Shares,XNAS,CS,True
GVA,Granite Construction Inc.,XNYS,CS,True
GVH,Globavend Holdings Limited Ordinary Shares,XNAS,CS,True
GWAV,"Greenwave Technology Solutions, Inc. Common Stock",XNAS,CS,True
GWH,"ESS Tech, Inc.",XNYS,CS,True
GWRE,"GUIDEWIRE SOFTWARE, INC.",XNYS,CS,True
GWW,"W.W. Grainger, Inc.",XNYS,CS,True
GXAI,Gaxos.ai Inc. Common Stock,XNAS,CS,True
GXO,"GXO Logistics, Inc.",XNYS,CS,True
GYRE,"Gyre Therapeutics, Inc. Common Stock",XNAS,CS,True
GYRO,"Gyrodyne, LLC Common Stock",XNAS,CS,True
H,Hyatt Hotels Corporation,XNYS,CS,True
HAE,Haemonetics Corporation,XNYS,CS,True
HAFN,Hafnia Limited,XNYS,CS,True
HAIN,Hain Celestial Group Inc,XNAS,CS,True
HAL,Halliburton Company,XNYS,CS,True
HALO,"Halozyme Therapeutics, Inc.",XNAS,CS,True
HAO,Haoxi Health Technology Limited Class A Ordinary Shares,XNAS,CS,True
HAS,"Hasbro, Inc.",XNAS,CS,True
HASI,"HA Sustainable Infrastructure Capital, Inc.",XNYS,CS,True
HAVA,Harvard Ave Acquisition Corporation Class A Ordinary Share,XNAS,CS,True
HAVAR,Harvard Ave Acquisition Corporation Rights that convert on a 1/10th of 1 basis to Class A ordinary Shares,XNAS,CS,True
HAYW,"Hayward Holdings, Inc.",XNYS,CS,True
HBB,Hamilton Beach Brands Holding Company Class A Common Stock,XNYS,CS,True
HBIO,Harvard Bioscience Inc,XNAS,CS,True
HBM,Hudbay Minerals Inc.,XNYS,CS,True
HBNB,Hotel101 Global Holdings Corp. Class A Ordinary Shares,XNAS,CS,True
HBT,"HBT Financial, Inc. Common Stock",XNAS,CS,True
HCA,"HCA Healthcare, Inc.",XNYS,CS,True
HCAI,"Huachen AI Parking Management Technology Holding Co., Ltd. Ordinary Shares",XNAS,CS,True
HCAT,"Health Catalyst, Inc Common Stock",XNAS,CS,True
HCC,"Warrior Met Coal, Inc.",XNYS,CS,True
HCHL,Happy City Holdings Limited Class A Ordinary shares,XNAS,CS,True
HCI,"HCI Group, Inc.",XNYS,CS,True
HCKT,Hackett Group Inc (The).,XNAS,CS,True
HCMA,HCM III Acquisition Corp. Class A Ordinary Share,XNAS,CS,True
HCSG,Healthcare Services Group,XNAS,CS,True
HCTI,"Healthcare Triangle, Inc. Common Stock",XNAS,CS,True
HCWB,HCW Biologics Inc. Common Stock,XNAS,CS,True
HD,"Home Depot, Inc.",XNYS,CS,True
HDB,HDFC Bank Limited,XNYS,ADRC,True
HDSN,Hudson Technologies Inc,XNAS,CS,True
HEI,HEICO Corporation,XNYS,CS,True
HEI.A,HEICO CORP CL A,XNYS,CS,True
HELE,Helen Of Troy Ltd,XNAS,CS,True
HELP,Cybin Inc. Common Stock,XNAS,CS,True
HESM,Hess Midstream LP Class A Share representing a limited partner Interest,XNYS,CS,True
HFFG,HF Foods Group Inc. Common Stock,XNAS,CS,True
HGBL,HERITAGE GLOBAL INC,XNAS,CS,True
HGTY,"Hagerty, Inc.",XNYS,CS,True
HGV,Hilton Grand Vacations Inc. Common Stock,XNYS,CS,True
HHH,Howard Hughes Holdings Inc.,XNYS,CS,True
HHS,"Harte-Hanks, Inc. Common Stock",XNAS,CS,True
HI,"Hillenbrand, Inc.",XNYS,CS,True
HIFS,Hingham Institution for Saving,XNAS,CS,True
HIHO,Highway Holdings Ltd,XNAS,CS,True
HII,"Huntington Ingalls Industries, Inc.",XNYS,CS,True
HIMS,"Hims & Hers Health, Inc.",XNYS,CS,True
HIMX,"Himax Technologies, Inc.",XNAS,ADRC,True
HIND,"Vyome Holdings, Inc. Common Stock",XNAS,CS,True
HIPO,Hippo Holdings Inc.,XNYS,CS,True
HIT,"Health In Tech, Inc. Class A Common Stock",XNAS,CS,True
HITI,High Tide Inc. Common Shares,XNAS,CS,True
HIVE,HIVE Digital Technologies Ltd. Common Shares,XNAS,CS,True
HKIT,Hitek Global Inc. Class A Ordinary Share,XNAS,CS,True
HKPD,"Cellyan Biotechnology Co., Ltd Class A Ordinary Shares",XNAS,CS,True
HL,Hecla Mining Company,XNYS,CS,True
HLF,Herbalife Ltd.,XNYS,CS,True
HLI,"Houlihan Lokey, Inc.",XNYS,CS,True
HLIO,"Helios Technologies, Inc.",XNYS,CS,True
HLIT,Harmonic Inc,XNAS,CS,True
HLLY,Holley Inc.,XNYS,CS,True
HLMN,Hillman Solutions Corp. Common Stock,XNAS,CS,True
HLNE,Hamilton Lane Incorporated Class A Common Stock,XNAS,CS,True
HLP,Hongli Group Inc. Ordinary Shares,XNAS,CS,True
HLT,Hilton Worldwide Holdings Inc.,XNYS,CS,True
HLX,"Helix Energy Solutions Group, Inc.",XNYS,CS,True
HMC,"Honda Motor Co., Ltd. American Depositary Share, each representing three (3) shares of Common Stock",XNYS,ADRC,True
HMN,Horace Mann Educators Corporation,XNYS,CS,True
HMR,Heidmar Maritime Holdings Corp. Common Stock,XNAS,CS,True
HMY,Harmony Gold Mining Company Limited,XNYS,ADRC,True
HNGE,"Hinge Health, Inc.",XNYS,CS,True
HNI,HNI Corporation,XNYS,CS,True
HNNA,"Hennessy Advisors, Inc.",XNAS,CS,True
HNNAZ,"Hennessy Advisors, Inc. 4.875% Notes due 2026",XNAS,CS,True
HNRG,Hallador Energy Company,XNAS,CS,True
HNST,"The Honest Company, Inc. Common Stock",XNAS,CS,True
HOFT,Hooker Furnishings Corporation Common Stock,XNAS,CS,True
HOG,"Harley-Davidson, Inc.",XNYS,CS,True
HOLO,MicroCloud Hologram Inc. Ordinary Shares,XNAS,CS,True
HOLX,Hologic Inc,XNAS,CS,True
HON,"Honeywell International, Inc.",XNAS,CS,True
HOOD,"Robinhood Markets, Inc. Class A Common Stock",XNAS,CS,True
HOTH,"Hoth Therapeutics, Inc. Common Stock",XNAS,CS,True
HOUR,"Hour Loop, Inc. Common Stock",XNAS,CS,True
HOV,"Hovnanian Enterprises, Inc. Class A",XNYS,CS,True
HOVR,New Horizon Aircraft Ltd. Class A Ordinary Share,XNAS,CS,True
HOWL,"Werewolf Therapeutics, Inc. Common Stock",XNAS,CS,True
HP,"Helmerich & Payne, Inc.",XNYS,CS,True
HPAI,Helport AI Limited Ordinary Shares,XNAS,CS,True
HPE,Hewlett Packard Enterprise Company,XNYS,CS,True
HPK,"HighPeak Energy, Inc. Common Stock",XNAS,CS,True
HPQ,HP Inc.,XNYS,CS,True
HQI,"HireQuest, Inc. Common Stock (DE)",XNAS,CS,True
HQY,"HealthEquity, Inc",XNAS,CS,True
HRB,"H&R Block, Inc.",XNYS,CS,True
HRI,Herc Holdings Inc.,XNYS,CS,True
HRL,Hormel Foods Corporation,XNYS,CS,True
HRMY,"Harmony Biosciences Holdings, Inc. Common Stock",XNAS,CS,True
HROW,"Harrow, Inc. Common Stock",XNAS,CS,True
HRTG,HERITAGE INSURANCE HOLDINGS INC,XNYS,CS,True
HRTX,"Heron Therapeutics, Inc.",XNAS,CS,True
HRZN,Horizon Technology Finance Corporation,XNAS,CS,True
HSAI,"Hesai Group American Depositary Share, each ADS represents one Class B ordinary share",XNAS,CS,True
HSBC,HSBC Holdings PLC,XNYS,ADRC,True
HSCS,HeartSciences Inc. Common Stock,XNAS,CS,True
HSDT,Solana Company Class A Common Stock (DE),XNAS,CS,True
HSHP,Himalaya Shipping Ltd.,XNYS,CS,True
HSIC,Henry Schein Inc,XNAS,CS,True
HSPT,Horizon Space Acquisition II Corp. Ordinary share,XNAS,CS,True
HST,"Host Hotels & Resorts, Inc.",XNAS,CS,True
HSTM,HealthStream Inc,XNAS,CS,True
HSY,The Hershey Company,XNYS,CS,True
HTBK,Heritage Commerce Corp,XNAS,CS,True
HTCO,High-Trend International Group Class A Ordinary Shares,XNAS,CS,True
HTCR,"Heartcore Enterprises, Inc. Common Stock",XNAS,CS,True
HTFL,"Heartflow, Inc. Common Stock",XNAS,CS,True
HTGC,"Hercules Capital, Inc.",XNYS,CS,True
HTH,HILLTOP HOLDINGS INC.,XNYS,CS,True
HTLD,Heartland Express Inc,XNAS,CS,True
HTLM,HomesToLife Ltd Ordinary Shares,XNAS,CS,True
HTO,H2O America Common Stock,XNAS,CS,True
HTOO,Fusion Fuel Green PLC Class A Ordinary Shares,XNAS,CS,True
HTT,High Templar Tech Limited,XNYS,ADRC,True
HTZ,"Hertz Global Holdings, Inc Common Stock",XNAS,CS,True
HUBB,Hubbell Incorporated,XNYS,CS,True
HUBC,Hub Cyber Security Ltd. Ordinary Shares,XNAS,CS,True
HUBG,HUB Group Inc,XNAS,CS,True
HUBS,"HUBSPOT, INC.",XNYS,CS,True
HUDI,"Huadi International Group Co., Ltd. Ordinary Shares",XNAS,CS,True
HUHU,HUHUTECH International Group Inc. Ordinary Shares,XNAS,CS,True
HUM,Humana Inc.,XNYS,CS,True
HUMA,"Humacyte, Inc. Common Stock",XNAS,CS,True
HUN,Huntsman Corporation,XNYS,CS,True
HURA,"TuHURA Biosciences, Inc. Common Stock",XNAS,CS,True
HURC,Hurco Cos Inc,XNAS,CS,True
HURN,Huron Consulting Group Inc.,XNAS,CS,True
HUT,Hut 8 Corp. Common Stock,XNAS,CS,True
HUYA,HUYA Inc.,XNYS,ADRC,True
HVII,Hennessy Capital Investment Corp. VII Ordinary Shares,XNAS,CS,True
HVMC,Highview Merger Corp. Class A Ordinary Share,XNAS,CS,True
HVT,"Haverty Furniture Companies, Inc.",XNYS,CS,True
HVT.A,"Haverty Furniture Companies, Inc. Class A",XNYS,CS,True
HWBK,Hawthorn Bancshars Inc.,XNAS,CS,True
HWC,Hancock Whitney Corporation Common Stock,XNAS,CS,True
HWCPZ,Hancock Whitney Corporation 6.25% Subordinated Notes due 2060,XNAS,CS,True
HWH,HWH International Inc. Common Stock,XNAS,CS,True
HWKN,Hawkins Inc,XNAS,CS,True
HWM,Howmet Aerospace Inc.,XNYS,CS,True
HXHX,Haoxin Holdings Limited Class A Ordinary Shares,XNAS,CS,True
HXL,Hexcel Corporation,XNYS,CS,True
HY,"Hyster-Yale, Inc.",XNYS,CS,True
HYAC,Haymaker Acquisition Corp. 4,XNYS,CS,True
HYFM,"Hydrofarm Holdings Group, Inc. Common Stock",XNAS,CS,True
HYFT,MindWalk Holdings Corp. Common Stock,XNAS,CS,True
HYMC,Hycroft Mining Holding Corporation Class A Common Stock,XNAS,CS,True
HYPD,"Hyperion DeFi, Inc. Common Stock",XNAS,CS,True
HYPR,"Hyperfine, Inc. Class A Common Stock",XNAS,CS,True
HZO,"MarineMax, Inc.",XNYS,CS,True
IAC,IAC Inc. Common Stock,XNAS,CS,True
IAG,IAMGold Corporation,XNYS,CS,True
IART,Integra LifeSciences Holdings,XNAS,CS,True
IBAC,IB Acquisition Corp. Common Stock,XNAS,CS,True
IBCP,Independent Bank Corp.,XNAS,CS,True
IBEX,IBEX Limited Common Shares,XNAS,CS,True
IBG,Innovation Beverage Group Limited Ordinary Shares,XNAS,CS,True
IBIO,"iBio, Inc. Common Stock",XNAS,CS,True
IBKR,"Interactive Brokers Group, Inc. Class A Common Stock",XNAS,CS,True
IBM,International Business Machines Corporation,XNYS,CS,True
IBN,ICICI Bank Limited,XNYS,ADRC,True
IBP,"INSTALLED BUILDING PRODUCTS, INC.",XNYS,CS,True
IBRX,"ImmunityBio, Inc. Common Stock",XNAS,CS,True
IBTA,"Ibotta, Inc.",XNYS,CS,True
ICCC,Immucell Corp,XNAS,CS,True
ICCM,IceCure Medical Ltd. Ordinary Shares,XNAS,CS,True
ICE,Intercontinental Exchange  Inc.,XNYS,CS,True
ICFI,"ICF International, Inc.",XNAS,CS,True
ICHR,Ichor Holdings,XNAS,CS,True
ICL,ICL Group Ltd.,XNYS,CS,True
ICLR,Icon Plc,XNAS,CS,True
ICON,Icon Energy Corp. Common stock,XNAS,CS,True
ICU,SeaStar Medical Holding Corporation Common Stock,XNAS,CS,True
ICUI,ICU Medical Inc,XNAS,CS,True
IDA,"IDACORP, Inc.",XNYS,CS,True
IDAI,T Stamp Inc. Class A Common Stock,XNAS,CS,True
IDCC,"InterDigital, Inc.",XNAS,CS,True
IDN,"Intellicheck, Inc. Common Stock",XNAS,CS,True
IDT,IDT Corporation Class B,XNYS,CS,True
IDXX,Idexx Laboratories Inc,XNAS,CS,True
IDYA,"IDEAYA Biosciences, Inc. Common Stock",XNAS,CS,True
IEP,Icahn Enterprises L.P,XNAS,CS,True
IESC,"IES Holdings, Inc. Common Stock",XNAS,CS,True
IEX,IDEX Corporation,XNYS,CS,True
IFBD,"Infobird Co., Ltd Ordinary Shares",XNAS,CS,True
IFF,International Flavors & Fragrances Inc.,XNYS,CS,True
IFRX,InflaRx N.V. Common Stock,XNAS,CS,True
IFS,Intercorp Financial Services Inc.,XNYS,CS,True
IGAC,Invest Green Acquisition Corporation Class A Ordinary Shares,XNAS,CS,True
IGIC,International General Insurance Holdings Ltd. Ordinary Share,XNAS,CS,True
IHG,InterContinental Hotels Group Plc,XNYS,ADRC,True
IHRT,"iHeartMedia, Inc. Class A Common Stock",XNAS,CS,True
IHS,IHS Holding Limited,XNYS,CS,True
III,"Information Services Group, Inc.",XNAS,CS,True
IIIN,"Insteel Industries, Inc.",XNYS,CS,True
IIIV,"i3 Verticals, Inc. Class A Common Stock",XNAS,CS,True
IINN,Inspira Technologies Oxy B.H.N. Ltd. Ordinary Shares,XNAS,CS,True
IKT,"Inhibikase Therapeutics, Inc. Common Stock",XNAS,CS,True
ILAG,Intelligent Living Application Group Inc. Ordinary Shares,XNAS,ADRC,True
ILMN,Illumina Inc,XNAS,CS,True
IMA,"ImageneBio, Inc. Common Stock",XNAS,CS,True
IMAX,Imax Corp,XNYS,CS,True
IMCC,IM Cannabis Corp. Common Shares,XNAS,CS,True
IMDX,Insight Molecular Diagnostics Inc. Common Stock,XNAS,CS,True
IMG,CIMG Inc. Common Stock,XNAS,CS,True
IMKTA,Ingles Markets Inc,XNAS,CS,True
IMMR,Immersion Corp,XNAS,CS,True
IMMX,"Immix Biopharma, Inc. Common Stock",XNAS,CS,True
IMNM,"Immunome, Inc.",XNAS,CS,True
IMNN,"Imunon, Inc. Common Stock",XNAS,CS,True
IMOS,ChipMOS TECHNOLOGIES INC,XNAS,ADRC,True
IMPP,Imperial Petroleum Inc. Common Shares,XNAS,CS,True
IMRX,Immuneering Corporation Class A Common Stock,XNAS,CS,True
IMSR,Terrestrial Energy Inc. Common Stock,XNAS,CS,True
IMTE,Integrated Media Technology Limited Ordinary Shares,XNAS,CS,True
IMTX,Immatics N.V. Ordinary Shares,XNAS,CS,True
IMUX,"Immunic, Inc. Common Stock",XNAS,CS,True
IMVT,"Immunovant, Inc. Common Stock",XNAS,CS,True
IMXI,"International Money Express, Inc.",XNAS,CS,True
INAB,"IN8bio, Inc. Common Stock",XNAS,CS,True
INAC,Indigo Acquisition Corp. Ordinary Shares,XNAS,CS,True
INBS,Intelligent Bio Solutions Inc. Common Stock,XNAS,CS,True
INBX,"Inhibrx Biosciences, Inc. Common Stock",XNAS,CS,True
INCR,Intercure Ltd. Ordinary Shares,XNAS,CS,True
INCY,Incyte Genomics Inc,XNAS,CS,True
INDB,Independent Bank Corp/MA,XNAS,CS,True
INDI,"indie Semiconductor, Inc. Class A Common Stock",XNAS,CS,True
INDP,"Indaptus Therapeutics, Inc. Common Stock",XNAS,CS,True
INDV,Indivior PLC Ordinary Shares,XNAS,CS,True
INEO,INNEOVA Holdings Limited Class A Ordinary Shares,XNAS,CS,True
INGM,Ingram Micro Holding Corporation,XNYS,CS,True
INGN,Inogen Inc,XNAS,CS,True
INGR,Ingredion Incorporated,XNYS,CS,True
INHD,Inno Holdings Inc. Common Stock,XNAS,CS,True
INKT,"MiNK Therapeutics, Inc. Common Stock",XNAS,CS,True
INLF,INLIF LIMITED Class A Ordinary Shares,XNAS,CS,True
INM,InMed Pharmaceuticals Inc. Common Shares,XNAS,CS,True
INMB,INmune Bio Inc. Common stock,XNAS,CS,True
INMD,InMode Ltd. Ordinary Shares,XNAS,CS,True
INNV,InnovAge Holding Corp. Common Stock,XNAS,CS,True
INO,"Inovio Pharmaceuticals, Inc.",XNAS,CS,True
INOD,Innodata Inc.,XNAS,CS,True
INR,"Infinity Natural Resources, Inc.",XNYS,CS,True
INSE,"Inspired Entertainment, Inc.",XNAS,CS,True
INSG,Inseego Corp. Common Stock,XNAS,CS,True
INSM,"Insmed, Inc.",XNAS,CS,True
INSP,"Inspire Medical Systems, Inc.",XNYS,CS,True
INSW,"International Seaways, Inc. Common Stock",XNYS,CS,True
INTA,"Intapp, Inc. Common Stock",XNAS,CS,True
INTC,Intel Corp,XNAS,CS,True
INTG,Intergroup Corporation (The),XNAS,CS,True
INTJ,Intelligent Group Limited Class A Ordinary Shares,XNAS,CS,True
INTR,Inter & Co. Inc. Class A Common Shares,XNAS,CS,True
INTS,"Intensity Therapeutics, Inc. Common stock",XNAS,CS,True
INTU,Intuit Inc,XNAS,CS,True
INTZ,Intrusion Inc New,XNAS,CS,True
INV,"Innventure, Inc. Common Stock",XNAS,CS,True
INVA,"Innoviva, Inc. Common Stock",XNAS,CS,True
INVE,"Identive, Inc.",XNAS,CS,True
INVH,Invitation Homes Inc. Common Stock,XNYS,CS,True
INVX,"Innovex International, Inc.",XNYS,CS,True
INVZ,Innoviz Technologies Ltd. Ordinary shares,XNAS,CS,True
IOBT,"IO Biotech, Inc. Common Stock",XNAS,CS,True
IONQ,"IonQ, Inc.",XNYS,CS,True
IONS,"Ionis Pharmaceuticals, Inc. Common Stock",XNAS,CS,True
IOSP,Innospec Inc.,XNAS,CS,True
IOT,Samsara Inc.,XNYS,CS,True
IOTR,iOThree Limited Ordinary Shares,XNAS,CS,True
IOVA,"Iovance Biotherapeutics, Inc. Common Stock",XNAS,CS,True
IP,International Paper Co.,XNYS,CS,True
IPAR,"Interparfums, Inc. Common Stock",XNAS,CS,True
IPCX,Inflection Point Acquisition Corp. III Class A Ordinary Shares,XNAS,CS,True
IPDN,"Professional Diversity Network, Inc.",XNAS,CS,True
IPEX,Inflection Point Acquisition Corp. V Class A Ordinary Shares,XNAS,CS,True
IPGP,IPG Photonics Corporation,XNAS,CS,True
IPHA,Innate Pharma S.A. ADS,XNAS,ADRC,True
IPI,"Intrepid Potash, Inc",XNYS,CS,True
IPM,Intelligent Protection Management Corp. Common Stock,XNAS,CS,True
IPOD,Dune Acquisition Corporation II Class A Ordinary Shares,XNAS,CS,True
IPSC,"Century Therapeutics, Inc. Common Stock",XNAS,CS,True
IPST,"Heritage Distilling Holding Company, Inc. Common Stock",XNAS,CS,True
IPW,"iPower, Inc. Common Stock",XNAS,CS,True
IPWR,Ideal Power Inc.,XNAS,CS,True
IPX,IperionX Limited American Depositary Share,XNAS,ADRC,True
IQST,IQSTEL INC. Common Stock,XNAS,CS,True
IQV,IQVIA Holdings Inc.,XNYS,CS,True
IR,Ingersoll Rand Inc. Common Stock,XNYS,CS,True
IRD,"Opus Genetics, Inc. Common Stock",XNAS,CS,True
IRDM,Iridium Communications Inc.,XNAS,CS,True
IREN,IREN Limited Ordinary Shares,XNAS,CS,True
IRIX,Iridex Corp,XNAS,CS,True
IRM,Iron Mountain Inc.,XNYS,CS,True
IRMD,iRadimed Corporation,XNAS,CS,True
IRON,"Disc Medicine, Inc. Common Stock",XNAS,CS,True
IRTC,"iRhythm Technologies, Inc",XNAS,CS,True
IRWD,"Ironwood Pharmaceuticals, Inc. - Class A",XNAS,CS,True
ISBA,Isabella Bank Corporation Common stock,XNAS,CS,True
ISPC,iSpecimen Inc. Common Stock,XNAS,CS,True
ISPO,Inspirato Incorporated Class A Common Stock,XNAS,CS,True
ISPR,Ispire Technology Inc. Common Stock,XNAS,CS,True
ISRG,Intuitive Surgical Inc.,XNAS,CS,True
ISSC,Innovative Solutions & Support,XNAS,CS,True
ISTR,Investar Holding Corporation,XNAS,CS,True
IT,"Gartner, Inc.",XNYS,CS,True
ITGR,Integer Holdings Corporation,XNYS,CS,True
ITIC,Investors Title Co,XNAS,CS,True
ITRI,Itron Inc,XNAS,CS,True
ITRM,Iterum Therapeutics plc Ordinary Share,XNAS,CS,True
ITRN,Ituran Location and Control Ltd.,XNAS,CS,True
ITT,ITT Inc.,XNYS,CS,True
ITW,Illinois Tool Works Inc.,XNYS,CS,True
IVA,Inventiva S.A. American Depository Shares,XNAS,ADRC,True
IVDA,"Iveda Solutions, Inc. Common Stock",XNAS,CS,True
IVF,"INVO Fertility, Inc. Common Stock",XNAS,CS,True
IVP,"Inspire Veterinary Partners, Inc. Class A Common Stock",XNAS,CS,True
IVR,Invesco Mortgage Capital Inc.,XNYS,CS,True
IVVD,"Invivyd, Inc. Common Stock",XNAS,CS,True
IVZ,Invesco LTD,XNYS,CS,True
IZEA,"IZEA Worldwide, Inc. Common Stock",XNAS,CS,True
IZM,ICZOOM Group Inc. Class A Ordinary Shares,XNAS,CS,True
J,Jacobs Solutions Inc.,XNYS,CS,True
JACK,Jack in the Box Inc.,XNAS,CS,True
JACS,Jackson Acquisition Company II,XNYS,CS,True
JAGX,"Jaguar Health, Inc.",XNAS,CS,True
JAKK,Jakks Pacific Inc,XNAS,CS,True
JAMF,Jamf Holding Corp. Common Stock,XNAS,CS,True
JANX,"Janux Therapeutics, Inc. Common Stock",XNAS,CS,True
JAZZ,"Jazz Pharmaceuticals, Inc.",XNAS,CS,True
JBDI,JBDI Holdings Limited Ordinary Shares,XNAS,CS,True
JBHT,JB Hunt Transport Services Inc,XNAS,CS,True
JBI,"Janus International Group, Inc.",XNYS,CS,True
JBIO,"Jade Biosciences, Inc. Common Stock",XNAS,CS,True
JBL,Jabil Inc.,XNYS,CS,True
JBLU,JetBlue Airways Corp,XNAS,CS,True
JBS,JBS N.V.,XNYS,CS,True
JBSS,John B. Sanfilippo & SON,XNAS,CS,True
JBTM,JBT Marel Corporation,XNYS,CS,True
JCAP,"Jefferson Capital, Inc. Common Stock",XNAS,CS,True
JCI,Johnson Controls International plc,XNYS,CS,True
JCSE,JE Cleantech Holdings Limited Ordinary Shares,XNAS,CS,True
JCTC,Jewett-Cameron Trading,XNAS,CS,True
JD,"JD.com, Inc.",XNAS,ADRC,True
JDZG,JIADE LIMITED Class A Ordinary Shares,XNAS,CS,True
JEF,Jefferies Financial Group Inc.,XNYS,CS,True
JELD,"JELD-WEN Holding, Inc.",XNYS,CS,True
JEM,707 Cayman Holdings Limited Ordinary Shares,XNAS,CS,True
JENA,Jena Acquisition Corporation II,XNYS,CS,True
JFB,JFB Construction Holdings Class A Common Stock,XNAS,CS,True
JFBR,Jeffs' Brands Ltd Ordinary Shares,XNAS,CS,True
JHG,Janus Henderson Group plc Ordinary Shares,XNYS,CS,True
JHX,James Hardie Industries plc,XNYS,CS,True
JILL,"J.Jill, Inc. Common Stock",XNYS,CS,True
JJSF,J&J Snack Foods Corp,XNAS,CS,True
JKHY,Henry (Jack) & Associates,XNAS,CS,True
JKS,JINKOSOLAR HOLDINGS CO,XNYS,ADRC,True
JL,J-Long Group Limited Class A Ordinary Shares,XNAS,CS,True
JLHL,Julong Holding Limited Class A Ordinary Shares,XNAS,CS,True
JLL,"Jones Lang LaSalle, Inc.",XNYS,CS,True
JMIA,Jumia Technologies AG,XNYS,ADRC,True
JNJ,Johnson & Johnson,XNYS,CS,True
JOBY,"Joby Aviation, Inc.",XNYS,CS,True
JOE,St. Joe Company,XNYS,CS,True
JOUT,Johnson Outdoors Inc,XNAS,CS,True
JPM,JPMorgan Chase & Co.,XNYS,CS,True
JRSH,"Jerash Holdings (US), Inc. Common Stock",XNAS,CS,True
JRVR,"James River Group Holdings, Inc. Common Stock",XNAS,CS,True
JSM,"Navient Corporation 6% Senior Notes due December 15, 2043",XNAS,CS,True
JSPR,"Jasper Therapeutics, Inc. Common Stock",XNAS,CS,True
JTAI,Jet.AI Inc. Common Stock,XNAS,CS,True
JUNS,"Jupiter Neurosciences, Inc. Common Stock",XNAS,CS,True
JVA,"Coffee Holding Co., Inc.",XNAS,CS,True
JWEL,Jowell Global Ltd. Ordinary Shares,XNAS,CS,True
JXG,JX Luxventure Limited Common Stock,XNAS,CS,True
JXN,Jackson Financial Inc.,XNYS,CS,True
JYD,Jayud Global Logistics Limited Class A Ordinary Shares,XNAS,CS,True
JYNT,The Joint Corp.,XNAS,CS,True
JZXN,"Jiuzi Holdings, Inc. Ordinary Shares",XNAS,CS,True
KAI,Kadant Inc.,XNYS,CS,True
KALA,"KALA BIO, Inc. Common Stock",XNAS,CS,True
KALU,Kaiser Aluminum Corporation,XNAS,CS,True
KALV,"KalVista Pharmaceuticals, Inc. Common Stock",XNAS,CS,True
KARO,Karooooo Ltd. Ordinary Shares,XNAS,CS,True
KB,KB Financial Group Inc,XNYS,ADRC,True
KBH,KB Home,XNYS,CS,True
KBR,"KBR, Inc.",XNYS,CS,True
KBSX,FST Corp. Ordinary Shares,XNAS,CS,True
KCHV,Kochav Defense Acquisition Corp. Class A Ordinary Shares,XNAS,CS,True
KD,"Kyndryl Holdings, Inc.",XNYS,CS,True
KDK,"Kodiak AI, Inc. Common Stock",XNAS,CS,True
KDP,Keurig Dr Pepper Inc.,XNAS,CS,True
KE,"Kimball Electronics, Inc.",XNAS,CS,True
KELYA,Kelly Services Inc,XNAS,CS,True
KELYB,Kelly Services Inc,XNAS,CS,True
KEN,KENON HOLDINGS LTD.,XNYS,CS,True
KEQU,Kewaunee Scientific Corp,XNAS,CS,True
KEX,Kirby Corporation,XNYS,CS,True
KEY,KeyCorp,XNYS,CS,True
KEYS,"Keysight Technologies, Inc.",XNYS,CS,True
KFII,K&F Growth Acquisition Corp. II Class A Ordinary shares,XNAS,CS,True
KFRC,Kforce Inc.,XNYS,CS,True
KFS,"Kingsway Financial Services, Inc.",XNYS,CS,True
KFY,Korn Ferry,XNYS,CS,True
KG,"Kestrel Group, Ltd.",XNAS,CS,True
KGC,Kinross Gold Corporation,XNYS,CS,True
KGEI,Kolibri Global Energy Inc. Common Stock,XNAS,CS,True
KGS,"Kodiak Gas Services, Inc.",XNYS,CS,True
KHC,The Kraft Heinz Company Common Stock,XNAS,CS,True
KIDS,OrthoPediatrics Corp. Common Stock,XNAS,CS,True
KIDZ,"Classover Holdings, Inc. Class B Common Stock",XNAS,CS,True
KINS,"Kingstone Companies, Inc.",XNAS,CS,True
KITT,"Nauticus Robotics, Inc. Common stock",XNAS,CS,True
KKR,KKR & Co. Inc.,XNYS,CS,True
KLAC,KLA Corporation Common Stock,XNAS,CS,True
KLAR,Klarna Group plc,XNYS,CS,True
KLC,"KinderCare Learning Companies, Inc.",XNYS,CS,True
KLIC,Kulicke & Soffa Industries Inc,XNAS,CS,True
KLRS,"Kalaris Therapeutics, Inc. Common Stock",XNAS,CS,True
KLTO,"Klotho Neurosciences, Inc. Common Stock",XNAS,CS,True
KLTR,"Kaltura, Inc. Common Stock",XNAS,CS,True
KLXE,"KLX Energy Services Holdings, Inc. Common Stock",XNAS,CS,True
KMB,Kimberly-Clark Corp.,XNAS,CS,True
KMDA,Kamada Ltd,XNAS,CS,True
KMI,"Kinder Morgan, Inc.",XNYS,CS,True
KMPR,Kemper Corporation,XNYS,CS,True
KMRK,K-Tech Solutions Company Limited Class A Ordinary Shares,XNAS,CS,True
KMT,Kennametal Inc.,XNYS,CS,True
KMTS,"Kestra Medical Technologies, Ltd. Common Stock",XNAS,CS,True
KMX,CarMax Inc.,XNYS,CS,True
KN,KNOWLES CORPORATION,XNYS,CS,True
KNDI,"Kandi Technologies Group, Inc. Ordinary Shares",XNAS,CS,True
KNF,Knife River Corporation,XNYS,CS,True
KNOP,KNOT OFFSHORE PARTNERS LP,XNYS,CS,True
KNSA,"Kiniksa Pharmaceuticals International, plc Class A Ordinary Shares",XNAS,CS,True
KNSL,"Kinsale Capital Group, Inc.",XNYS,CS,True
KNTK,Kinetik Holdings Inc.,XNYS,CS,True
KNX,Knight-Swift Transportation Holdings Inc. Class A Common Stock,XNYS,CS,True
KO,Coca-Cola Company,XNYS,CS,True
KOD,Kodiak Sciences Inc Common Stock,XNAS,CS,True
KODK,EASTMAN KODAK COMPANY,XNYS,CS,True
KOF,"Coca-Cola FEMSA, S.A.B DE C.V",XNYS,ADRC,True
KOP,"Koppers Holdings, Inc.",XNYS,CS,True
KOPN,Kopin Corp,XNAS,CS,True
KORE,"KORE Group Holdings, Inc.",XNYS,CS,True
KOS,Kosmos Energy Ltd.,XNYS,CS,True
KOSS,Koss Corp,XNAS,CS,True
KOYN,CSLM Digital Asset Acquisition Corp III Class A Ordinary Shares,XNAS,CS,True
KPLT,"Katapult Holdings, Inc. Common Stock",XNAS,CS,True
KPRX,"Kiora Pharmaceuticals, Inc. Common Stock",XNAS,CS,True
KPTI,Karyopharm Therapeutics Inc.,XNAS,CS,True
KR,The Kroger Co.,XNYS,CS,True
KRMD,"KORU Medical Systems, Inc. Common Stock (DE)",XNAS,CS,True
KRMN,Karman Holdings Inc.,XNYS,CS,True
KRNT,Kornit Digital Ltd.,XNAS,CS,True
KRO,"Kronos Worldwide, Inc.",XNYS,CS,True
KROS,"Keros Therapeutics, Inc. Common Stock",XNAS,CS,True
KRP,"Kimbell Royalty Partners, LP Common Units representing Limited Partner Interests",XNYS,CS,True
KRRO,"Korro Bio, Inc. Common Stock",XNAS,CS,True
KRSP,Rice Acquisition Corporation 3,XNYS,CS,True
KRT,Karat Packaging Inc. Common Stock,XNAS,CS,True
KRUS,"Kura Sushi USA, Inc. Class A Common Stock",XNAS,CS,True
KRYS,"Krystal Biotech, Inc. Common Stock",XNAS,CS,True
KSCP,"Knightscope, Inc. Class A Common Stock",XNAS,CS,True
KSPI,Joint Stock Company Kaspi.kz American Depository Shares,XNAS,ADRC,True
KSS,Kohls Corporation,XNYS,CS,True
KT,KT Corp.,XNYS,ADRC,True
KTB,"Kontoor Brands, Inc. Common Stock",XNYS,CS,True
KTCC,KEY Tronic Corp,XNAS,CS,True
KTOS,"Kratos Defense & Security Solutions, Inc.",XNAS,CS,True
KTTA,Pasithea Therapeutics Corp. Common Stock,XNAS,CS,True
KURA,"Kura Oncology, Inc.",XNAS,CS,True
KVAC,Keen Vision Acquisition Corporation Ordinary Shares,XNAS,CS,True
KVHI,KVH Industries Inc,XNAS,CS,True
KVUE,Kenvue Inc.,XNYS,CS,True
KVYO,"Klaviyo, Inc.",XNYS,CS,True
KW,"KENNEDY-WILSON HOLDINGS, INC.",XNYS,CS,True
KWM,"K Wave Media, Ltd. Ordinary Shares",XNAS,CS,True
KWR,Quaker Houghton,XNYS,CS,True
KXIN,Kaixin Holdings Ordinary Shares,XNAS,CS,True
KYIV,Kyivstar Group Ltd. Common Shares,XNAS,CS,True
KYMR,"Kymera Therapeutics, Inc. Common Stock",XNAS,CS,True
KYTX,"Kyverna Therapeutics, Inc. Common Stock",XNAS,CS,True
KZR,"Kezar Life Sciences, Inc. Common Stock",XNAS,CS,True
L,Loews Corporation,XNYS,CS,True
LAB,Standard BioTools Inc. Common Stock,XNAS,CS,True
LAC,Lithium Americas Corp.,XNYS,CS,True
LAD,"Lithia Motors, Inc.",XNYS,CS,True
LADR,LADDER CAPITAL CORP,XNYS,CS,True
LAES,SEALSQ Corp Ordinary Shares,XNAS,CS,True
LAFA,LaFayette Acquisition Corp. Ordinary Share,XNAS,CS,True
LAKE,Lakeland Industries Inc,XNAS,CS,True
LAMR,Lamar Advertising Co,XNAS,CS,True
LAND,Gladstone Land Corporation,XNAS,CS,True
LANV,Lanvin Group Holdings Limited,XNYS,CS,True
LAR,Lithium Argentina AG,XNYS,CS,True
LASE,Laser Photonics Corporation Common Stock,XNAS,CS,True
LASR,"nLIGHT, Inc. Common Stock",XNAS,CS,True
LATA,Galata Acquisition Corp. II Class A Ordinary Shares,XNAS,CS,True
LAUR,"Laureate Education, Inc. Common Stock",XNAS,CS,True
LAW,"CS Disco, Inc.",XNYS,CS,True
LAWR,"Robot Consulting Co., Ltd. ADS",XNAS,ADRC,True
LAZ,"Lazard, Inc.",XNYS,CS,True
LB,LandBridge Company LLC,XNYS,CS,True
LBGJ,Li Bang International Corporation Inc. Class A Ordinary Shares,XNAS,CS,True
LBRDA,Liberty Broadband Corporation Class A,XNAS,CS,True
LBRDK,Liberty Broadband Corporation Class C,XNAS,CS,True
LBRT,Liberty Energy Inc.,XNYS,CS,True
LBRX,LB Pharmaceuticals Inc Common Stock,XNAS,CS,True
LBTYA,Liberty Global Ltd. Class A Common Shares,XNAS,CS,True
LBTYB,Liberty Global Ltd. Class B Common Shares,XNAS,CS,True
LBTYK,Liberty Global Ltd. Class C Common Shares,XNAS,CS,True
LC,LendingClub Corporation,XNYS,CS,True
LCCC,Lakeshore Acquisition III Corp. Ordinary Shares,XNAS,CS,True
LCFY,Locafy Limited Ordinary Share,XNAS,CS,True
LCID,"Lucid Group, Inc. Common Stock",XNAS,CS,True
LCII,LCI Industries,XNYS,CS,True
LCNB,LCNB Corporation,XNAS,CS,True
LCUT,"Lifetime Brands, Inc.",XNAS,CS,True
LDI,"loanDepot, Inc.",XNYS,CS,True
LDOS,"Leidos Holdings, Inc.",XNYS,CS,True
LDWY,"Lendway, Inc. Common Stock (DE)",XNAS,CS,True
LE,"Lands' End, Inc. Common Stock",XNAS,CS,True
LEA,Lear Corporation,XNYS,CS,True
LEDS,SemiLEDS Corporation,XNAS,CS,True
LEE,"Lee Enterprises, Inc.",XNAS,CS,True
LEG,"Leggett & Platt, Inc.",XNYS,CS,True
LEGH,Legacy Housing Corporation Common Stock,XNAS,CS,True
LEN,Lennar Corporation Class A,XNYS,CS,True
LEN.B,Lennar Corporation Class B,XNYS,CS,True
LENZ,"LENZ Therapeutics, Inc. Common Stock",XNAS,CS,True
LESL,"Leslie's, Inc. Common Stock",XNAS,CS,True
LEU,Centrus Energy Corp.,XNYS,CS,True
LEVI,Levi Strauss & Co. Class A Common Stock,XNYS,CS,True
LEXX,Lexaria Bioscience Corp. Common Stock,XNAS,CS,True
LFCR,"Lifecore Biomedical, Inc. Common Stock",XNAS,CS,True
LFMD,"LifeMD, Inc. Common Stock",XNAS,CS,True
LFST,"LifeStance Health Group, Inc. Common Stock",XNAS,CS,True
LFUS,Littelfuse Inc,XNAS,CS,True
LFVN,Lifevantage Corporation Common Stock (Delaware),XNAS,CS,True
LFWD,Lifeward Ltd. Ordinary Shares,XNAS,CS,True
LGCB,Linkage Global Inc Class A Ordinary Shares,XNAS,CS,True
LGCL,Lucas GC Limited Ordinary Shares,XNAS,CS,True
LGHL,Lion Group Holding Ltd. American Depositary Share,XNAS,CS,True
LGIH,"LGI Homes, Inc.",XNAS,CS,True
LGN,Legence Corp. Class A Common stock,XNAS,CS,True
LGND,Ligand Pharmaceuticals Inc.,XNAS,CS,True
LGO,Largo Inc. Common Shares,XNAS,CS,True
LGVN,Longeveron Inc. Common Stock,XNAS,CS,True
LH,Labcorp Holdings Inc.,XNYS,CS,True
LHAI,Linkhome Holdings Inc. Common stock,XNAS,CS,True
LHSW,Lianhe Sowell International Group Ltd Class A Ordinary Shares,XNAS,CS,True
LHX,"L3Harris Technologies, Inc.",XNYS,CS,True
LICN,Lichen China Limited Class A Ordinary Shares,XNAS,CS,True
LIDR,"AEye, Inc. Class A Common Stock",XNAS,CS,True
LIF,"Life360, Inc. Common Stock",XNAS,CS,True
LII,Lennox International Inc.,XNYS,CS,True
LILA,Liberty Latin America Ltd. Class A Common Stock,XNAS,CS,True
LILAK,Liberty Latin America Ltd. Class C Common Stock,XNAS,CS,True
LIMN,"Liminatus Pharma, Inc. Class A Common Stock",XNAS,CS,True
LIN,Linde plc Ordinary Share,XNAS,CS,True
LINC,Lincoln Educational Services,XNAS,CS,True
LIND,Lindblad Expeditions Holdings Inc. Common Stock,XNAS,CS,True
LINE,"Lineage, Inc. Common Stock",XNAS,CS,True
LINK,"Interlink Electronics, Inc. Common Stock",XNAS,CS,True
LION,Lionsgate Studios Corp.,XNYS,CS,True
LIQT,"LiqTech International, Inc.",XNAS,CS,True
LITE,Lumentum Holdings Inc. Common Stock,XNAS,CS,True
LITM,Snow Lake Resources Ltd. Common Shares,XNAS,CS,True
LITS,"Lite Strategy, Inc. Common Stock",XNAS,CS,True
LIVE,Live Ventures Inc,XNAS,CS,True
LIVN,LivaNova PLC Ordinary Shares,XNAS,CS,True
LIXT,"Lixte Biotechnology Holdings, Inc. Common Stock",XNAS,CS,True
LKQ,LKQ Corporation,XNAS,CS,True
LKSP,Lake Superior Acquisition Corp. Class A Ordinary Shares,XNAS,CS,True
LLY,Eli Lilly & Co.,XNYS,CS,True
LMAT,"LeMaitre Vascular, Inc.",XNAS,CS,True
LMB,"Limbach Holdings, Inc Common Stock",XNAS,CS,True
LMFA,"LM Funding America, Inc. Common Stock",XNAS,CS,True
LMND,"Lemonade, Inc.",XNYS,CS,True
LMNR,Limoneira Co,XNAS,CS,True
LMRI,"Lumexa Imaging Holdings, Inc. Common Stock",XNAS,CS,True
LMT,Lockheed Martin Corp.,XNYS,CS,True
LNAI,Lunai Bioworks Inc. Common Stock,XNAS,CS,True
LNC,Lincoln National Corp.,XNYS,CS,True
LND,BrasilAgro - Companhia Brasileira de Propriedades Agra­colas,XNYS,ADRC,True
LNG,Cheniere Energy Inc,XNYS,CS,True
LNKS,Linkers Industries Limited Class A Ordinary Shares,XNAS,CS,True
LNN,Lindsay Corporation,XNYS,CS,True
LNSR,"LENSAR, Inc. Common Stock",XNAS,CS,True
LNT,Alliant Energy Corporation Common Stock,XNAS,CS,True
LNTH,"Lantheus Holdings, Inc",XNAS,CS,True
LNZA,"LanzaTech Global, Inc. Common Stock",XNAS,CS,True
LOAN,"Manhattan Bridge Capital, Inc",XNAS,CS,True
LOAR,Loar Holdings Inc.,XNYS,CS,True
LOBO,LOBO TECHNOLOGIES LTD. Class A Ordinary Shares,XNAS,CS,True
LOCL,Local Bounti Corporation,XNYS,CS,True
LOCO,"El Pollo Loco Holdings, Inc.",XNAS,CS,True
LOGI,Logitech International SA,XNAS,CS,True
LOKV,Live Oak Acquisition Corp. V Class A Ordinary Shares,XNAS,CS,True
LOOP,"Loop Industries, Inc. Common Stock",XNAS,CS,True
LOPE,"Grand Canyon Education, Inc",XNAS,CS,True
LOVE,The Lovesac Company Common Stock,XNAS,CS,True
LOW,Lowe's Companies Inc.,XNYS,CS,True
LPAA,Launch One Acquisition Corp. Class A Ordinary shares,XNAS,CS,True
LPBB,Launch Two Acquisition Corp. Class A Ordinary Shares,XNAS,CS,True
LPCN,Lipocine Inc.,XNAS,CS,True
LPG,DORIAN LPG LTD,XNYS,CS,True
LPL,LG Display Co. Ltd.,XNYS,ADRC,True
LPLA,LPL Financial Holdings Inc.,XNAS,CS,True
LPRO,Open Lending Corporation Common Stock,XNAS,CS,True
LPSN,LivePerson Inc,XNAS,CS,True
LPTH,Lightpath Technologies Inc,XNAS,CS,True
LPX,Louisiana-Pacific Corp.,XNYS,CS,True
LQDA,Liquidia Corporation Common Stock,XNAS,CS,True
LQDT,"Liquidity Services, Inc.",XNAS,CS,True
LRCX,Lam Research Corp,XNAS,CS,True
LRHC,La Rosa Holding Corp. Common Stock,XNAS,CS,True
LRMR,"Larimar Therapeutics, Inc. Common Stock",XNAS,CS,True
LRN,"Stride, Inc.",XNYS,CS,True
LSAK,"Lesaka Technologies, Inc. Common Stock",XNAS,CS,True
LSCC,Lattice Semiconductor Corp,XNAS,CS,True
LSE,"Leishen Energy Holding Co., Ltd. Ordinary Shares",XNAS,CS,True
LSH,Lakeside Holding Limited Common Stock,XNAS,CS,True
LSPD,Lightspeed Commerce Inc.,XNYS,CS,True
LSTA,"Lisata Therapeutics, Inc. Common Stock",XNAS,CS,True
LSTR,Landstar System Inc,XNAS,CS,True
LTBR,Lightbridge Corp.,XNAS,CS,True
LTH,"Life Time Group Holdings, Inc.",XNYS,CS,True
LTRN,Lantern Pharma Inc. Common Stock,XNAS,CS,True
LTRX,Lantronix Inc,XNAS,CS,True
LUCD,Lucid Diagnostics Inc. Common Stock,XNAS,CS,True
LUCK,Lucky Strike Entertainment Corporation,XNYS,CS,True
LUCY,"Innovative Eyewear, Inc. Common Stock",XNAS,CS,True
LULU,lululemon athletica inc.,XNAS,CS,True
LUMN,"Lumen Technologies, Inc.",XNYS,CS,True
LUNG,Pulmonx Corporation Common Stock,XNAS,CS,True
LUNR,"Intuitive Machines, Inc. Class A Common Stock",XNAS,CS,True
LUV,Southwest Airlines Co.,XNYS,CS,True
LVLU,"Lulu's Fashion Lounge Holdings, Inc. Common Stock",XNAS,CS,True
LVO,"LiveOne, Inc. Common Stock",XNAS,CS,True
LVRO,Lavoro Limited Class A Ordinary Shares,XNAS,CS,True
LVS,Las Vegas Sands Corp.,XNYS,CS,True
LVWR,"LiveWire Group, Inc.",XNYS,CS,True
LW,"Lamb Weston Holdings, Inc.",XNYS,CS,True
LWAC,LightWave Acquisition Corp. Class A Ordinary Shares,XNAS,CS,True
LWAY,Lifeway Foods Inc,XNAS,CS,True
LWLG,"Lightwave Logic, Inc. Common Stock",XNAS,CS,True
LXEO,"Lexeo Therapeutics, Inc. Common Stock",XNAS,CS,True
LXFR,Luxfer Holdings PLC Ordinary Shares,XNYS,CS,True
LXRX,"Lexicon Pharmaceuticals, Inc.",XNAS,CS,True
LXU,LSB INDUSTRIES INC,XNYS,CS,True
LYB,LyondellBasell Industries N.V. Class A,XNYS,CS,True
LYEL,"Lyell Immunopharma, Inc. Common Stock",XNAS,CS,True
LYFT,"Lyft, Inc. Class A Common Stock",XNAS,CS,True
LYG,Lloyds Banking Group PLC,XNYS,ADRC,True
LYRA,"Lyra Therapeutics, Inc. Common Stock",XNAS,CS,True
LYTS,LSI Industries Inc,XNAS,CS,True
LYV,Live Nation Entertainment Inc.,XNYS,CS,True
LZ,"LegalZoom.com, Inc. Common Stock",XNAS,CS,True
LZB,La-Z-Boy Incorporated,XNYS,CS,True
LZM,Lifezone Metals Limited,XNYS,CS,True
LZMH,LZ Technology Holdings Limited Class B Ordinary Shares,XNAS,CS,True
M,Macy's Inc.,XNYS,CS,True
MA,Mastercard Incorporated,XNYS,CS,True
MAA,"Mid-America Apartment Communities, Inc.",XNYS,CS,True
MAAS,Maase Inc. Class A Ordinary Shares,XNAS,CS,True
MAC,The Macerich Company,XNYS,CS,True
MACI,Melar Acquisition Corp. I Class A Ordinary Shares,XNAS,CS,True
MAGH,Magnitude International Ltd Ordinary Shares,XNAS,CS,True
MAGN,Magnera Corporation,XNYS,CS,True
MAIN,Main Street Capital Corporation,XNYS,CS,True
MAMA,"Mama's Creations, Inc. Common Stock",XNAS,CS,True
MAMK,MaxsMaking Inc. Class A Ordinary Shares,XNAS,CS,True
MAMO,Massimo Group Common Stock,XNAS,CS,True
MAN,ManpowerGroup,XNYS,CS,True
MANH,Manhattan Associates Inc,XNAS,CS,True
MANU,MANCHESTER UNITED PLC,XNYS,CS,True
MAPS,"WM Technology, Inc. Class A Common Stock",XNAS,CS,True
MAR,Marriott International Class A Common Stock,XNAS,CS,True
MARA,"MARA Holdings, Inc. Common Stock",XNAS,CS,True
MAS,Masco Corporation,XNYS,CS,True
MASI,Masimo Corporation,XNAS,CS,True
MASK,3 E Network Technology Group Ltd Class A Ordinary Shares,XNAS,CS,True
MASS,908 Devices Inc. Common Stock,XNAS,CS,True
MAT,"Mattel, Inc.",XNAS,CS,True
MATH,Metalpha Technology Holding Limited Ordinary Shares,XNAS,CS,True
MATV,"Mativ Holdings, Inc.",XNYS,CS,True
MATW,Matthews International Corp,XNAS,CS,True
MATX,"Matsons, Inc.",XNYS,CS,True
MAX,"MediaAlpha, Inc.",XNYS,CS,True
MAXN,"Maxeon Solar Technologies, Ltd. Ordinary Shares",XNAS,CS,True
MAYS,Mays (J.W.) Inc,XNAS,CS,True
MAZE,"Maze Therapeutics, Inc. Common Stock",XNAS,CS,True
MB,MasterBeef Group Ordinary Shares,XNAS,CS,True
MBAI,Check-Cap Ltd.,XNAS,CS,True
MBAV,M3-Brigade Acquisition V Corp. Class A Ordinary shares,XNAS,CS,True
MBC,"MasterBrand, Inc.",XNYS,CS,True
MBCN,Middlefield Banc Corp.,XNAS,CS,True
MBI,MBIA Inc.,XNYS,CS,True
MBIO,"Mustang Bio, Inc.",XNAS,CS,True
MBLY,Mobileye Global Inc. Class A Common Stock,XNAS,CS,True
MBOT,"Microbot Medical, Inc. Common Stock",XNAS,CS,True
MBRX,"Moleculin Biotech, Inc.",XNAS,CS,True
MBUU,"Malibu Boats, Inc. Class A",XNAS,CS,True
MBVI,M3-Brigade Acquisition VI Corp. Class A Ordinary Shares,XNAS,CS,True
MBWM,Mercantile Bank Corp,XNAS,CS,True
MBX,"MBX Biosciences, Inc. Common Stock",XNAS,CS,True
MC,MOELIS & COMPANY,XNYS,CS,True
MCB,"Metropolitan Bank Holding Corp. Common Stock, $0.01 par value per share",XNYS,CS,True
MCBS,METROCITY BANKSHARES INC,XNAS,CS,True
MCD,McDonald's Corporation,XNYS,CS,True
MCFT,"MasterCraft Boat Holdings, Inc. Common Stock",XNAS,CS,True
MCGA,Yorkville Acquisition Corp. Class A Ordinary Share,XNAS,CS,True
MCHP,Microchip Technology Inc,XNAS,CS,True
MCHX,"Marchex, Inc. Class B",XNAS,CS,True
MCK,McKesson Corporation,XNYS,CS,True
MCO,Moody's Corporation,XNYS,CS,True
MCRB,"Seres Therapeutics, Inc.",XNAS,CS,True
MCRI,Monarch Casino & Resort Inc,XNAS,CS,True
MCS,The Marcus Corporation,XNYS,CS,True
MCTA,Charming Medical Limited Class A Ordinary Shares,XNAS,CS,True
MCW,"Mister Car Wash, Inc.",XNAS,CS,True
MCY,Mercury General Corp.,XNYS,CS,True
MD,"Pediatrix Medical Group, Inc.",XNYS,CS,True
MDAI,"Spectral AI, Inc. Class A Common Stock",XNAS,CS,True
MDB,"MongoDB, Inc. Class A",XNAS,CS,True
MDBH,"MDB Capital Holdings, LLC Class A common",XNAS,CS,True
MDCX,Medicus Pharma Ltd. Common Stock,XNAS,CS,True
MDGL,"Madrigal Pharmaceuticals, Inc. Common Stock",XNAS,CS,True
MDIA,Mediaco Holding Inc. Class A Common Stock,XNAS,CS,True
MDLN,Medline Inc. Class A common stock,XNAS,CS,True
MDLZ,"Mondelez International, Inc. Class A",XNAS,CS,True
MDT,Medtronic plc,XNYS,CS,True
MDU,"MDU Resources Group, Inc.",XNYS,CS,True
MDV,"Modiv Industrial, Inc.",XNYS,CS,True
MDWD,MediWound Ltd.,XNAS,CS,True
MDXG,"MiMedx Group, Inc",XNAS,CS,True
MDXH,MDxHealth SA Ordinary Shares,XNAS,CS,True
MEC,"Mayville Engineering Company, Inc.",XNYS,CS,True
MED,"Medifast, Inc.",XNYS,CS,True
MEDP,"Medpace Holdings, Inc. Common Stock",XNAS,CS,True
MEG,"Montrose Environmental Group, Inc.",XNYS,CS,True
MEGL,Magic Empire Global Limited Class A Ordinary Shares,XNAS,CS,True
MEHA,"Functional Brands, Inc. Common Stock",XNAS,CS,True
MEI,Methode Electronics,XNYS,CS,True
MELI,"Mercado Libre, Inc",XNAS,CS,True
MENS,Jyong Biotech Ltd. Ordinary Shares,XNAS,CS,True
MEOH,Methanex Corp,XNAS,CS,True
MERC,Mercer International Inc,XNAS,CS,True
MET,"MetLife, Inc.",XNYS,CS,True
META,"Meta Platforms, Inc. Class A Common Stock",XNAS,CS,True
METC,"Ramaco Resources, Inc. Class A Common Stock",XNAS,CS,True
METCB,"Ramaco Resources, Inc. Class B Common Stock",XNAS,CS,True
METCI,"Ramaco Resources, Inc. 8.250% Senior Notes due 2030",XNAS,CS,True
METCZ,"Ramaco Resources, Inc. 8.375% Senior Notes due 2029",XNAS,CS,True
MFA,"MFA Financial, Inc",XNYS,CS,True
MFI,mF International Limited Class A Ordinary Shares,XNAS,CS,True
MFIC,MidCap Financial Investment Corporation Common Stock,XNAS,CS,True
MFICL,MidCap Financial Investment Corporation 8.00% Notes due 2028,XNAS,CS,True
MG,Mistras Group Inc.,XNYS,CS,True
MGA,Magna International,XNYS,CS,True
MGEE,MGE Energy Inc,XNAS,CS,True
MGIC,Magic Software Enterprises Ltd,XNAS,CS,True
MGIH,Millennium Group International Holdings Limited Ordinary Shares,XNAS,CS,True
MGM,MGM RESORTS INTERNATIONAL,XNYS,CS,True
MGN,Megan Holdings Limited Ordinary Shares,XNAS,CS,True
MGNI,"Magnite, Inc. Common Stock",XNAS,CS,True
MGNX,"MacroGenics, Inc.",XNAS,CS,True
MGPI,MGP Ingredients Inc,XNAS,CS,True
MGRC,Mcgrath Rentcorp,XNAS,CS,True
MGRT,Mega Fortune Company Limited Ordinary Shares,XNAS,CS,True
MGRX,"Mangoceuticals, Inc. Common Stock",XNAS,CS,True
MGTX,MeiraGTx Holdings plc Ordinary Shares,XNAS,CS,True
MGX,"Metagenomi, Inc. Common Stock",XNAS,CS,True
MH,"McGraw Hill, Inc.",XNYS,CS,True
MHK,"Mohawk Industries, Inc.",XNYS,CS,True
MHO,"M/I Homes, Inc.",XNYS,CS,True
MIAX,"Miami International Holdings, Inc.",XNYS,CS,True
MICC,The Magnum Ice Cream Company N.V.,XNYS,CS,True
MIDD,Middleby Corp,XNAS,CS,True
MIGI,Mawson Infrastructure Group Inc. Common Stock,XNAS,CS,True
MIMI,Mint Incorporation Limited Class A Ordinary Shares,XNAS,CS,True
MIND,"MIND Technology, Inc. Common Stock (DE)",XNAS,CS,True
MIR,"Mirion Technologies, Inc.",XNYS,CS,True
MIRA,"MIRA Pharmaceuticals, Inc. Common Stock",XNAS,CS,True
MIRM,"Mirum Pharmaceuticals, Inc. Common Stock",XNAS,CS,True
MIST,Milestone Pharmaceuticals Inc. Common Shares,XNAS,CS,True
MITK,"Mitek Systems, Inc.",XNAS,CS,True
MKC,"McCormick & Company, Incorporated Non-VTG CS",XNYS,CS,True
MKC.V,"McCormick & Company, Incorporated Voting CS",XNYS,CS,True
MKDW,MKDWELL Tech Inc. Ordinary Share,XNAS,CS,True
MKL,Markel Group Inc.,XNYS,CS,True
MKLY,McKinley Acquisition Corporation Class A Ordinary Shares,XNAS,CS,True
MKSI,MKS Inc. Common Stock,XNAS,CS,True
MKTW,"MarketWise, Inc. Class A Common Stock",XNAS,CS,True
MKTX,MarketAxess Holdings Inc.,XNAS,CS,True
MLAB,Mesa Laboratories Inc,XNAS,CS,True
MLAC,Mountain Lake Acquisition Corp. Class A Ordinary Shares,XNAS,CS,True
MLCI,Mount Logan Capital Inc. Common Stock,XNAS,CS,True
MLEC,Moolec Science SA Ordinary Shares,XNAS,CS,True
MLGO,"MicroAlgo, Inc. Ordinary Shares",XNAS,CS,True
MLI,"Mueller Industries, Inc.",XNYS,CS,True
MLKN,"MillerKnoll, Inc. Common Stock",XNAS,CS,True
MLM,Martin Marietta Materials,XNYS,CS,True
MLP,Maui Land & Pineapple Co.,XNYS,CS,True
MLR,"Miller Industries, Inc.",XNYS,CS,True
MLTX,MoonLake Immunotherapeutics Class A Ordinary Shares,XNAS,CS,True
MLYS,"Mineralys Therapeutics, Inc. Common Stock",XNAS,CS,True
MMC,"Marsh & McLennan Companies, Inc.",XNYS,CS,True
MMI,MARCUS & MILLICHAP,XNYS,CS,True
MMLP,Martin Midstream Partners LP,XNAS,CS,True
MMM,3M Company,XNYS,CS,True
MMS,"MAXIMUS, Inc.",XNYS,CS,True
MMSI,Merit Medical Systems Inc,XNAS,CS,True
MMTX,Miluna Acquisition Corp Class A Ordinary Share,XNAS,CS,True
MMYT,MakeMyTrip Limited,XNAS,CS,True
MNDO,Mind CTI Ltd,XNAS,CS,True
MNDR,Mobile-health Network Solutions Class A Ordinary Shares,XNAS,CS,True
MNDY,monday.com Ltd. Ordinary Shares,XNAS,CS,True
MNKD,Mannkind Corporation,XNAS,CS,True
MNMD,Mind Medicine (MindMed) Inc. Common Shares,XNAS,CS,True
MNOV,"Medicinova, Inc.",XNAS,CS,True
MNPR,Monopar Therapeutics Inc. Common Stock,XNAS,CS,True
MNRO,"Monro, Inc. Common Stock",XNAS,CS,True
MNST,Monster Beverage Corporation,XNAS,CS,True
MNTK,"Montauk Renewables, Inc. Common Stock",XNAS,CS,True
MNTN,"MNTN, Inc.",XNYS,CS,True
MNTS,Momentus Inc. Class A Common Stock,XNAS,CS,True
MNY,MoneyHero Limited Class A Ordinary Shares,XNAS,CS,True
MO,"Altria Group, Inc.",XNYS,CS,True
MOB,Mobilicom Limited Ordinary Shares,XNAS,ADRC,True
MOBX,"Mobix Labs, Inc. Class A Common Stock",XNAS,CS,True
MOD,Modine Manufacturing Co,XNYS,CS,True
MODD,"Modular Medical, Inc. Common Stock",XNAS,CS,True
MODG,Topgolf Callaway Brands Corp.,XNYS,CS,True
MOFG,MidWestOne Financial Group,XNAS,CS,True
MOG.A,Moog Inc.,XNYS,CS,True
MOG.B,MOOG INC CL B,XNYS,CS,True
MOH,"Molina Healthcare, Inc.",XNYS,CS,True
MORN,"Morningstar, Inc.",XNAS,CS,True
MOS,The Mosaic Company,XNYS,CS,True
MOV,"Movado Group, Inc.",XNYS,CS,True
MOVE,Movano Inc. Common Stock,XNAS,CS,True
MP,MP Materials Corp.,XNYS,CS,True
MPAA,"Motorcar Parts of America, Inc.",XNAS,CS,True
MPC,MARATHON PETROLEUM CORPORATION,XNYS,CS,True
MPLT,"MapLight Therapeutics, Inc. Common Stock",XNAS,CS,True
MPLX,MPLX LP,XNYS,CS,True
MPWR,"Monolithic Power Systems, Inc.",XNAS,CS,True
MPX,Marine Products Corp.,XNYS,CS,True
MQ,"Marqeta, Inc. Class A Common Stock",XNAS,CS,True
MRAM,"Everspin Technologies, Inc",XNAS,CS,True
MRBK,Meridian Corporation,XNAS,CS,True
MRCC,Monroe Capital Corporation,XNAS,CS,True
MRCY,Mercury Systems Inc.,XNAS,CS,True
MRK,"Merck & Co., Inc.",XNYS,CS,True
MRKR,"Marker Therapeutics, Inc. Common Stock",XNAS,CS,True
MRM,MEDIROM Healthcare Technologies Inc. American Depositary Share,XNAS,ADRC,True
MRNA,"Moderna, Inc. Common Stock",XNAS,CS,True
MRNO,Murano Global Investments PLC Ordinary Shares,XNAS,CS,True
MRTN,Marten Transport Ltd,XNAS,CS,True
MRVI,"Maravai LifeSciences Holdings, Inc. Class A Common Stock",XNAS,CS,True
MRVL,"Marvell Technology, Inc. Common Stock",XNAS,CS,True
MRX,Marex Group plc Ordinary Shares,XNAS,CS,True
MS,Morgan Stanley,XNYS,CS,True
MSA,Mine Safety Incorporated,XNYS,CS,True
MSAI,"MultiSensor AI Holdings, Inc. Common Stock",XNAS,CS,True
MSCI,"MSCI, Inc.",XNYS,CS,True
MSDL,Morgan Stanley Direct Lending Fund,XNYS,CS,True
MSFT,Microsoft Corp,XNAS,CS,True
MSGE,Madison Square Garden Entertainment Corp.,XNYS,CS,True
MSGM,Motorsport Games Inc. Class A Common Stock,XNAS,CS,True
MSGS,Madison Square Garden Sports Corp.,XNYS,CS,True
MSGY,Masonglory Limited Ordinary Shares,XNAS,CS,True
MSI,"Motorola Solutions, Inc. New",XNYS,CS,True
MSM,"MSC Industrial Direct Co., Inc. Class A",XNYS,CS,True
MSS,Maison Solutions Inc. Class A Common Stock,XNAS,CS,True
MSTR,Strategy Inc Common Stock Class A,XNAS,CS,True
MSW,Ming Shing Group Holdings Limited Ordinary Shares,XNAS,CS,True
MT,ArcelorMittal,XNYS,CS,True
MTB,M&T Bank Corp.,XNYS,CS,True
MTC,"MMTec, Inc. Common Shares",XNAS,CS,True
MTCH,"Match Group, Inc",XNAS,CS,True
MTD,Mettler-Toledo International,XNYS,CS,True
MTDR,MATADOR RESOURCES COMPANY,XNYS,CS,True
MTEK,Maris-Tech Ltd. Ordinary Shares,XNAS,CS,True
MTEN,Mingteng International Corporation Inc. Class A Ordinary Shares,XNAS,CS,True
MTEX,Mannatech Inc.,XNAS,CS,True
MTG,MGIC Investment Corp.,XNYS,CS,True
MTH,Meritage Homes Corporation,XNYS,CS,True
MTLS,Materialise NV,XNAS,ADRC,True
MTN,"Vail Resorts, Inc.",XNYS,CS,True
MTRN,Materion Corporation,XNYS,CS,True
MTRX,Matrix Service Co,XNAS,CS,True
MTSI,"MACOM Technology Solutions Holdings, Inc",XNAS,CS,True
MTUS,Metallus Inc.,XNYS,CS,True
MTVA,MetaVia Inc. Common Stock,XNAS,CS,True
MTW,"The Manitowoc Company, Inc.",XNYS,CS,True
MTX,Minerals Technologies Inc,XNYS,CS,True
MTZ,"MasTec, Inc.",XNYS,CS,True
MU,"Micron Technology, Inc.",XNAS,CS,True
MUFG,"Mitsubishi UFJ Financial Group, Inc.",XNYS,ADRC,True
MUR,Murphy Oil Corp.,XNYS,CS,True
MUSA,MURPHY USA INC.,XNYS,CS,True
MUX,McEwen Inc.,XNYS,CS,True
MVIS,Microvision Inc,XNAS,CS,True
MVST,"Microvast Holdings, Inc. Common Stock",XNAS,CS,True
MWYN,"Marwynn Holdings, Inc. Common stock",XNAS,CS,True
MX,Magnachip Semiconductor Corp.,XNYS,CS,True
MXCT,"MaxCyte, Inc. Common Stock",XNAS,CS,True
MXL,"MaxLinear, Inc. Common Stock",XNAS,CS,True
MYE,"Myers Industries, Inc.",XNYS,CS,True
MYFW,"First Western Financial, Inc.",XNAS,CS,True
MYGN,Myriad Genetics Inc,XNAS,CS,True
MYNZ,Mainz Biomed N.V. Ordinary Shares,XNAS,CS,True
MYPS,"PLAYSTUDIOS, Inc. Class A Common Stock",XNAS,CS,True
MYRG,"MYR Group, Inc.",XNAS,CS,True
MYSE,"Myseum, Inc. Common Stock",XNAS,CS,True
MYSZ,"My Size, Inc",XNAS,CS,True
MZTI,The Marzetti Company Common Stock,XNAS,CS,True
NA,Nano Labs Ltd Class A Ordinary Shares,XNAS,CS,True
NABL,"N-able, Inc.",XNYS,CS,True
NAGE,"Niagen Bioscience, Inc. Common Stock",XNAS,CS,True
NAII,Natural Alternatives International Inc.,XNAS,CS,True
NAKA,"Kindly MD, Inc. Common Stock",XNAS,CS,True
NAMM,Namib Minerals Ordinary Shares,XNAS,CS,True
NAMS,NewAmsterdam Pharma Company N.V. Ordinary Shares,XNAS,CS,True
NAT,Nordic American Tanker,XNYS,CS,True
NATH,Nathan's Famous Inc,XNAS,CS,True
NATL,NCR Atleos Corporation,XNYS,CS,True
NATR,Nature's Sunshine Products Inc.,XNAS,CS,True
NAUT,"Nautilus Biotechnolgy, Inc. Common Stock",XNAS,CS,True
NAVI,Navient Corporation,XNAS,CS,True
NAVN,"Navan, Inc. Class A Common Stock",XNAS,CS,True
NB,NioCorp Developments Ltd. Common Stock,XNAS,CS,True
NBHC,NATIONAL BANK HOLDINGS CORP.,XNYS,CS,True
NBIS,Nebius Group N.V. Class A Ordinary Shares,XNAS,CS,True
NBIX,Neurocrine Biosciences Inc,XNAS,CS,True
NBN,Northeast Bank Common Stock,XNAS,CS,True
NBR,Nabors Industries Ltd.,XNYS,CS,True
NC,"NACCO Industries, Inc.",XNYS,CS,True
NCDL,Nuveen Churchill Direct Lending Corp,XNYS,CS,True
NCEL,NewcelX Ltd. Ordinary Shares,XNAS,CS,True
NCEW,New Century Logistics (BVI) Limited Ordinary Shares,XNAS,CS,True
NCI,Neo-Concept International Group Holdings Limited Class A Ordinary Shares,XNAS,CS,True
NCLH,Norwegian Cruise Line Holdings Ltd. Ordinary Shares,XNYS,CS,True
NCMI,"National CineMedia, Inc.",XNAS,CS,True
NCNA,NuCana plc American Depositary Share,XNAS,ADRC,True
NCNO,"nCino, Inc. Common Stock",XNAS,CS,True
NCPL,Netcapital Inc. Common Stock,XNAS,CS,True
NCRA,"Nocera, Inc. Common Stock",XNAS,CS,True
NCSM,"NCS Multistage Holdings, Inc.",XNAS,CS,True
NCT,Intercont (Cayman) Limited Ordinary shares,XNAS,CS,True
NCTY,The9 Limited American Depository Shares representing three class A ordinary shares,XNAS,ADRC,True
NDAQ,"Nasdaq, Inc. Common Stock",XNAS,CS,True
NDLS,Noodles & Company Class A,XNAS,CS,True
NDRA,ENDRA Life Sciences Inc. Common Stock,XNAS,CS,True
NDSN,Nordson Corp,XNAS,CS,True
NE,Noble Corporation plc,XNYS,CS,True
NEE,"NextEra Energy, Inc.",XNYS,CS,True
NEGG,"Newegg Commerce, Inc. Common Shares",XNAS,CS,True
NEM,Newmont Corporation,XNYS,CS,True
NEO,"NeoGenomics, Inc.",XNAS,CS,True
NEOG,Neogen Corp,XNAS,CS,True
NEON,Neonode Inc. Common Stock,XNAS,CS,True
NEOV,NeoVolta Inc. Common Stock,XNAS,CS,True
NEPH,Nephros Inc.,XNAS,CS,True
NERV,"Minerva Neurosciences, Inc",XNAS,CS,True
NESR,National Energy Services Reunited Corp. Ordinary Shares,XNAS,CS,True
NET,"Cloudflare, Inc. Class A common stock, par value $0.001 per share",XNYS,CS,True
NEU,NewMarket Corporation,XNYS,CS,True
NEUP,Neuphoria Therapeutics Inc. Common Stock,XNAS,ADRC,True
NEWT,"NewtekOne, Inc. Common Stock",XNAS,CS,True
NEWTG,"NewtekOne, Inc. 8.50% Fixed Rate Senior Notes due 2029",XNAS,CS,True
NEWTH,"NewtekOne, Inc. 8.625% Fixed Rate Senior Notes due 2029",XNAS,CS,True
NEWTI,"NewtekOne, Inc. 8.00% Fixed Rate Senior Notes due 2028",XNAS,CS,True
NEWTZ,"NewtekOne, Inc. 5.50% Notes Due 2026",XNAS,CS,True
NEXA,Nexa Resources S.A. Common Shares,XNYS,CS,True
NEXM,NexMetals Mining Corp. Common Shares,XNAS,CS,True
NEXN,Nexxen International Ltd. Ordinary Shares,XNAS,CS,True
NEXT,NextDecade Corporation Common Stock,XNAS,CS,True
NFE,New Fortress Energy Inc. Class A Common Stock,XNAS,CS,True
NFLX,NetFlix Inc,XNAS,CS,True
NGG,National Grid PLC,XNYS,ADRC,True
NGL,NGL ENERGY PARTNERS LP,XNYS,CS,True
NGNE,"Neurogene, Inc. Common Stock",XNAS,CS,True
NGS,"Natural Gas Services Group, Inc.",XNYS,CS,True
NGVC,"NATURAL GROCERS BY VITAMIN COTTAGE, INC",XNYS,CS,True
NGVT,Ingevity Corporation,XNYS,CS,True
NHI,National Health Investors,XNYS,CS,True
NHIC,NewHold Investment Corp III Class A Ordinary shares,XNAS,CS,True
NHTC,Natural Health Trends Corp.,XNAS,CS,True
NI,NiSource Inc.,XNYS,CS,True
NIC,"Nicolet Bankshares,Inc.",XNYS,CS,True
NICE,NICE Ltd,XNAS,ADRC,True
NINE,"Nine Energy Service, Inc.",XNYS,CS,True
NIQ,NIQ Global Intelligence plc,XNYS,CS,True
NISN,"NiSun International Enterprise Development Group Co., Ltd. Class A Common Shares",XNAS,CS,True
NITO,"N2OFF, Inc. Common Stock",XNAS,CS,True
NIVF,NewGenIvf Group Limited Class A ordinary shares,XNAS,CS,True
NIXX,"Nixxy, Inc. Common Stock",XNAS,CS,True
NJR,New Jersey Resources Corp,XNYS,CS,True
NKE,"Nike, Inc.",XNYS,CS,True
NKLR,Terra Innovatum Global N.V. Ordinary shares,XNAS,CS,True
NKSH,National Bankshares Inc/VA,XNAS,CS,True
NKTR,Nektar Therapeutics,XNAS,CS,True
NKTX,"Nkarta, Inc. Common Stock",XNAS,CS,True
NL,"NL Industries, Inc.",XNYS,CS,True
NLY,Annaly Capital Management. Inc.,XNYS,CS,True
NMAX,"Newsmax, Inc.",XNYS,CS,True
NMFC,NEW MOUNTAIN FINANCE CORPORATION,XNAS,CS,True
NMFCZ,New Mountain Finance Corporation 8.250% Notes due 2028,XNAS,CS,True
NMG,Nouveau Monde Graphite Inc.,XNYS,CS,True
NMIH,NMI Holdings Inc. Common Stock,XNAS,CS,True
NMM,Navios Maritime Partners L.P.,XNYS,CS,True
NMP,NMP Acquisition Corp. Class A Ordinary Shares,XNAS,CS,True
NMR,"Nomura Holdings, Inc",XNYS,ADRC,True
NMRA,"Neumora Therapeutics, Inc. Common Stock",XNAS,CS,True
NMRK,"Newmark Group, Inc. Class A Common Stock",XNAS,CS,True
NMTC,NeuroOne Medical Technologies Corporation Common Stock,XNAS,CS,True
NN,NextNav Inc. Common Stock,XNAS,CS,True
NNBR,NN Inc,XNAS,CS,True
NNE,Nano Nuclear Energy Inc. Common Stock,XNAS,CS,True
NNI,"Nelnet, Inc. Class A",XNYS,CS,True
NNNN,Anbio Biotechnology Class A Ordinary Shares,XNAS,CS,True
NNOX,NANO-X IMAGING LTD Ordinary Shares,XNAS,CS,True
NOA,North American Construction Group Ltd.,XNYS,CS,True
NOC,Northrop Grumman Corp.,XNYS,CS,True
NODK,"NI Holdings, Inc.",XNAS,CS,True
NOEM,CO2 Energy Transition Corp. Common Stock,XNAS,CS,True
NOG,"Northern Oil and Gas, Inc.",XNYS,CS,True
NOK,Nokia Corporation,XNYS,ADRC,True
NOMA,NOMADAR Corp. Class A Common Stock,XNAS,CS,True
NOMD,Nomad Foods Limited,XNYS,CS,True
NOTE,"FiscalNote Holdings, Inc.",XNYS,CS,True
NOTV,"Inotiv, Inc. Common Stock",XNAS,CS,True
NOV,NOV Inc.,XNYS,CS,True
NOVT,Novanta Inc. Common Stock,XNAS,CS,True
NOW,"SERVICENOW, INC.",XNYS,CS,True
NP,Neptune Insurance Holdings Inc.,XNYS,CS,True
NPAC,New Providence Acquisition Corp. III Class A Ordinary Shares,XNAS,CS,True
NPCE,"Neuropace, Inc. Common Stock",XNAS,CS,True
NPK,"National Presto Industries, Inc.",XNYS,CS,True
NPKI,NPK International Inc.,XNYS,CS,True
NPO,Enpro Inc.,XNYS,CS,True
NPT,Texxon Holding Limited Ordinary shares,XNAS,CS,True
NPWR,NET Power Inc.,XNYS,CS,True
NRC,National Research Corporation Common Stock (Delaware),XNAS,CS,True
NRDS,"NerdWallet, Inc. Class A Common Stock",XNAS,CS,True
NRDY,Nerdy Inc.,XNYS,CS,True
NRG,"NRG Energy, Inc.",XNYS,CS,True
NRGV,"Energy Vault Holdings, Inc.",XNYS,CS,True
NRIX,"Nurix Therapeutics, Inc. Common stock",XNAS,CS,True
NRP,Natural Resource Partners L.P.,XNYS,CS,True
NRSN,NeuroSense Therapeutics Ltd. Ordinary Shares,XNAS,CS,True
NRXP,"NRX Pharmaceuticals, Inc. Common Stock",XNAS,CS,True
NSC,Norfolk Southern Corp.,XNYS,CS,True
NSIT,Insight Enterprises Inc,XNAS,CS,True
NSP,"Insperity, Inc",XNYS,CS,True
NSPR,"InspireMD, Inc.",XNAS,CS,True
NSSC,"Napco Security Technologies, Inc",XNAS,CS,True
NSYS,Nortech Systems Inc,XNAS,CS,True
NTAP,"NetApp, Inc",XNAS,CS,True
NTB,The Bank of N.T. Butterfield & Son Limited,XNYS,CS,True
NTCL,NETCLASS TECHNOLOGY INC Class A Ordinary Shares,XNAS,CS,True
NTCT,Netscout Systems Inc,XNAS,CS,True
NTES,"NetEase, inc.",XNAS,ADRC,True
NTGR,"NETGEAR, Inc.",XNAS,CS,True
NTHI,"NeOnc Technologies Holdings, Inc. Common Stock",XNAS,CS,True
NTIC,Northern Technologies International Corp.,XNAS,CS,True
NTLA,"Intellia Therapeutics, Inc",XNAS,CS,True
NTNX,"Nutanix, Inc. Class A Common Stock",XNAS,CS,True
NTR,Nutrien Ltd. Common Shares,XNYS,CS,True
NTRA,"Natera, Inc. Common Stock",XNAS,CS,True
NTRB,Nutriband Inc. Common Stock,XNAS,CS,True
NTRP,"NextTrip, Inc. Common Stock",XNAS,CS,True
NTSK,"Netskope, Inc. Class A Common Stock",XNAS,CS,True
NTWK,"NetSol Technologies, Inc.",XNAS,CS,True
NTWO,Newbury Street II Acquisition Corp Class A Ordinary Shares,XNAS,CS,True
NTZ,"Natuzzi, S.p.A",XNYS,ADRC,True
NU,Nu Holdings Ltd.,XNYS,CS,True
NUAI,"New Era Energy & Digital, Inc. Common Stock",XNAS,CS,True
NUE,Nucor Corporation,XNYS,CS,True
NUKK,Nukkleus Inc. Common Stock,XNAS,CS,True
NUS,"NuSkin Enterprises, Inc.",XNYS,CS,True
NUTR,Nusatrip Incorporated Common Stock,XNAS,CS,True
NUTX,Nutex Health Inc. Common Stock,XNAS,CS,True
NUVB,Nuvation Bio Inc.,XNYS,CS,True
NUVL,"Nuvalent, Inc. Class A Common Stock",XNAS,CS,True
NUWE,"Nuwellis, Inc. Common Stock",XNAS,CS,True
NVAX,Novavax Inc,XNAS,CS,True
NVCR,NovoCure Limited Ordinary Shares,XNAS,CS,True
NVCT,"Nuvectis Pharma, Inc. Common Stock",XNAS,CS,True
NVDA,Nvidia Corp,XNAS,CS,True
NVEC,NVE Corp,XNAS,CS,True
NVGS,NAVIGATOR HOLDINGS LTD.,XNYS,CS,True
NVMI,Nova Ltd. Ordinary Shares,XNAS,CS,True
NVNI,Nvni Group Limited Ordinary Shares,XNAS,CS,True
NVNO,enVVeno Medical Corporation Common Stock,XNAS,CS,True
NVO,Novo-Nordisk A/S,XNYS,ADRC,True
NVR,"NVR, Inc.",XNYS,CS,True
NVRI,Enviri Corporation,XNYS,CS,True
NVS,Novartis AG,XNYS,ADRC,True
NVST,"Envista Holdings Corporation Common stock, $0.01 par value per share",XNYS,CS,True
NVTS,Navitas Semiconductor Corporation Common Stock,XNAS,CS,True
NVVE,Nuvve Holding Corp. Common Stock,XNAS,CS,True
NVX,NOVONIX Limited American Depository Shares,XNAS,ADRC,True
NWE,"NorthWestern Energy Group, Inc. Common Stock",XNAS,CS,True
NWL,Newell Brands Inc.,XNAS,CS,True
NWN,Northwest Natural Holding Company,XNYS,CS,True
NWPX,"NWPX Infrastructure, Inc. Common Stock",XNAS,CS,True
NWS,News Corporation Class B Common Stock,XNAS,CS,True
NWSA,News Corporation Class A Common Stock,XNAS,CS,True
NWTG,"Newton Golf Company, Inc. Common Stock",XNAS,CS,True
NX,Quanex Building Products Corporation,XNYS,CS,True
NXDR,"Nextdoor Holdings, Inc.",XNYS,CS,True
NXE,NexGen Energy Ltd.,XNYS,CS,True
NXGL,"NexGel, Inc Common Stock",XNAS,CS,True
NXL,"Nexalin Technology, Inc. Common Stock",XNAS,CS,True
NXPI,NXP Semiconductors N.V.,XNAS,CS,True
NXPL,NextPlat Corp Common Stock,XNAS,CS,True
NXST,"Nexstar Media Group, Inc. Common Stock",XNAS,CS,True
NXT,Nextpower Inc. Class A Common Stock,XNAS,CS,True
NXTC,"NextCure, Inc. Common Stock",XNAS,CS,True
NXTT,Next Technology Holding Inc. Ordinary Shares,XNAS,CS,True
NXXT,"NextNRG, Inc. Common Stock",XNAS,CS,True
NYAX,Nayax Ltd. Ordinary Shares,XNAS,CS,True
NYC,American Strategic Investment Co.,XNYS,CS,True
NYT,New York Times Co.,XNYS,CS,True
NYXH,Nyxoah SA Ordinary Shares,XNAS,CS,True
OABI,"OmniAb, Inc. Common Stock",XNAS,CS,True
OACC,Oaktree Acquisition Corp. III Life Sciences Class A Ordinary Share,XNAS,CS,True
OAKU,Oak Woods Acquisition Corporation Class A Ordinary Shares,XNAS,CS,True
OBA,Oxley Bridge Acquisition Limited Class A Ordinary Shares,XNAS,CS,True
OBDC,Blue Owl Capital Corporation,XNYS,CS,True
OBIO,"Orchestra BioMed Holdings, Inc. Ordinary Shares",XNAS,CS,True
OC,Owens Corning,XNYS,CS,True
OCC,Optical Cable Corp.,XNAS,CS,True
OCCI,"OFS Credit Company, Inc. Common Stock",XNAS,CS,True
OCG,Oriental Culture Holding LTD Ordinary Shares,XNAS,CS,True
OCGN,"Ocugen, Inc. Common Stock",XNAS,CS,True
OCS,Oculis Holding AG Ordinary shares,XNAS,CS,True
OCSL,Oaktree Specialty Lending Corporation,XNAS,CS,True
OCUL,"Ocular Therapeutix, Inc.",XNAS,CS,True
ODC,Oil-Dri Corporation of America,XNYS,CS,True
ODD,ODDITY Tech Ltd. Class A Ordinary Shares,XNAS,CS,True
ODFL,Old Dominion Freight Line,XNAS,CS,True
ODV,Osisko Development Corp.,XNYS,CS,True
ODYS,Odysight.ai Inc. Common Stock,XNAS,CS,True
OEC,Orion S.A.,XNYS,CS,True
OESX,"Orion Energy Systems, Inc.",XNAS,CS,True
OFAL,OFA Group Class A Ordinary Shares,XNAS,CS,True
OFIX,Orthofix Medical Inc. Common Stock (DE),XNAS,CS,True
OFLX,"Omega Flex, Inc.",XNAS,CS,True
OFS,OFS Capital Corporation,XNAS,CS,True
OFSSH,OFS Capital Corporation 4.95% Notes due 2028,XNAS,CS,True
OFSSO,OFS Capital Corporation 7.50% Notes due 2028,XNAS,CS,True
OGE,OGE Energy Corp.,XNYS,CS,True
OGI,Organigram Global Inc. Common Shares,XNAS,CS,True
OGN,Organon & Co.,XNYS,CS,True
OGS,"ONE GAS, INC.",XNYS,CS,True
OHI,Omega Healthcare Investors Inc.,XNYS,CS,True
OI,"O-I Glass, Inc.",XNYS,CS,True
OII,Oceaneering International Inc.,XNYS,CS,True
OIS,"OIL STATES INTERNATIONAL, INC.",XNYS,CS,True
OKE,"Oneok, Inc.",XNYS,CS,True
OKLO,Oklo Inc.,XNYS,CS,True
OKTA,"Okta, Inc. Class A Common Stock",XNAS,CS,True
OKUR,"OnKure Therapeutics, Inc. Class A Common Stock",XNAS,CS,True
OKYO,OKYO Pharma Limited Ordinary Shares,XNAS,CS,True
OLB,"The OLB Group, Inc. Common Stock",XNAS,CS,True
OLED,Universal Display Corp,XNAS,CS,True
OLLI,"Ollie's Bargain Outlet Holdings, Inc. Common Stock",XNAS,CS,True
OLMA,"Olema Pharmaceuticals, Inc. Common Stock",XNAS,CS,True
OLN,Olin Corp.,XNYS,CS,True
OLPX,"Olaplex Holdings, Inc. Common Stock",XNAS,CS,True
OM,"Outset Medical, Inc. Common Stock",XNAS,CS,True
OMAB,Grupo Aeroportuario del Centro Norte S.A.B. de C.V,XNAS,ADRC,True
OMC,Omnicom Group Inc.,XNYS,CS,True
OMCL,Omnicell Inc,XNAS,CS,True
OMDA,"Omada Health, Inc. Common Stock",XNAS,CS,True
OMER,Omeros Corporation,XNAS,CS,True
OMEX,"Odyssey Marine Exploration, Inc",XNAS,CS,True
OMF,"OneMain Holdings, Inc.",XNYS,CS,True
OMH,Ohmyhome Limited Class A Ordinary Shares,XNAS,CS,True
OMSE,OMS Energy Technologies Inc. Ordinary Shares,XNAS,CS,True
ON,ON Semiconductor Corp,XNAS,CS,True
ONCH,1RT Acquisition Corp. Class A Ordinary Share,XNAS,CS,True
ONCO,"Onconetix, Inc. Common Stock",XNAS,CS,True
ONCY,"Oncolytics Biotech, Inc. Common Shares",XNAS,CS,True
ONDS,Ondas Holdings Inc. Common Stock,XNAS,CS,True
ONEG,OneConstruction Group Limited Ordinary Shares,XNAS,CS,True
ONFO,Onfolio Holdings Inc. Common Stock,XNAS,CS,True
ONIT,Onity Group Inc.,XNYS,CS,True
ONMD,OneMedNet Corp Class A Common Stock,XNAS,CS,True
ONON,On Holding AG,XNYS,CS,True
ONTF,"ON24, Inc.",XNYS,CS,True
ONTO,Onto Innovation Inc.,XNYS,CS,True
OOMA,"Ooma, Inc. Common Stock",XNYS,CS,True
OPAD,Offerpad Solutions Inc.,XNYS,CS,True
OPAL,OPAL Fuels Inc. Class A Common Stock,XNAS,CS,True
OPCH,"Option Care Health, Inc. Common Stock",XNAS,CS,True
OPEN,Opendoor Technologies Inc Common Stock,XNAS,CS,True
OPFI,OppFi Inc.,XNYS,CS,True
OPK,Opko Health Inc.,XNAS,CS,True
OPLN,"OPENLANE, Inc",XNYS,CS,True
OPRX,OptimizeRx Corporation Common Stock,XNAS,CS,True
OPTU,"Optimum Communications, Inc.",XNYS,CS,True
OPTX,"Syntec Optics Holdings, Inc. Class A Common Stock",XNAS,CS,True
OPXS,"Optex Systems Holdings, INC",XNAS,CS,True
OPY,"Oppenheimer Holdings, Inc.",XNYS,CS,True
OR,OR Royalties Inc.,XNYS,CS,True
ORA,"Ormat Technologies, Inc.",XNYS,CS,True
ORBS,Eightco Holdings Inc. Common Stock,XNAS,CS,True
ORC,"Orchid Island Capital, Inc.",XNYS,CS,True
ORCL,Oracle Corp,XNYS,CS,True
ORGN,"Origin Materials, Inc. Common Stock",XNAS,CS,True
ORGO,Organogenesis Holdings Inc. Class A Common Stock,XNAS,CS,True
ORI,Old Republic International Corporation,XNYS,CS,True
ORIC,"Oric Pharmaceuticals, Inc. Common Stock",XNAS,CS,True
ORIO,Orion Digital Corp. Common Shares,XNAS,CS,True
ORIQ,Origin Investment Corp I Ordinary Shares,XNAS,CS,True
ORIS,Oriental Rise Holdings Limited Ordinary Shares,XNAS,CS,True
ORKA,"Oruka Therapeutics, Inc. Common Stock",XNAS,CS,True
ORKT,Orangekloud Technology Inc. Class A Ordinary Shares,XNAS,CS,True
ORLY,"O'Reilly Automotive, Inc.",XNAS,CS,True
ORMP,Oramed Pharmaceuticals Inc.,XNAS,CS,True
ORN,"Orion Group Holdings, Inc",XNYS,CS,True
ORRF,Orrstown Financial Services Inc,XNAS,CS,True
OS,"OneStream, Inc. Class A Common Stock",XNAS,CS,True
OSCR,"Oscar Health, Inc.",XNYS,CS,True
OSG,"Octave Specialty Group, Inc.",XNYS,CS,True
OSIS,OSI Systems Inc,XNAS,CS,True
OSK,Oshkosh Corp.,XNYS,CS,True
OSPN,OneSpan Inc. Common Stock,XNAS,CS,True
OSRH,"OSR Holdings, Inc. Common Stock",XNAS,CS,True
OSS,"One Stop Systems, Inc. Common Stock",XNAS,CS,True
OST,"Ostin Technology Group Co., Ltd. Class A Ordinary Shares",XNAS,CS,True
OSUR,OraSure Technologies Inc,XNAS,CS,True
OSW,OneSpaWorld Holdings Limited Common Shares,XNAS,CS,True
OTEX,Open Text Corp,XNAS,CS,True
OTF,Blue Owl Technology Finance Corp.,XNYS,CS,True
OTGA,OTG Acquisition Corp. I Class A Ordinary Share,XNAS,CS,True
OTIS,Otis Worldwide Corporation,XNYS,CS,True
OTLK,"Outlook Therapeutics, Inc. Common Stock",XNAS,CS,True
OTTR,Otter Tail Corp,XNAS,CS,True
OUST,"Ouster, Inc.",XNAS,CS,True
OUT,OUTFRONT Media Inc.,XNYS,CS,True
OVBC,Ohio Valley Banc Corp,XNAS,CS,True
OVID,Ovid Therapeutics Inc. Common Stock,XNAS,CS,True
OVV,Ovintiv Inc.,XNYS,CS,True
OWL,Blue Owl Capital Inc.,XNYS,CS,True
OWLS,OBOOK Holdings Inc. Class A Common Shares,XNAS,CS,True
OWLT,"Owlet, Inc.",XNYS,CS,True
OXBR,Oxbridge Re Holdings Limited,XNAS,CS,True
OXLC,Oxford Lane Capital Corp.,XNAS,CS,True
OXLCG,Oxford Lane Capital Corp. 7.95% Notes due 2032,XNAS,CS,True
OXLCI,Oxford Lane Capital Corp. 8.75% Notes due 2030,XNAS,CS,True
OXLCL,Oxford Lane Capital Corp. 6.75% Notes due 2031,XNAS,CS,True
OXLCZ,Oxford Lane Capital Corp. 5.00% Notes due 2027,XNAS,CS,True
OXM,"Oxford Industries, Inc.",XNYS,CS,True
OXSQ,Oxford Square Capital Corp.,XNAS,CS,True
OXSQG,Oxford Square Capital Corp. 5.50% Notes due 2028,XNAS,CS,True
OXSQH,Oxford Square Capital Corp. 7.75% Notes due 2030,XNAS,CS,True
OXY,Occidental Petroleum Corporation,XNYS,CS,True
OYSE,Oyster Enterprises II Acquisition Corp Class A Ordinary Shares,XNAS,CS,True
OZK,Bank OZK,XNAS,CS,True
PAA,"Plains All American Pipeline, L.P. Common Units representing Limited Partner Interests",XNAS,CS,True
PAAS,Pan American Silver Corp.,XNYS,CS,True
PAC,"Grupo Aeroportuario del Pacifico, S.A.B. de C.V. Amer. Dep. Shares (each rep. 10 Ser. B shares)",XNYS,ADRC,True
PACB,"Pacific Biosciences of California, Inc.",XNAS,CS,True
PACH,Pioneer Acquisition I Corp Class A Ordinary Shares,XNAS,CS,True
PACK,Ranpak Holdings Corp.,XNYS,CS,True
PACS,"PACS Group, Inc.",XNYS,CS,True
PAG,"Penske Automotive Group, Inc.",XNYS,CS,True
PAGP,"Plains GP Holdings, L.P. Class A Units representing Limited Partner Interests",XNAS,CS,True
PAGS,PagSeguro Digital Ltd.,XNYS,CS,True
PAHC,Phibro Animal Health Corporation Class A,XNAS,CS,True
PAII,Pyrophyte Acquisition Corp. II,XNYS,CS,True
PAL,"Proficient Auto Logistics, Inc. Common Stock",XNAS,CS,True
PALI,"Palisade Bio, Inc. Common Stock",XNAS,CS,True
PAM,PAMPA ENERGIA S.A.,XNYS,ADRC,True
PAMT,PAMT CORP Common Stock,XNAS,CS,True
PANL,Pangaea Logistics Solutions Ltd.,XNAS,CS,True
PANW,"Palo Alto Networks, Inc. Common Stock",XNAS,CS,True
PAR,PAR Technology Corp.,XNYS,CS,True
PARK,"Park Dental Partners, Inc. Common Stock",XNAS,CS,True
PARR,"Par Pacific Holdings, Inc. Common Stock",XNYS,CS,True
PASG,"Passage Bio, Inc. Common Stock",XNAS,CS,True
PASW,"Ping An Biomedical Co., Ltd. Ordinary Shares",XNAS,CS,True
PATH,"UiPath, Inc.",XNYS,CS,True
PATK,Patrick Industries Inc,XNAS,CS,True
PAVM,PAVmed Inc. Common Stock,XNAS,CS,True
PAVS,Paranovus Entertainment Technology Ltd. Class A Ordinary Shares,XNAS,CS,True
PAX,Patria Investments Limited Class A Common Shares,XNAS,CS,True
PAY,"Paymentus Holdings, Inc.",XNYS,CS,True
PAYC,"PAYCOM SOFTWARE, INC.",XNYS,CS,True
PAYO,Payoneer Global Inc. Common Stock,XNAS,CS,True
PAYS,"Paysign, Inc. Common Stock",XNAS,CS,True
PAYX,Paychex Inc,XNAS,CS,True
PBA,PEMBINA PIPELINE CORPORATION,XNYS,CS,True
PBF,PBF ENERGY INC.,XNYS,CS,True
PBH,Prestige Consumer Healthcare Inc.,XNYS,CS,True
PBI,Pitney Bowes Inc.,XNYS,CS,True
PBM,Psyence Biomedical Ltd. Common Shares,XNAS,CS,True
PBR,PETROLEO BRASILEIRO S.A.-PETROBRAS ADS (REP 1 COMMON SHARE),XNYS,ADRC,True
PBR.A,Petroleo Brasileiro S.A.-Petrobras,XNYS,ADRC,True
PBYI,PUMA BIOTECHNOLOGY INC,XNAS,CS,True
PC,Premium Catering (Holdings) Limited Ordinary Shares,XNAS,CS,True
PCAP,ProCap Acquisition Corp Class A Ordinary Shares,XNAS,CS,True
PCAR,Paccar Inc,XNAS,CS,True
PCG,PG&E Corporation,XNYS,CS,True
PCH,PotlatchDeltic Corporation Common Stock,XNAS,CS,True
PCOR,"Procore Technologies, Inc.",XNYS,CS,True
PCRX,"Pacira BioSciences, Inc. Common Stock",XNAS,CS,True
PCSA,"Processa Pharmaceuticals, Inc. Common",XNAS,CS,True
PCSC,Perceptive Capital Solutions Corp Class A Ordinary Shares,XNAS,CS,True
PCT,"PureCycle Technologies, Inc. Common stock",XNAS,CS,True
PCTY,Paylocity Holding Corporation Common Stock,XNAS,CS,True
PCVX,"Vaxcyte, Inc. Common Stock",XNAS,CS,True
PCYO,Pure Cycle Corporation,XNAS,CS,True
PD,"PagerDuty, Inc.",XNYS,CS,True
PDCC,Pearl Diver Credit Company Inc.,XNYS,CS,True
PDEX,Pro-Dex Inc New,XNAS,CS,True
PDFS,PDF Solutions Inc,XNAS,CS,True
PDLB,"Ponce Financial Group, Inc. Common Stock",XNAS,CS,True
PDS,Precision Drilling Corporation,XNYS,CS,True
PDSB,PDS Biotechnology Corporation Common Stock,XNAS,CS,True
PDYN,Palladyne AI Corp. Common Stock,XNAS,CS,True
PECO,"Phillips Edison & Company, Inc. Common Stock",XNAS,CS,True
PEG,Public Service Enterprise Group Incorporated,XNYS,CS,True
PEGA,Pegasystems Inc,XNAS,CS,True
PELI,Pelican Acquisition Corporation Ordinary Shares,XNAS,CS,True
PEN,"Penumbra, Inc.",XNYS,CS,True
PENG,"Penguin Solutions, Inc. Ordinary Shares",XNAS,CS,True
PENN,"PENN Entertainment, Inc. Common Stock",XNAS,CS,True
PEP,"PepsiCo, Inc.",XNAS,CS,True
PEPG,PepGen Inc. Common Stock,XNAS,CS,True
PERF,Perfect Corp.,XNYS,CS,True
PERI,Perion Network Ltd.,XNAS,CS,True
PESI,"Perma-Fix Environmental Services, Inc.",XNAS,CS,True
PETS,"PetMed Express, Inc.",XNAS,CS,True
PETZ,"TDH Holdings, Inc. Common Shares",XNAS,CS,True
PEW,GrabAGun Digital Holdings Inc.,XNYS,CS,True
PFAI,Pinnacle Food Group Limited Class A Common Shares,XNAS,CS,True
PFE,Pfizer Inc.,XNYS,CS,True
PFG,"Principal Financial Group, Inc.",XNAS,CS,True
PFGC,Performance Food Group Company,XNYS,CS,True
PFIS,Peoples Financial Services Corp.,XNAS,CS,True
PFLT,PennantPark Floating Rate Capital Ltd.,XNYS,CS,True
PFS,"Provident Financial Services, Inc.",XNYS,CS,True
PFSA,"Profusa, Inc. Common Stock",XNAS,CS,True
PFSI,"PennyMac Financial Services, Inc. Common Stock",XNYS,CS,True
PFX,PhenixFIN Corporation Common Stock,XNAS,CS,True
PFXNZ,PhenixFIN Corporation 5.25% Notes due 2028,XNAS,CS,True
PG,Procter & Gamble Company,XNYS,CS,True
PGAC,Pantages Capital Acquisition Corporation Class A Ordinary Shares,XNAS,CS,True
PGEN,"Precigen, Inc. Common Stock",XNAS,CS,True
PGNY,"Progyny, Inc. Common Stock",XNAS,CS,True
PGR,Progressive Corporation,XNYS,CS,True
PGY,Pagaya Technologies Ltd. Class A Ordinary Shares,XNAS,CS,True
PH,Parker-Hannifin Corporation,XNYS,CS,True
PHAR,"Pharming Group N.V. ADS, each representing 10 ordinary shares",XNAS,CS,True
PHAT,"Phathom Pharmaceuticals, Inc. Common Stock",XNAS,CS,True
PHG,KONINKLIJKE PHILIPS  N.V.,XNYS,CS,True
PHI,PLDT Inc.,XNYS,ADRC,True
PHIN,PHINIA Inc.,XNYS,CS,True
PHIO,Phio Pharmaceuticals Corp. Common Stock,XNAS,CS,True
PHM,"Pultegroup, Inc.",XNYS,CS,True
PHOE,Phoenix Asia Holdings Limited Ordinary Shares,XNAS,CS,True
PHR,"Phreesia, Inc.",XNYS,CS,True
PHUN,"Phunware, Inc. Common Stock",XNAS,CS,True
PHVS,Pharvaris N.V. Ordinary Shares,XNAS,CS,True
PI,"Impinj, Inc. Common Stock",XNAS,CS,True
PII,Polaris Inc.,XNYS,CS,True
PIII,P3 Health Partners Inc. Common Stock,XNAS,CS,True
PINS,"Pinterest, Inc. Class A Common Stock",XNYS,CS,True
PIPR,Piper Sandler Companies,XNYS,CS,True
PJT,PJT Partners Inc.,XNYS,CS,True
PK,Park Hotels & Resorts Inc. Common Stock,XNYS,CS,True
PKE,Park Aerospace Corp. Common Stock,XNYS,CS,True
PKG,Packaging Corp of America,XNYS,CS,True
PKOH,Park-Ohio Holdings Corp,XNAS,CS,True
PL,Planet Labs PBC,XNYS,CS,True
PLAB,Photronics Inc,XNAS,CS,True
PLAY,"Dave & Buster's Entertainment, Inc.",XNAS,CS,True
PLBL,Polibeli Group Ltd Class A Ordinary Shares,XNAS,CS,True
PLBY,"Playboy, Inc. Common Stock",XNAS,CS,True
PLCE,"Children's Place, Inc.",XNAS,CS,True
PLD,"PROLOGIS, INC.",XNYS,CS,True
PLMK,Plum Acquisition Corp. IV Class A Ordinary Shares,XNAS,CS,True
PLMR,"Palomar Holdings, Inc. Common stock",XNAS,CS,True
PLNT,"Planet Fitness, Inc.",XNYS,CS,True
PLOW,"DOUGLAS DYNAMICS, INC.",XNYS,CS,True
PLPC,Preformed Line Products Co,XNAS,CS,True
PLRX,"Pliant Therapeutics, Inc. Common Stock",XNAS,CS,True
PLRZ,Polyrizon Ltd. Ordinary Shares,XNAS,CS,True
PLSE,"Pulse Biosciences, Inc Common Stock (DE)",XNAS,CS,True
PLTK,Playtika Holding Corp. Common Stock,XNAS,CS,True
PLTR,Palantir Technologies Inc. Class A Common Stock,XNAS,CS,True
PLTS,Platinum Analytics Cayman Limited Class A Ordinary Shares,XNAS,CS,True
PLUG,Plug Power Inc.,XNAS,CS,True
PLUR,Pluri Inc. Common Stock,XNAS,CS,True
PLUS,ePlus Inc,XNAS,CS,True
PLUT,Plutus Financial Group Limited Ordinary Shares,XNAS,CS,True
PLXS,Plexus Corp,XNAS,CS,True
PM,Philip Morris International Inc.,XNYS,CS,True
PMAX,Powell Max Limited Class A Ordinary Shares,XNAS,CS,True
PMCB,"PharmaCyte Biotech, Inc. Common Stock",XNAS,CS,True
PMEC,Primech Holdings Ltd. Ordinary Shares,XNAS,CS,True
PMN,ProMIS Neurosciences Inc. Common Shares (ON),XNAS,CS,True
PMTR,Perimeter Acquisition Corp. I Class A Ordinary Shares,XNAS,CS,True
PMTS,CPI Card Group Inc. Common Stock,XNAS,CS,True
PMVP,"PMV Pharmaceuticals, Inc",XNAS,CS,True
PN,Skycorp Solar Group Limited Ordinary Shares,XNAS,CS,True
PNC,PNC Financial Services Group,XNYS,CS,True
PNFP,"Pinnacle Financial Partners, Inc.",XNYS,CS,True
PNNT,Pennant Investment Corp,XNYS,CS,True
PNR,Pentair plc,XNYS,CS,True
PNRG,PrimeEnergy Resources Corporation Common Stock,XNAS,CS,True
PNTG,"The Pennant Group, Inc. Common Stock",XNAS,CS,True
PNW,Pinnacle West Capital Corporation,XNYS,CS,True
POCI,"Precision Optics Corporation, Inc. Common Stock",XNAS,CS,True
PODC,"PodcastOne, Inc. Common Stock",XNAS,CS,True
PODD,Insulet Corporation,XNAS,CS,True
POET,POET Technologies Inc. Common Shares,XNAS,CS,True
POLA,"Polar Power, Inc. Common Stock",XNAS,CS,True
POLE,Andretti Acquisition Corp. II Class A Ordinary Shares,XNAS,CS,True
POOL,Pool Corporation,XNAS,CS,True
POST,"POST HOLDINGS, INC.",XNYS,CS,True
POWI,Power Integrations Inc,XNAS,CS,True
POWL,Powell Industries Inc,XNAS,CS,True
POWW,Outdoor Holding Company Common Stock,XNAS,CS,True
PPC,Pilgrims Pride Corporation,XNAS,CS,True
PPCB,"Propanc Biopharma, Inc. Common Stock",XNAS,CS,True
PPG,"PPG Industries, Inc.",XNYS,CS,True
PPIH,"Perma-Pipe International Holdings, Inc.",XNAS,CS,True
PPL,PPL Corporation,XNYS,CS,True
PPSI,"Pioneer Power Solutions, Inc.",XNAS,CS,True
PPTA,Perpetua Resources Corp. Common Shares,XNAS,CS,True
PR,Permian Resources Corporation,XNYS,CS,True
PRA,ProAssurance Corporation,XNYS,CS,True
PRAA,"PRA Group, Inc.",XNAS,CS,True
PRAX,"Praxis Precision Medicines, Inc. Common Stock",XNAS,CS,True
PRCH,"Porch Group, Inc. Common Stock",XNAS,CS,True
PRCT,PROCEPT BioRobotics Corporation Common Stock,XNAS,CS,True
PRDO,Perdoceo Education Corporation,XNAS,CS,True
PRE,Prenetics Global Limited Class A Ordinary Share,XNAS,CS,True
PRFX,PainReform Ltd. Ordinary Shares,XNAS,CS,True
PRG,"PROG Holdings, Inc.",XNYS,CS,True
PRGO,PERRIGO COMPANY PLC,XNYS,CS,True
PRGS,Progress Software Corp (DE),XNAS,CS,True
PRHI,"Presurance Holdings, Inc. Common Stock",XNAS,CS,True
PRHIZ,"Presurance Holdings, Inc. 9.75% Senior Unsecured Notes due 2028",XNAS,CS,True
PRI,"PRIMERICA, INC.",XNYS,CS,True
PRIM,Primoris Services Corporation,XNYS,CS,True
PRKS,United Parks & Resorts Inc.,XNYS,CS,True
PRLB,"PROTO LABS, INC.",XNYS,CS,True
PRLD,Prelude Therapeutics Incorporated,XNAS,CS,True
PRM,"Perimeter Solutions, Inc.",XNYS,CS,True
PRMB,Primo Brands Corporation,XNYS,CS,True
PRME,"Prime Medicine, Inc. Common Stock",XNAS,CS,True
PROF,Profound Medical Corp. Common Stock,XNAS,CS,True
PROK,ProKidney Corp. Class A Ordinary Shares,XNAS,CS,True
PROP,Prairie Operating Co. Common Stock,XNAS,CS,True
PROV,Provident Financial Hldgs,XNAS,CS,True
PRPL,"Purple Innovation, Inc. Common Stock",XNAS,CS,True
PRPO,"Precipio, Inc. Common Stock",XNAS,CS,True
PRQR,ProQR Therapeutics N.V. Ordinary Shares,XNAS,CS,True
PRSO,"Peraso, Inc. Common Stock",XNAS,CS,True
PRSU,"Pursuit Attractions and Hospitality, Inc.",XNYS,CS,True
PRTA,Prothena Corporation plc Ordinary Shares,XNAS,CS,True
PRTH,"Priority Technology Holdings, Inc.",XNAS,CS,True
PRTS,"CarParts.com, Inc. Common Stock",XNAS,CS,True
PRU,"Prudential Financial, Inc.",XNYS,CS,True
PRVA,"Privia Health Group, Inc. Common Stock",XNAS,CS,True
PRZO,ParaZero Technologies Ltd. Ordinary Shares,XNAS,CS,True
PSA,Public Storage,XNYS,CS,True
PSEC,Prospect Capital Corporation,XNAS,CS,True
PSFE,Paysafe Limited,XNYS,CS,True
PSHG,Performance Shipping Inc. Common Shares,XNAS,CS,True
PSIG,PS International Group Ltd. Ordinary Shares,XNAS,CS,True
PSIX,"Power Solutions International, Inc. Common Stock",XNAS,CS,True
PSKY,Paramount Skydance Corporation Class B Common Stock,XNAS,CS,True
PSMT,Pricesmart Inc,XNAS,CS,True
PSN,Parsons Corporation,XNYS,CS,True
PSNL,"Personalis, Inc. Common Stock",XNAS,CS,True
PSNY,"Gores Guggenheim, Inc. Class A Common Stock",XNAS,CS,True
PSO,Pearson plc,XNYS,ADRC,True
PSQH,"PSQ Holdings, Inc.",XNYS,CS,True
PSTG,"Pure Storage, Inc. Class A",XNYS,CS,True
PSTV,"PLUS THERAPEUTICS, Inc. Common Stock",XNAS,CS,True
PSX,PHILLIPS 66,XNYS,CS,True
PTC,"PTC, INC",XNAS,CS,True
PTCT,"PTC Therapeutics, Inc.",XNAS,CS,True
PTEN,Patterson-UTI Energy Inc,XNAS,CS,True
PTGX,"Protagonist Therapeutics, Inc",XNAS,CS,True
PTHL,Pheton Holdings Ltd Class A Ordinary Shares,XNAS,CS,True
PTLE,PTL LTD Class A Ordinary Shares,XNAS,CS,True
PTLO,Portillo's Inc. Class A Common Stock,XNAS,CS,True
PTNM,Pitanium Limited Class A Ordinary shares,XNAS,CS,True
PTON,"Peloton Interactive, Inc. Class A Common Stock",XNAS,CS,True
PUBM,"PubMatic, Inc. Class A Common Stock",XNAS,CS,True
PUK,PRUDENTIAL PLC ADS (REP 2 ORD SHARES),XNYS,ADRC,True
PULM,"Pulmatrix, Inc. Common Stock",XNAS,CS,True
PUMP,ProPetro Holding Corp.,XNYS,CS,True
PURR,Hyperliquid Strategies Inc Common Stock,XNAS,CS,True
PVH,PVH Corp.,XNYS,CS,True
PVLA,"Palvella Therapeutics, Inc. Common Stock",XNAS,CS,True
PWP,Perella Weinberg Partners Class A Common Stock,XNAS,CS,True
PWR,"Quanta Services, Inc.",XNYS,CS,True
PX,"P10, Inc.",XNYS,CS,True
PXED,"Phoenix Education Partners, Inc.",XNYS,CS,True
PXLW,Pixelworks Inc,XNAS,CS,True
PXS,Pyxis Tankers Inc. Common Stock,XNAS,CS,True
PYPD,PolyPid Ltd. Ordinary Shares,XNAS,CS,True
PYPL,"PayPal Holdings, Inc. Common Stock",XNAS,CS,True
PYXS,"Pyxis Oncology, Inc. Common Stock",XNAS,CS,True
PZZA,Papa John's International Inc,XNAS,CS,True
Q,"Qnity Electronics, Inc.",XNYS,CS,True
QBTS,D-Wave Quantum Inc.,XNYS,CS,True
QCLS,"Q/C Technologies, Inc. Common Stock",XNAS,CS,True
QCOM,Qualcomm Inc,XNAS,CS,True
QCRH,QCR Holdings Inc,XNAS,CS,True
QDEL,QuidelOrtho Corporation Common Stock,XNAS,CS,True
QETA,Quetta Acquisition Corporation Common Stock,XNAS,CS,True
QGEN,QIAGEN N.V.,XNYS,CS,True
QH,Quhuo Limited American Depository Shares,XNAS,ADRC,True
QIPT,Quipt Home Medical Corp. Ordinary Shares,XNAS,CS,True
QLYS,"Qualys, Inc. Common Stock",XNAS,CS,True
QMCO,Quantum Corporation,XNAS,CS,True
QMMM,QMMM Holdings Limited Class A Ordinary Shares,XNAS,CS,True
QNCX,"Quince Therapeutics, Inc. Common Stock",XNAS,CS,True
QNST,"QuinStreet, Inc.",XNAS,CS,True
QNTM,Quantum Biopharma Ltd. Class B Subordinate Voting Shares,XNAS,CS,True
QRHC,Quest Resource Holding Corporation,XNAS,CS,True
QRVO,"Qorvo, Inc.",XNAS,CS,True
QS,QuantumScape Corporation Class A Common Stock,XNAS,CS,True
QSEA,Quartzsea Acquisition Corporation Ordinary Shares,XNAS,CS,True
QSI,Quantum-Si Incorporated Class A Common Stock,XNAS,CS,True
QSR,Restaurant Brands International Inc.,XNYS,CS,True
QTRX,Quanterix Corporation Common Stock,XNAS,CS,True
QTTB,Q32 Bio Inc. Common Stock,XNAS,CS,True
QTWO,Q2 Holdings Inc,XNYS,CS,True
QUAD,"QUAD/GRAPHICS, INC.",XNYS,CS,True
QUBT,Quantum Computing Inc. Common,XNAS,CS,True
QUIK,QuickLogic Corp,XNAS,CS,True
QUMS,Quantumsphere Acquisition Corp. Ordinary Shares,XNAS,CS,True
QURE,uniQure N.V.,XNAS,CS,True
QXO,"QXO, Inc.",XNYS,CS,True
R,"Ryder System, Inc.",XNYS,CS,True
RAAQ,Real Asset Acquisition Corp. Class A Ordinary Share,XNAS,CS,True
RAC,Rithm Acquisition Corp.,XNYS,CS,True
RACE,Ferrari N.V.,XNYS,CS,True
RAIL,"FreightCar America, Inc.",XNAS,CS,True
RAIN,"Rain Enhancement Technologies Holdco, Inc. Class A Common Stock",XNAS,CS,True
RAL,Ralliant Corporation,XNYS,CS,True
RAMP,"LiveRamp Holdings, Inc. Common Stock",XNYS,CS,True
RAND,Rand Capital Corp,XNAS,CS,True
RANG,Range Capital Acquisition Corp. Ordinary Shares,XNAS,CS,True
RANI,"Rani Therapeutics Holdings, Inc. Class A Common Stock",XNAS,CS,True
RAPP,"Rapport Therapeutics, Inc. Common Stock",XNAS,CS,True
RAPT,"RAPT Therapeutics, Inc. Common Stock",XNAS,CS,True
RARE,Ultragenyx Pharmaceutical Inc.,XNAS,CS,True
RAVE,"Rave Restaurant Group, Inc.",XNAS,CS,True
RAY,Raytech Holding Limited Ordinary Shares,XNAS,CS,True
RAYA,Erayak Power Solution Group Inc. Class A Ordinary Shares,XNAS,CS,True
RBA,"RB Global, Inc.",XNYS,CS,True
RBBN,Ribbon Communications Inc. Common Stock,XNAS,CS,True
RBC,RBC Bearings Incorporated,XNYS,CS,True
RBLX,Roblox Corporation,XNYS,CS,True
RBNE,Robin Energy Ltd. Common Stock,XNAS,CS,True
RBOT,Vicarious Surgical Inc.,XNYS,CS,True
RBRK,"Rubrik, Inc.",XNYS,CS,True
RC,Ready Capital Corporation,XNYS,CS,True
RCAT,"Red Cat Holdings, Inc. Common Stock",XNAS,CS,True
RCEL,"Avita Medical, Inc. Common Stock",XNAS,ADRC,True
RCI,"Rogers Communications, Inc.",XNYS,CS,True
RCKT,"Rocket Pharmaceuticals, Inc. Common Stock",XNAS,CS,True
RCKY,"Rocky Brands, Inc.",XNAS,CS,True
RCL,Royal Caribbean Group,XNYS,CS,True
RCMT,RCM Technologies Inc,XNAS,CS,True
RCON,"Recon Technology, Ltd. Class A Ordinary Shares",XNAS,CS,True
RCT,RedCloud Holdings plc Ordinary Shares,XNAS,CS,True
RCUS,"Arcus Biosciences, Inc.",XNYS,CS,True
RDAC,Rising Dragon Acquisition Corp. Ordinary Shares,XNAS,CS,True
RDAG,Republic Digital Acquisition Company Class A Ordinary Shares,XNAS,CS,True
RDCM,Radcom Ltd.,XNAS,CS,True
RDDT,"Reddit, Inc.",XNYS,CS,True
RDGT,"Ridgetech, Inc. Ordinary Shares",XNAS,CS,True
RDHL,Redhill Biopharma Ltd.,XNAS,ADRC,True
RDI,"Reading International, Inc Class A Common Stock",XNAS,CS,True
RDIB,"Reading International, Inc (Class B",XNAS,CS,True
RDN,Radian Group Inc.,XNYS,CS,True
RDNT,"RadNet, Inc. Common Stock",XNAS,CS,True
RDNW,"RideNow Group, Inc. Class B Common Stock",XNAS,CS,True
RDVT,"Red Violet, Inc. Common Stock",XNAS,CS,True
RDW,Redwire Corporation,XNYS,CS,True
RDWR,Radware Ltd.,XNAS,CS,True
RDZN,"Roadzen, Inc. Ordinary Shares",XNAS,CS,True
REAL,"The RealReal, Inc. Common Stock",XNAS,CS,True
REAX,REAL BROKERAGE INC,XNAS,CS,True
REBN,"Reborn Coffee, Inc. Common Stock",XNAS,CS,True
RECT,Rectitude Holdings Ltd Ordinary Shares,XNAS,CS,True
REE,REE Automotive Ltd. Class A Ordinary Shares,XNAS,CS,True
REFR,Research Frontiers Inc,XNAS,CS,True
REG,Regency Centers Corporation,XNAS,CS,True
REGN,Regeneron Pharmaceuticals Inc,XNAS,CS,True
REKR,"Rekor Systems, Inc. Common Stock",XNAS,CS,True
RELI,"Reliance Global Group, Inc. Common Stock",XNAS,CS,True
RELL,Richardson Electronics Ltd,XNAS,CS,True
RELX,RELX PLC,XNYS,ADRC,True
RELY,"Remitly Global, Inc. Common Stock",XNAS,CS,True
RENT,"Rent the Runway, Inc. Class A Common Stock",XNAS,CS,True
RENX,RenX Enterprises Corp. Common Stock,XNAS,CS,True
REPL,"Replimune Group, Inc.",XNAS,CS,True
RES,"RPC, Inc.",XNYS,CS,True
RETO,"ReTo Eco-Solutions, Inc. Class A Shares",XNAS,CS,True
REVB,"Revelation Biosciences, Inc. Common Stock",XNAS,CS,True
REVG,"REV Group, Inc.",XNYS,CS,True
REX,REX American Resources Corp.,XNYS,CS,True
REYN,Reynolds Consumer Products Inc. Common Stock,XNAS,CS,True
REZI,"Resideo Technologies, Inc. Common Stock",XNYS,CS,True
RFAI,RF Acquisition Corp II Ordinary Shares,XNAS,CS,True
RFIL,RF Industries Ltd,XNAS,CS,True
RFL,"Rafael Holdings, Inc. Class B Common Stock",XNYS,CS,True
RGC,Regencell Bioscience Holdings Limited Ordinary Shares,XNAS,CS,True
RGCO,RGC Resources Inc,XNAS,CS,True
RGEN,Repligen Corp,XNAS,CS,True
RGLD,Royal Gold Inc,XNAS,CS,True
RGNX,REGENXBIO Inc.,XNAS,CS,True
RGP,Resources Connection,XNAS,CS,True
RGR,"Sturm, Ruger & Company, Inc.",XNYS,CS,True
RGS,Regis Corporation,XNAS,CS,True
RGTI,"Rigetti Computing, Inc. Common Stock",XNAS,CS,True
RH,RH,XNYS,CS,True
RHI,Robert Half Inc.,XNYS,CS,True
RHLD,"Resolute Holdings Management, Inc.",XNYS,CS,True
RIBB,Ribbon Acquisition Corp Class A Ordinary Shares,XNAS,CS,True
RICK,"RCI Hospitality Holdings, Inc.",XNAS,CS,True
RIG,Transocean LTD.,XNYS,CS,True
RIGL,Rigel Pharmaceuticals Inc. (New),XNAS,CS,True
RILY,"BRC Group Holdings, Inc. Common Stock",XNAS,CS,True
RILYG,"BRC Group Holdings, Inc. 5.00% Senior Notes due 2026",XNAS,CS,True
RILYK,"BRC Group Holdings, Inc. 5.50% Senior Notes Due 2026",XNAS,CS,True
RILYN,"BRC Group Holdings, Inc. 6.50% Senior Notes Due 2026",XNAS,CS,True
RILYT,"BRC Group Holdings, Inc. 6.00% Senior Notes Due 2028",XNAS,CS,True
RILYZ,"BRC Group Holdings, Inc. 5.25% Senior Notes due 2028",XNAS,CS,True
RIME,"Algorhythm Holdings, Inc. Common Stock",XNAS,CS,True
RIO,Rio Tinto plc,XNYS,ADRC,True
RIOT,"Riot Platforms, Inc. Common Stock",XNAS,CS,True
RITM,Rithm Capital Corp.,XNYS,CS,True
RIVN,"Rivian Automotive, Inc. Class A Common Stock",XNAS,CS,True
RJET,Republic Airways Holdings Inc. Common Stock,XNAS,CS,True
RJF,"Raymond James Financial, Inc.",XNYS,CS,True
RKDA,"Arcadia Biosciences, Inc.",XNAS,CS,True
RKLB,Rocket Lab Corporation Common Stock,XNAS,CS,True
RKT,"Rocket Companies, Inc.",XNYS,CS,True
RL,Ralph Lauren Corporation,XNYS,CS,True
RLAY,"Relay Therapeutics, Inc. Common Stock",XNAS,CS,True
RLI,RLI Corp.,XNYS,CS,True
RLMD,"Relmada Therapeutics, Inc. Common Stock",XNAS,CS,True
RLYB,Rallybio Corporation Common Stock,XNAS,CS,True
RM,REGIONAL MANAGEMENT CORP,XNYS,CS,True
RMAX,"RE/MAX HOLDINGS, INC.",XNYS,CS,True
RMBS,Rambus Inc,XNAS,CS,True
RMCF,"Rocky Mountain Chocolate Factory, Inc. Common Stock",XNAS,CS,True
RMCO,Royalty Management Holding Corporation Class A Common Stock,XNAS,CS,True
RMD,ResMed Inc.,XNYS,CS,True
RMNI,"Rimini Street, Inc. (DE) Common Stock",XNAS,CS,True
RMR,The RMR Group Inc. Class A Common Stock,XNAS,CS,True
RMSG,Real Messenger Corporation Ordinary Shares,XNAS,CS,True
RMTI,"Rockwell Medical, Inc. (DE) Common Stock",XNAS,CS,True
RNA,"Avidity Biosciences, Inc. Common Stock",XNAS,CS,True
RNAC,"Cartesian Therapeutics, Inc. Common Stock",XNAS,CS,True
RNAZ,"TransCode Therapeutics, Inc. Common Stock",XNAS,CS,True
RNG,"RINGCENTRAL, INC.",XNYS,CS,True
RNGR,"Ranger Energy Services, Inc.",XNYS,CS,True
RNGT,Range Capital Acquisition Corp II Class A Ordinary Shares,XNAS,CS,True
RNR,RenaissanceRe Holdings Ltd.,XNYS,CS,True
RNST,Renasant Corporation,XNYS,CS,True
RNTX,"Rein Therapeutics, Inc. Common Stock",XNAS,CS,True
RNW,ReNew Energy Global plc Class A Ordinary Shares,XNAS,CS,True
RNXT,"RenovoRx, Inc. Common Stock",XNAS,CS,True
ROAD,"Construction Partners, Inc. Class A Common Stock",XNAS,CS,True
ROCK,"Gibraltar Industries, Inc.",XNAS,CS,True
ROG,Rogers Corporation,XNYS,CS,True
ROIV,Roivant Sciences Ltd. Common Shares,XNAS,CS,True
ROK,"Rockwell Automation, Inc.",XNYS,CS,True
ROKU,"Roku, Inc. Class A Common Stock",XNAS,CS,True
ROL,"Rollins, Inc.",XNYS,CS,True
ROMA,Roma Green Finance Limited Ordinary Shares,XNAS,CS,True
ROOT,"Root, Inc. Class A Common Stock",XNAS,CS,True
ROP,"Roper Technologies, Inc. Common Stock",XNAS,CS,True
ROST,Ross Stores Inc,XNAS,CS,True
RPAY,Repay Holdings Corporation Class A Common Stock,XNAS,CS,True
RPD,"Rapid7, Inc. Common Stock",XNAS,CS,True
RPGL,Republic Power Group Limited Class A Ordinary Shares,XNAS,CS,True
RPID,"Rapid Micro Biosystems, Inc. Class A Common Stock",XNAS,CS,True
RPM,"RPM International, Inc.",XNYS,CS,True
RPRX,Royalty Pharma plc Class A Ordinary Shares,XNAS,CS,True
RPTX,Repare Therapeutics Inc. Common Shares,XNAS,CS,True
RR,Richtech Robotics Inc. Class B Common Stock,XNAS,CS,True
RRC,Range Resources Corp,XNYS,CS,True
RRGB,Red Robin Gourmet Burgers Inc,XNAS,CS,True
RRR,"Red Rock Resorts, Inc. Class A Common Stock",XNAS,CS,True
RRX,Regal Rexnord Corporation,XNYS,CS,True
RS,"Reliance, Inc.",XNYS,CS,True
RSG,Republic Services Inc.,XNYS,CS,True
RSI,"Rush Street Interactive, Inc.",XNYS,CS,True
RSKD,Riskified Ltd.,XNYS,CS,True
RSSS,RESEARCH SOLUTIONS INC,XNAS,CS,True
RSVR,"Reservoir Media, Inc. Common Stock",XNAS,CS,True
RTAC,Renatus Tactical Acquisition Corp I Class A Ordinary Shares,XNAS,CS,True
RTX,RTX Corporation,XNYS,CS,True
RUBI,Rubico Inc. Common Stock,XNAS,CS,True
RUM,Rumble Inc. Class A Common Stock,XNAS,CS,True
RUN,Sunrun Inc,XNAS,CS,True
RUSHA,Rush Enterprises Inc,XNAS,CS,True
RUSHB,Rush Enterprises Inc,XNAS,CS,True
RVLV,"Revolve Group, Inc.",XNYS,CS,True
RVMD,"Revolution Medicines, Inc. Common Stock",XNAS,CS,True
RVPH,"Reviva Pharmaceuticals Holdings, Inc. Common Stock",XNAS,CS,True
RVSN,Rail Vision Ltd. Ordinary Share,XNAS,CS,True
RVTY,"Revvity, Inc.",XNYS,CS,True
RVYL,Ryvyl Inc. Common Stock,XNAS,CS,True
RWAY,Runway Growth Finance Corp. Common Stock,XNAS,CS,True
RWAYL,Runway Growth Finance Corp. 7.50% Notes due 2027,XNAS,CS,True
RWAYZ,Runway Growth Finance Corp. 8.00% Notes due 2027,XNAS,CS,True
RXO,"RXO, Inc.",XNYS,CS,True
RXRX,"Recursion Pharmaceuticals, Inc. Class A Common Stock",XNAS,CS,True
RXST,"RxSight, Inc. Common Stock",XNAS,CS,True
RXT,"Rackspace Technology, Inc. Common Stock",XNAS,CS,True
RY,Royal Bank of Canada,XNYS,CS,True
RYAM,Rayonier Advanced Materials Inc.,XNYS,CS,True
RYAN,"Ryan Specialty Holdings, Inc.",XNYS,CS,True
RYET,Ruanyun Edai Technology Inc. Ordinary shares,XNAS,CS,True
RYI,RYERSON HOLDING CORPORATION,XNYS,CS,True
RYM,"RYTHM, Inc. Common Stock",XNAS,CS,True
RYN,Rayonier Inc.,XNYS,CS,True
RYOJ,"rYojbaba Co., Ltd. Common Shares",XNAS,CS,True
RYTM,"Rhythm Pharmaceuticals, Inc. Common Stock",XNAS,CS,True
RZLT,"Rezolute, Inc. Common Stock (NV)",XNAS,CS,True
RZLV,Rezolve AI PLC Ordinary Shares,XNAS,CS,True
S,"SentinelOne, Inc.",XNYS,CS,True
SA,"Seabridge Gold, Inc.",XNYS,CS,True
SABR,Sabre Corporation,XNAS,CS,True
SABS,"SAB Biotherapeutics, Inc. Common Stock",XNAS,CS,True
SAFE,Safehold Inc.,XNYS,CS,True
SAFX,"XCF Global, Inc. Class A Common Stock",XNAS,CS,True
SAGT,SAGTEC GLOBAL LIMITED Class A Ordinary shares,XNAS,CS,True
SAH,"Sonic Automotive, Inc.",XNYS,CS,True
SAIA,"Saia, Inc.",XNAS,CS,True
SAIC,Science Applications International Corporation Common Stock,XNAS,CS,True
SAIH,SAIHEAT Limited Class A Ordinary Shares,XNAS,CS,True
SAIL,"SailPoint, Inc. Common Stock",XNAS,CS,True
SAM,Boston Beer Company,XNYS,CS,True
SAMG,Silvercrest Asset Management Group Inc.,XNAS,CS,True
SAN,Banco Santander S.A.,XNYS,ADRC,True
SANA,"Sana Biotechnology, Inc. Common Stock",XNAS,CS,True
SANG,Sangoma Technologies Corporation Common Shares,XNAS,CS,True
SANM,Sanmina  Corp,XNAS,CS,True
SAP,SAP SE,XNYS,ADRC,True
SAR,SARATOGA INVESTMENT CORP. NEW,XNYS,CS,True
SARO,"StandardAero, Inc.",XNYS,CS,True
SATL,Satellogic Inc. Class A Ordinary Shares,XNAS,CS,True
SATS,EchoStar Corporation,XNAS,CS,True
SAVA,"Cassava Sciences, Inc.",XNAS,CS,True
SB,"Safe Bulkers, Inc.",XNYS,CS,True
SBAC,SBA Communications Corp,XNAS,CS,True
SBC,SBC Medical Group Holdings Incorporated Common Stock,XNAS,CS,True
SBCF,Seacoast Banking Corp of Florida,XNAS,CS,True
SBDS,"Solo Brands, Inc.",XNYS,CS,True
SBET,SharpLink Gaming Ltd. Ordinary Shares,XNAS,CS,True
SBFG,"SB Financial Group, Inc.",XNAS,CS,True
SBFM,Sunshine Biopharma Inc.,XNAS,CS,True
SBGI,"Sinclair, Inc. Class A Common Stock",XNAS,CS,True
SBH,"Sally Beauty Holdings, Inc.",XNYS,CS,True
SBLK,Star Bulk Carriers Corp.,XNAS,CS,True
SBLX,"StableX Technologies, Inc. Common Stock",XNAS,CS,True
SBS,COMPANHIA DE SANEAMENTO B SICO DO ESTADO DE SAO PAULO-SABESP ADS'S,XNYS,ADRC,True
SBUX,Starbucks Corp,XNAS,CS,True
SBXD,SilverBox Corp IV,XNYS,CS,True
SCCO,Southern Copper Corporation,XNYS,CS,True
SCHL,Scholastic Corp,XNAS,CS,True
SCHW,The Charles Schwab Corporation,XNYS,CS,True
SCI,Service Corporation International,XNYS,CS,True
SCKT,"Socket Mobile, Inc. New",XNAS,CS,True
SCL,Stepan Co.,XNYS,CS,True
SCLX,Scilex Holding Company Common Stock,XNAS,CS,True
SCM,STELLUS CAPITAL INVESTMENT CORPORATION,XNYS,CS,True
SCNX,"Scienture Holdings, Inc. Common Stock",XNAS,CS,True
SCOR,"comScore, Inc. Common Stock",XNAS,CS,True
SCSC,Scansource Inc,XNAS,CS,True
SCVL,Shoe Carnival Inc,XNAS,CS,True
SCYX,"SCYNEXIS, Inc.",XNAS,CS,True
SD,"SandRidge Energy, Inc.",XNYS,CS,True
SDA,SunCar Technology Group Inc. Class A Ordinary Shares,XNAS,CS,True
SDGR,"Schrodinger, Inc. Common Stock",XNAS,CS,True
SDHC,Smith Douglas Homes Corp.,XNYS,CS,True
SDHI,Siddhi Acquisition Corp Class A Common stock,XNAS,CS,True
SDHY,PGIM Short Duration High Yield Opportunities Fund,XNYS,CS,True
SDM,Smart Digital Group Limited Ordinary Shares,XNAS,CS,True
SDOT,Sadot Group Inc. Common Stock,XNAS,CS,True
SDRL,Seadrill Limited,XNYS,CS,True
SDST,Stardust Power Inc. Common Stock,XNAS,CS,True
SEAT,Vivid Seats Inc. Class A Common Stock,XNAS,CS,True
SEDG,"SolarEdge Technologies, Inc.",XNAS,CS,True
SEE,Sealed Air Corp.,XNYS,CS,True
SEED,Origin Agritech Limited,XNAS,CS,True
SEER,"Seer, Inc. Class A Common Stock",XNAS,CS,True
SEG,Seaport Entertainment Group Inc.,XNYS,CS,True
SEGG,"Lottery.com, Inc. Common Stock",XNAS,CS,True
SEI,"Solaris Energy Infrastructure, Inc.",XNYS,CS,True
SEIC,SEI Investments Co,XNAS,CS,True
SELF,"Global Self Storage, Inc. Common Stock",XNAS,CS,True
SELX,Semilux International Ltd. Ordinary Shares,XNAS,CS,True
SEM,SELECT MEDICAL HOLDINGS CORP,XNYS,CS,True
SEMR,"SEMrush Holdings, Inc.",XNYS,CS,True
SENEA,Seneca Foods Corp,XNAS,CS,True
SENEB,Seneca Foods Corp,XNAS,CS,True
SENS,"Senseonics Holdings, Inc. Common Stock",XNAS,CS,True
SEPN,"Septerna, Inc. Common Stock",XNAS,CS,True
SERA,"Sera Prognostics, Inc. Class A Common Stock",XNAS,CS,True
SERV,Serve Robotics Inc. Common Stock,XNAS,CS,True
SES,SES AI Corporation,XNYS,CS,True
SEV,Aptera Motors Corp. Class B Common Stock,XNAS,CS,True
SEZL,Sezzle Inc. Common Stock,XNAS,CS,True
SFD,"Smithfield Foods, Inc. Common Stock",XNAS,CS,True
SFHG,Samfine Creation Holdings Group Limited Class A Ordinary Share,XNAS,CS,True
SFIX,"Stitch Fix, Inc. Class A Common Stock",XNAS,CS,True
SFL,SFL Corporation Ltd.,XNYS,CS,True
SFM,"Sprouts Farmers Market, Inc.",XNAS,CS,True
SFNC,Simmons First National Corp,XNAS,CS,True
SFWL,Shengfeng Development Limited Class A Ordinary Shares,XNAS,CS,True
SG,"Sweetgreen, Inc.",XNYS,CS,True
SGA,"Saga Communications, Inc. Class A Common Stock (FL)",XNAS,CS,True
SGBX,Safe & Green Holdings Corp. Common Stock,XNAS,CS,True
SGC,"Superior Group of Companies, Inc. Common Stock",XNAS,CS,True
SGHC,Super Group (SGHC) Limited,XNYS,CS,True
SGHT,"Sight Sciences, Inc. Common Stock",XNAS,CS,True
SGI,Somnigroup International Inc.,XNYS,CS,True
SGLY,Singularity Future Technology Ltd. Common Stock,XNAS,CS,True
SGML,Sigma Lithium Corporation Common Shares,XNAS,CS,True
SGMO,"Sangamo Therapeutics, Inc. Common Stock",XNAS,CS,True
SGRP,SPAR Group Inc,XNAS,CS,True
SGRY,"Surgery Partners, Inc. Common Stock",XNAS,CS,True
SGU,"Star Group, L.P. Common Units Representing Limited Partner Interest",XNYS,CS,True
SHAK,Shake Shack Inc.,XNYS,CS,True
SHC,Sotera Health Company Common Stock,XNAS,CS,True
SHCO,Soho House & Co Inc.,XNYS,CS,True
SHEN,Shenandoah Telecom Co,XNAS,CS,True
SHFS,"SHF Holdings, Inc. Class A Common Stock",XNAS,CS,True
SHG,Shinhan Financial Group Co Ltd,XNYS,ADRC,True
SHIM,Shimmick Corporation Common Stock,XNAS,CS,True
SHIP,Seanergy Maritime Holdings Corp.,XNAS,CS,True
SHLS,"Shoals Technologies Group, Inc. Class A Common Stock",XNAS,CS,True
SHMD,SCHMID Group N.V. Class A Ordinary Shares,XNAS,CS,True
SHO,"Sunstone Hotel Investors, Inc.",XNYS,CS,True
SHOO,Steven Madden Ltd,XNAS,CS,True
SHOP,Shopify Inc. Class A subordinate voting shares,XNAS,CS,True
SHPH,"Shuttle Pharmaceuticals Holdings, Inc. Common Stock",XNAS,CS,True
SHW,The Sherwin-Williams Company,XNYS,CS,True
SI,"Shoulder Innovations, Inc.",XNYS,CS,True
SIBN,"SI-BONE, Inc. Common Stock",XNAS,CS,True
SID,Companhia Siderurgica Nacional S.A. (CSN),XNYS,ADRC,True
SIDU,"Sidus Space, Inc. Class A Common Stock",XNAS,CS,True
SIFY,Sify Technologies Limited,XNAS,ADRC,True
SIG,Signet Jewelers Limited,XNYS,CS,True
SIGA,SIGA Technologies Inc.,XNAS,CS,True
SII,Sprott Inc.,XNYS,CS,True
SILC,Silicom Ltd,XNAS,CS,True
SILO,"Silo Pharma, Inc. Common Stock",XNAS,CS,True
SIMA,SIM Acquisition Corp. I Class A Ordinary Shares,XNAS,CS,True
SIMO,Silicon Motion Technology Corporation,XNAS,ADRC,True
SINT,"SiNtx Technologies, Inc. Common Stock",XNAS,CS,True
SION,"Sionna Therapeutics, Inc. Common Stock",XNAS,CS,True
SIRI,"Sirius XM Holdings,  Inc",XNAS,CS,True
SITC,SITE Centers Corp. Common Shares,XNYS,CS,True
SITE,"SiteOne Landscape Supply, Inc.",XNYS,CS,True
SITM,SiTime Corporation Common Stock,XNAS,CS,True
SJ,Scienjoy Holding Corporation Class A Ordinary Shares,XNAS,CS,True
SJM,The J.M. Smucker Company,XNYS,CS,True
SKBL,Skyline Builders Group Holding Limited Class A Ordinary Shares,XNAS,CS,True
SKE,Skeena Resources Limited,XNYS,CS,True
SKIL,Skillsoft Corp.,XNYS,CS,True
SKIN,The Beauty Health Company Class A Common Stock,XNAS,CS,True
SKK,SKK Holdings Limited Ordinary Shares,XNAS,CS,True
SKLZ,Skillz Inc.,XNYS,CS,True
SKT,Tanger Inc.,XNYS,CS,True
SKY,"Champion Homes, Inc.",XNYS,CS,True
SKYE,"Skye Bioscience, Inc. Common Stock",XNAS,CS,True
SKYH,Sky Harbour Group Corporation,XNYS,CS,True
SKYQ,Sky Quarry Inc. Common Stock,XNAS,CS,True
SKYW,Skywest Inc,XNAS,CS,True
SKYX,SKYX Platforms Corp. Common Stock,XNAS,CS,True
SLAB,Silicon Laboratories Inc,XNAS,CS,True
SLB,SLB Limited,XNYS,CS,True
SLDB,Solid Biosciences Inc. Common Stock,XNAS,CS,True
SLDE,"Slide Insurance Holdings, Inc. Common Stock",XNAS,CS,True
SLDP,"Solid Power, Inc. Class A Common Stock",XNAS,CS,True
SLE,"Super League Enterprise, Inc. Common Stock",XNAS,CS,True
SLF,Sun Life Financial Inc.,XNYS,CS,True
SLGB,Smart Logistics Global Limited Ordinary Shares,XNAS,CS,True
SLGL,Sol-Gel Technologies Ltd. Ordinary Shares,XNAS,CS,True
SLGN,Silgan Holdings Inc,XNYS,CS,True
SLM,SLM Corporation,XNAS,CS,True
SLMT,Brera Holdings PLC Class B Ordinary Shares,XNAS,CS,True
SLN,Silence Therapeutics Plc American Depository Share,XNAS,ADRC,True
SLNG,"Stabilis Solutions, Inc. Common Stock",XNAS,CS,True
SLNH,"Soluna Holdings, Inc. Common Stock",XNAS,CS,True
SLNO,"Soleno Therapeutics, Inc. Common Stock",XNAS,CS,True
SLP,"Simulations Plus, Inc.",XNAS,CS,True
SLQT,"SelectQuote, Inc.",XNYS,CS,True
SLRC,SLR Investment Corp. Common Stock,XNAS,CS,True
SLRX,"Salarius Pharmaceuticals, Inc. Common Stock",XNAS,CS,True
SLS,"SELLAS Life Sciences Group, Inc. Common Stock",XNAS,CS,True
SLSN,"Solesence, Inc. Common Stock",XNAS,CS,True
SLVM,Sylvamo Corporation,XNYS,CS,True
SLXN,Silexion Therapeutics Corp Ordinary Shares,XNAS,CS,True
SM,SM Energy Company,XNYS,CS,True
SMBK,"SmartFinancial, Inc.",XNYS,CS,True
SMC,Summit Midstream Corporation,XNYS,CS,True
SMCI,"Super Micro Computer, Inc. Common Stock",XNAS,CS,True
SMG,The Scotts Miracle-Gro Company,XNYS,CS,True
SMHI,SEACOR Marine Holdings Inc. Common Stock,XNYS,CS,True
SMID,Smith-Midland Corporation Common Stock,XNAS,CS,True
SMLR,"Semler Scientific, Inc.",XNAS,CS,True
SMMT,Summit Therapeutics Inc. Common Stock,XNAS,CS,True
SMP,Standard Motor Products,XNYS,CS,True
SMPL,The Simply Good Foods Company Common Stock,XNAS,CS,True
SMRT,"SmartRent, Inc.",XNYS,CS,True
SMSI,Smith Micro Software Inc,XNAS,CS,True
SMTC,Semtech Corp,XNAS,CS,True
SMTI,Sanara MedTech Inc. Common Stock,XNAS,CS,True
SMTK,"SmartKem, Inc. Common Stock",XNAS,CS,True
SMWB,Similarweb Ltd.,XNYS,CS,True
SMX,SMX (Security Matters) Public Limited Company Ordinary Shares,XNAS,CS,True
SMXT,Solarmax Technology Inc. Common Stock,XNAS,CS,True
SN,"SharkNinja, Inc.",XNYS,CS,True
SNA,Snap-on Incorporated,XNYS,CS,True
SNAL,"Snail, Inc. Class A Common Stock",XNAS,CS,True
SNAP,Snap Inc.,XNYS,CS,True
SNBR,Sleep Number Corporation Common Stock,XNAS,CS,True
SNCR,Synchronoss Technologies Inc Common Stock,XNAS,CS,True
SNCY,"Sun Country Airlines Holdings, Inc. Common Stock",XNAS,CS,True
SND,"Smart Sand, Inc. Common Stock",XNAS,CS,True
SNDA,"Sonida Senior Living, Inc.",XNYS,CS,True
SNDK,Sandisk Corporation Common Stock,XNAS,CS,True
SNDL,Sundial Growers Inc. Common Shares,XNAS,CS,True
SNDR,"Schneider National, Inc.",XNYS,CS,True
SNDX,"Syndax Pharmaceuticals, Inc.",XNAS,CS,True
SNES,"SenesTech, Inc. Common Stock",XNAS,CS,True
SNEX,StoneX Group Inc. Common Stock,XNAS,CS,True
SNFCA,Security National Financial Co,XNAS,CS,True
SNGX,"Soligenix, Inc. Common Stock",XNAS,CS,True
SNN,Smith & Nephew plc,XNYS,ADRC,True
SNOA,"Sonoma Pharmaceuticals, Inc. Common Stock",XNAS,CS,True
SNOW,Snowflake Inc.,XNYS,CS,True
SNPS,Synopsys Inc,XNAS,CS,True
SNSE,"Sensei Biotherapeutics, Inc. Common Stock",XNAS,CS,True
SNT,Senstar Technologies Corporation Common Shares,XNAS,CS,True
SNTG,Sentage Holdings Inc. Class A Ordinary Shares,XNAS,CS,True
SNTI,"Senti Biosciences, Inc. Common Stock",XNAS,CS,True
SNWV,"SANUWAVE Health, Inc. Common Stock",XNAS,CS,True
SNX,TD SYNNEX Corporation,XNYS,CS,True
SNYR,Synergy CHC Corp. Common Stock,XNAS,CS,True
SO,The Southern Company,XNYS,CS,True
SOBO,South Bow Corporation,XNYS,CS,True
SOBR,"SOBR Safe, Inc. Common Stock",XNAS,CS,True
SOC,Sable Offshore Corp.,XNYS,CS,True
SOCA,Solarius Capital Acquisition Corp. Class A Ordinary Share,XNAS,CS,True
SOFI,"SoFi Technologies, Inc. Common Stock",XNAS,CS,True
SOHO,Sotherly Hotels Inc. Common Stock,XNAS,CS,True
SOLS,Solstice Advanced Materials Inc. Common Stock,XNAS,CS,True
SOLV,Solventum Corporation,XNYS,CS,True
SON,Sonoco Products Company,XNYS,CS,True
SONM,"Sonim Technologies, Inc. Common Stock",XNAS,CS,True
SONO,"Sonos, Inc. Common Stock",XNAS,CS,True
SOPA,Society Pass Incorporated Common Stock,XNAS,CS,True
SOPH,SOPHiA GENETICS SA Ordinary Shares,XNAS,CS,True
SORA,AsiaStrategy Ordinary Shares,XNAS,CS,True
SOS,SOS Limited,XNYS,CS,True
SOTK,Sono-Tek Corporation Common Stock,XNAS,CS,True
SOUL,Soulpower Acquisition Corporation,XNYS,CS,True
SOUN,"SoundHound AI, Inc. Class A Common Stock",XNAS,CS,True
SOWG,Sow Good Inc. Common Stock,XNAS,CS,True
SPAI,Safe Pro Group Inc. Common Stock,XNAS,CS,True
SPB,"Spectrum Brands Holdings, Inc.",XNYS,CS,True
SPCB,"SuperCom, Ltd",XNAS,CS,True
SPCE,"Virgin Galactic Holdings, Inc.",XNYS,CS,True
SPEG,Silver Pegasus Acquisition Corp Class A Ordinary Shares,XNAS,CS,True
SPFI,"South Plains Financial, Inc. Common Stock",XNAS,CS,True
SPG,"Simon Property Group, Inc.",XNYS,CS,True
SPGI,S&P Global Inc.,XNYS,CS,True
SPH,Suburban Propane Partners L P,XNYS,CS,True
SPHL,Springview Holdings Ltd Class A Ordinary Shares,XNAS,CS,True
SPHR,Sphere Entertainment Co.,XNYS,CS,True
SPIR,"Spire Global, Inc.",XNYS,CS,True
SPKL,Spark I Acquisition Corp. Class A Ordinary Share,XNAS,CS,True
SPMC,"Sound Point Meridian Capital, Inc.",XNYS,CS,True
SPNT,SiriusPoint Ltd.,XNYS,CS,True
SPOK,"Spok Holdings, Inc",XNAS,CS,True
SPOT,Spotify Technology S.A.,XNYS,CS,True
SPPL,SIMPPLE LTD. Ordinary Shares,XNAS,CS,True
SPRB,"Spruce Biosciences, Inc. Common Stock",XNAS,CS,True
SPRC,SciSparc Ltd. Ordinary Shares,XNAS,CS,True
SPRO,"Spero Therapeutics, Inc. Common Stock",XNAS,CS,True
SPRU,Spruce Power Holding Corporation,XNYS,CS,True
SPRY,"ARS Pharmaceuticals, Inc. Common Stock",XNAS,CS,True
SPSC,"SPS Commerce, Inc.",XNAS,CS,True
SPT,"Sprout Social, Inc Class A Common Stock",XNAS,CS,True
SPWH,"Sportsman's Warehouse Holdings, Inc.",XNAS,CS,True
SPWR,SunPower Inc. Common Stock,XNAS,CS,True
SPXC,"SPX Technologies, Inc.",XNYS,CS,True
SQM,Sociedad Quimica y Minera de Chile SA,XNYS,ADRC,True
SR,Spire Inc.,XNYS,CS,True
SRAD,Sportradar Group AG Class A Ordinary Shares,XNAS,CS,True
SRCE,1st Source Corp,XNAS,CS,True
SRE,Sempra,XNYS,CS,True
SRFM,Surf Air Mobility Inc.,XNYS,CS,True
SRI,"Stoneridge, Inc",XNYS,CS,True
SRL,Scully Royalty Ltd. Common Shares,XNYS,CS,True
SRPT,"Sarepta Therapeutics,, Inc. Common Stock",XNAS,CS,True
SRRK,Scholar Rock Holding Corporation Common Stock,XNAS,CS,True
SRTA,"Strata Critical Medical, Inc. Class A Common Stock",XNAS,CS,True
SRTS,"Sensus Healthcare, Inc",XNAS,CS,True
SRZN,"Surrozen, Inc. Common",XNAS,CS,True
SSB,SouthState Bank Corporation,XNYS,CS,True
SSBI,Summit State Bank,XNAS,CS,True
SSD,"Simpson Manufacturing Co., Inc.",XNYS,CS,True
SSEA,Starry Sea Acquisition Corp Ordinary Shares,XNAS,CS,True
SSII,SS Innovations International Inc. Common Stock,XNAS,CS,True
SSKN,"Strata Skin Sciences, Inc. Common Stock",XNAS,CS,True
SSL,Sasol Limited,XNYS,ADRC,True
SSM,Sono Group N.V. Ordinary Shares,XNAS,CS,True
SSNC,SS&C Technologies Inc,XNAS,CS,True
SSP,The E.W. Scripps Company,XNAS,CS,True
SSRM,SSR Mining Inc.,XNAS,CS,True
SSSS,SuRo Capital Corp. Common Stock,XNAS,CS,True
SSSSL,SuRo Capital Corp. 6.00% Notes due 2026,XNAS,CS,True
SST,"System1, Inc.",XNYS,CS,True
SSTI,"SoundThinking, Inc. Common Stock",XNAS,CS,True
SSTK,"SHUTTERSTOCK, INC.",XNYS,CS,True
SSYS,Stratasys Inc (ISRAEL),XNAS,CS,True
ST,Sensata Technologies Holding plc,XNYS,CS,True
STAA,Staar Surgical Co,XNAS,CS,True
STAG,"STAG INDUSTRIAL, INC.",XNYS,CS,True
STAI,ScanTech AI Systems Inc. Common stock,XNAS,CS,True
STAK,STAK Inc. Class A Ordinary Shares,XNAS,CS,True
STC,Stewart Information Services Corporation,XNYS,CS,True
STE,STERIS plc,XNYS,CS,True
STEM,"Stem, Inc.",XNYS,CS,True
STEP,StepStone Group Inc. Class A Common Stock,XNAS,CS,True
STEX,Streamex Corp. Common Stock,XNAS,CS,True
STFS,Star Fashion Culture Holdings Limited Class A Ordinary Shares,XNAS,CS,True
STGW,Stagwell Inc. Class A Common Stock,XNAS,CS,True
STHO,Star Holdings Shares of Beneficial Interest,XNAS,CS,True
STI,"Solidion Technology, Inc. Common Stock",XNAS,CS,True
STIM,"Neuronetics, Inc. Common Stock",XNAS,CS,True
STKE,Sol Strategies Inc. Common Shares,XNAS,CS,True
STKL,"SunOpta, Inc.",XNAS,CS,True
STKS,"The ONE Group Hospitality, Inc. Common Stock",XNAS,CS,True
STLA,Stellantis N.V.,XNYS,CS,True
STLD,Steel Dynamics Inc,XNAS,CS,True
STM,STMicroelectronics N.V.,XNYS,CS,True
STN,"Stantec, Inc.",XNYS,CS,True
STNE,StoneCo Ltd. Class A Common Shares,XNAS,CS,True
STNG,Scorpio Tankers Inc.,XNYS,CS,True
STOK,"Stoke Therapeutics, Inc. Common Stock",XNAS,CS,True
STRA,"Strategic Education, Inc. Common Stock",XNAS,CS,True
STRL,"Sterling Infrastructure, Inc. Common Stock",XNAS,CS,True
STRO,"Sutro Biopharma, Inc.",XNAS,CS,True
STRR,"Star Equity Holdings, Inc. Common Stock",XNAS,CS,True
STRT,Strattec Security Corp,XNAS,CS,True
STRZ,Starz Entertainment Corp. Common Shares,XNAS,CS,True
STSS,Sharps Technology Inc. Common Stock,XNAS,CS,True
STT,State Street Corporation,XNYS,CS,True
STTK,"Shattuck Labs, Inc. Common Stock",XNAS,CS,True
STUB,"StubHub Holdings, Inc.",XNYS,CS,True
STVN,Stevanato Group S.p.A.,XNYS,CS,True
STX,Seagate Technology Holdings PLC Ordinary Shares (Ireland),XNAS,CS,True
STZ,"Constellation Brands, Inc.",XNYS,CS,True
SU,"Suncor Energy, Inc.",XNYS,CS,True
SUGP,SU Group Holdings Limited Ordinary Shares,XNAS,CS,True
SUI,"Sun Communities, Inc",XNYS,CS,True
SUIG,Sui Group Holdings Limited Common Stock,XNAS,CS,True
SUN,SUNOCO L.P.,XNYS,CS,True
SUNC,SunocoCorp LLC,XNYS,CS,True
SUNE,"SUNation Energy, Inc. Common Stock",XNAS,CS,True
SUPN,"Supernus Pharmaceuticals, Inc.",XNAS,CS,True
SUPV,Grupo Supervielle S.A.,XNYS,CS,True
SUPX,SuperX AI Technology Limited Ordinary Shares,XNAS,CS,True
SURG,"SurgePays, Inc. Common Stock",XNAS,CS,True
SUUN,PowerBank Corporation Common Stock,XNAS,CS,True
SVA,"Sinovac Biotech, Ltd",XNAS,CS,True
SVAC,Spring Valley Acquisition Corp. III Class A Ordinary Shares,XNAS,CS,True
SVCC,Stellar V Capital Corp. Class A Ordinary Shares,XNAS,CS,True
SVCO,"Silvaco Group, Inc. Common Stock",XNAS,CS,True
SVRA,Savara Inc.,XNAS,CS,True
SVRN,OceanPal Inc. Common Stock,XNAS,CS,True
SVV,"Savers Value Village, Inc.",XNYS,CS,True
SW,Smurfit Westrock plc,XNYS,CS,True
SWAG,"Stran & Company, Inc. Common Stock",XNAS,CS,True
SWBI,"Smith & Wesson Brands, Inc. Common Stock",XNAS,CS,True
SWIM,"Latham Group, Inc. Common Stock",XNAS,CS,True
SWK,"Stanley Black & Decker, Inc.",XNYS,CS,True
SWKH,SWK Holdings Corporation,XNAS,CS,True
SWKHL,SWK Holdings Corporation 9.00% Senior Notes due 2027,XNAS,CS,True
SWKS,Skyworks Solutions Inc,XNAS,CS,True
SWVL,Swvl Holdings Corp Class A Common Shares,XNAS,CS,True
SWX,"Southwest Gas Holdings, Inc.",XNYS,CS,True
SXC,SUNCOKE ENERGY INC,XNYS,CS,True
SXI,Standex International Corporation,XNYS,CS,True
SXT,Sensient Technology Corporation,XNYS,CS,True
SXTC,"China SXT Pharmaceuticals, Inc. Ordinary Shares",XNAS,CS,True
SXTP,"60 Degrees Pharmaceuticals, Inc. Common Stock",XNAS,CS,True
SY,So-Young International Inc. American Depository Shares,XNAS,ADRC,True
SYBX,"Synlogic, Inc. Common Stock",XNAS,CS,True
SYF,SYNCHRONY FINANCIAL,XNYS,CS,True
SYK,Stryker Corporation,XNYS,CS,True
SYM,Symbotic Inc. Class A Common Stock,XNAS,CS,True
SYNA,Synaptics Inc,XNAS,CS,True
SYPR,Sypris Solutions Inc,XNAS,CS,True
SYRE,"Spyre Therapeutics, Inc. Common Stock",XNAS,CS,True
SYY,Sysco Corporation,XNYS,CS,True
SZZL,Sizzle Acquisition Corp. II Class A ordinary shares,XNAS,CS,True
T,AT&T Inc.,XNYS,CS,True
TAC,TransAlta Corporation,XNYS,CS,True
TACH,Titan Acquisition Corp. Class A Ordinary Shares,XNAS,CS,True
TACO,Berto Acquisition Corp. Ordinary Shares,XNAS,CS,True
TACT,Transact Technologies Inc,XNAS,CS,True
TAL,TAL Education Group,XNYS,ADRC,True
TALK,"Talkspace, Inc. Common Stock",XNAS,CS,True
TALO,"Talos Energy, Inc. Common Stock",XNYS,CS,True
TANH,Tantech Holdings Ltd. Common Stock,XNAS,CS,True
TAOP,Taoping Inc. BVI Ordinary Shares (0 par),XNAS,CS,True
TAOX,Tao Synergies Inc. Common Stock,XNAS,CS,True
TAP,Molson Coors Beverage Company Class B,XNYS,CS,True
TAP.A,Molson Coors Beverage Company Class A,XNYS,CS,True
TARA,"Protara Therapeutics, Inc. Common Stock",XNAS,CS,True
TARS,"Tarsus Pharmaceuticals, Inc. Common Stock",XNAS,CS,True
TASK,"TaskUs, Inc. Class A Common Stock",XNAS,CS,True
TATT,TAT Technologies Ltd,XNAS,CS,True
TAVI,Tavia Acquisition Corp. Ordinary Shares,XNAS,CS,True
TAYD,Taylor Devices Inc,XNAS,CS,True
TBBB,BBB Foods Inc.,XNYS,CS,True
TBCH,Turtle Beach Corporation Common Stock,XNAS,CS,True
TBH,"Brag House Holdings, Inc. Common Stock",XNAS,CS,True
TBHC,"The Brand House Collective, Inc. Common Stock",XNAS,CS,True
TBI,"Trueblue, Inc.",XNYS,CS,True
TBLA,Taboola.com Ltd. Ordinary Shares,XNAS,CS,True
TBMC,Trailblazer Merger Corporation I Class A Common Stock,XNAS,CS,True
TBN,Tamboran Resources Corporation,XNYS,CS,True
TBPH,"Theravance Biopharma, Inc.",XNAS,CS,True
TBRG,"TruBridge, Inc. Common Stock",XNAS,CS,True
TCMD,"Tactile Systems Technology, Inc.",XNAS,CS,True
TCPC,BlackRock TCP Capital Corp. Common Stock,XNAS,CS,True
TCRT,"Alaunos Therapeutics, Inc. Common Stock",XNAS,CS,True
TCRX,"TScan Therapeutics, Inc. Common Stock",XNAS,CS,True
TCX,"Tucows, Inc",XNAS,CS,True
TD,Toronto Dominion Bank,XNYS,CS,True
TDAC,Translational Development Acquisition Corp. Ordinary Shares,XNAS,CS,True
TDAY,"USA TODAY Co., Inc.",XNYS,CS,True
TDC,TERADATA CORPORATION,XNYS,CS,True
TDG,TransDigm Group Incorporated,XNYS,CS,True
TDIC,Dreamland Limited Class A Ordinary Shares,XNAS,CS,True
TDOC,"Teladoc Health, Inc.",XNYS,CS,True
TDS,Telephone and Data Systems Inc.,XNYS,CS,True
TDTH,Trident Digital Tech Holdings Ltd American Depository Shares,XNAS,ADRC,True
TDUP,ThredUp Inc. Class A Common Stock,XNAS,CS,True
TDWD,Tailwind 2.0 Acquisition Corp. Class A Ordinary Shares,XNAS,CS,True
TDY,Teledyne Technologies Incorporated,XNYS,CS,True
TE,T1 Energy Inc.,XNYS,CS,True
TEAD,Teads Holding Co. Common Stock,XNAS,CS,True
TEAM,Atlassian Corporation Class A Common Stock,XNAS,CS,True
TECH,Bio-Techne Corp.,XNAS,CS,True
TECK,Teck Resources Limited,XNYS,CS,True
TECX,"Tectonic Therapeutic, Inc. Common Stock",XNAS,CS,True
TEF,"Telefonica, S.A.",XNYS,ADRC,True
TEL,TE Connectivity plc,XNYS,CS,True
TELA,"TELA Bio, Inc. Common Stock",XNAS,CS,True
TELO,"Telomir Pharmaceuticals, Inc. Common Stock",XNAS,CS,True
TEM,"Tempus AI, Inc. Class A Common Stock",XNAS,CS,True
TEN,Tsakos Energy Navigation Ltd.,XNYS,CS,True
TENB,"Tenable Holdings, Inc.",XNAS,CS,True
TENX,"Tenax Therapeutics, Inc.",XNAS,CS,True
TEO,Telecom Argentina S.A.,XNYS,ADRC,True
TER,"Teradyne, Inc. Common Stock",XNAS,CS,True
TERN,"Terns Pharmaceuticals, Inc. Common Stock",XNAS,CS,True
TEX,Terex Corporation,XNYS,CS,True
TFII,TFI International Inc.,XNYS,CS,True
TFIN,"Triumph Financial, Inc.",XNYS,CS,True
TFPM,Triple Flag Precious Metals Corp.,XNYS,CS,True
TFX,Teleflex Incorporated,XNYS,CS,True
TG,Tredegar Corporation,XNYS,CS,True
TGE,The Generation Essentials Group,XNYS,CS,True
TGHL,The GrowHub Limited Class A Ordinary Shares,XNAS,CS,True
TGL,Treasure Global Inc. Common Stock,XNAS,CS,True
TGLS,Tecnoglass Inc.,XNYS,CS,True
TGNA,TEGNA Inc.,XNYS,CS,True
TGS,Transportadora de Gas del Sur S.A. ADS,XNYS,ADRC,True
TGT,Target Corporation,XNYS,CS,True
TGTX,"TG Therapeutics, Inc.",XNAS,CS,True
TH,Target Hospitality Corp. Common Stock,XNAS,CS,True
THAR,"Tharimmune, Inc. Common Stock",XNAS,CS,True
THC,Tenet Healthcare Corporation New,XNYS,CS,True
THCH,TH International Limited Ordinary shares,XNAS,CS,True
THH,TryHard Holdings Limited Ordinary Shares,XNAS,CS,True
THO,"Thor Industries, Inc.",XNYS,CS,True
THR,"THERMON GROUP HOLDINGS, INC.",XNYS,CS,True
THRM,Gentherm Inc,XNAS,CS,True
THRY,"Thryv Holdings, Inc. Common Stock",XNAS,CS,True
THS,"Treehouse Foods, Inc.",XNYS,CS,True
TIC,"TIC Solutions, Inc",XNYS,CS,True
TIGO,Millicom International Cellular S.A. Common Stock,XNAS,CS,True
TIGR,UP Fintech Holding Ltd American Depositary Share representing fifteen Class A Ordinary Shares,XNAS,CS,True
TIL,"Instil Bio, Inc. Common Stock",XNAS,CS,True
TILE,Interface Inc,XNAS,CS,True
TIPT,Tiptree Inc. Common Stock,XNAS,CS,True
TIRX,TIAN RUIXIANG Holdings Ltd Class A Ordinary Shares,XNAS,CS,True
TISI,"Team, Inc.",XNYS,CS,True
TITN,Titan Machinery Inc.,XNAS,CS,True
TIVC,"Tivic Health Systems, Inc. Common Stock",XNAS,CS,True
TJGC,TJGC Group Limited Ordinary Shares,XNAS,CS,True
TJX,"TJX Companies, Inc. (The)",XNYS,CS,True
TK,Teekay Corporation Ltd.,XNYS,CS,True
TKC,TURKCELL ILETISIM HIZMETLERI A.S. ADS,XNYS,ADRC,True
TKNO,"Alpha Teknova, Inc. Common Stock",XNAS,CS,True
TKO,"TKO Group Holdings, Inc.",XNYS,CS,True
TKR,The Timken Company,XNYS,CS,True
TLF,"Tandy Leather Factory, Inc. Common Stock",XNAS,CS,True
TLIH,Ten-League International Holdings Limited Ordinary Shares,XNAS,CS,True
TLK,PT Telekomunikasi Indonesia,XNYS,ADRC,True
TLN,Talen Energy Corporation Common Stock,XNAS,CS,True
TLNC,Talon Capital Corp. Class A Ordinary Shares,XNAS,CS,True
TLPH,"Talphera, Inc. Common Stock",XNAS,CS,True
TLRY,"Tilray Brands, Inc. Common Stock",XNAS,CS,True
TLS,Telos Corporation Common Stock,XNAS,CS,True
TLSA,Tiziana Life Sciences Ltd. Common Shares,XNAS,CS,True
TLSI,"TriSalus Life Sciences, Inc. Common Stock",XNAS,CS,True
TLYS,Tilly's Inc.,XNYS,CS,True
TMC,TMC the metals company Inc. Common Stock,XNAS,CS,True
TMCI,"Treace Medical Concepts, Inc. Common Stock",XNAS,CS,True
TMDX,"TransMedics Group, Inc. Common Stock",XNAS,CS,True
TMHC,Taylor Morrison Home Corporation Common Stock,XNYS,CS,True
TMO,"Thermo Fisher Scientific, Inc.",XNYS,CS,True
TMUS,"T-Mobile US, Inc.",XNAS,CS,True
TMUSI,"T-Mobile US, Inc. 5.500% Senior Notes due June 2070",XNAS,CS,True
TMUSL,"T-Mobile US, Inc. 6.250% Senior Notes due 2069",XNAS,CS,True
TMUSZ,"T-Mobile US, Inc. 5.500% Senior Notes due March 2070",XNAS,CS,True
TNC,TENNANT COMPANY,XNYS,CS,True
TNDM,"Tandem Diabetes Care, Inc.",XNAS,CS,True
TNET,"TRINET GROUP, INC.",XNYS,CS,True
TNGX,"Tango Therapeutics, Inc.",XNAS,CS,True
TNK,Teekay Tankers Ltd.,XNYS,CS,True
TNL,Travel + Leisure Co.,XNYS,CS,True
TNMG,TNL Mediagene Ordinary Shares,XNAS,CS,True
TNON,"Tenon Medical, Inc. Common Stock",XNAS,CS,True
TNXP,Tonix Pharmaceuticals Holding Corp.,XNAS,CS,True
TNYA,"Tenaya Therapeutics, Inc. Common Stock",XNAS,CS,True
TOI,"The Oncology Institute, Inc. Common Stock",XNAS,CS,True
TOL,"Toll Brothers, Inc.",XNYS,CS,True
TOMZ,"TOMI Environmental Solutions, Inc.",XNAS,CS,True
TONX,TON Strategy Company Common Stock,XNAS,CS,True
TOP,TOP Financial Group Limited Class A Ordinary Shares,XNAS,CS,True
TORO,Toro Corp. Common Stock,XNAS,CS,True
TOST,"Toast, Inc.",XNYS,CS,True
TOUR,Tuniu Corporation,XNAS,ADRC,True
TOWN,Towne Bank,XNAS,CS,True
TOYO,"TOYO Co., Ltd Ordinary Shares",XNAS,CS,True
TPB,"Turning Point Brands, Inc.",XNYS,CS,True
TPC,Tutor Perini Corporation,XNYS,CS,True
TPCS,Techprecision Corporation,XNAS,CS,True
TPG,TPG Inc. Class A Common Stock,XNAS,CS,True
TPGXL,"TPG Operating Group II, L.P. 6.950% Fixed-Rate Junior Subordinated Notes due 2064",XNAS,CS,True
TPH,"Tri Pointe Homes, Inc.",XNYS,CS,True
TPL,Texas Pacific Land Corporation,XNYS,CS,True
TPR,"Tapestry, Inc. Common Stock",XNYS,CS,True
TPST,"Tempest Therapeutics, Inc. Common Stock",XNAS,CS,True
TR,"Tootsie Roll Industries, Inc.",XNYS,CS,True
TRAK,"ReposiTrak, Inc.",XNYS,CS,True
TRAW,"Traws Pharma, Inc. Common Stock",XNAS,CS,True
TRC,Tejon Ranch Co.,XNYS,CS,True
TRDA,"Entrada Therapeutics, Inc. Common Stock",XNAS,CS,True
TREE,"LendingTree, Inc.",XNAS,CS,True
TREX,"Trex Company, Inc.",XNYS,CS,True
TRGP,Targa Resources Corp.,XNYS,CS,True
TRI,Thomson Reuters Corporation Common Shares,XNAS,CS,True
TRIB,Trinity Biotech plc,XNAS,ADRC,True
TRIN,Trinity Capital Inc. Common Stock,XNAS,CS,True
TRINI,Trinity Capital Inc. 7.875% Notes Due 2029,XNAS,CS,True
TRINZ,Trinity Capital Inc. 7.875% Notes due 2029,XNAS,CS,True
TRIP,"TripAdvisor, Inc.",XNAS,CS,True
TRMB,Trimble Inc. Common Stock,XNAS,CS,True
TRMD,TORM plc Class A Common Stock,XNAS,CS,True
TRN,"Trinity Industries, Inc.",XNYS,CS,True
TRNR,Interactive Strength Inc. Common Stock,XNAS,CS,True
TRNS,Transcat Inc,XNAS,CS,True
TRON,Tron Inc. Common Stock,XNAS,CS,True
TROO,"TROOPS, Inc. Ordinary Shares",XNAS,CS,True
TROW,T Rowe Price Group Inc,XNAS,CS,True
TROX,TRONOX LIMITED CL A ORDINARY SHARES,XNYS,CS,True
TRP,TC Energy Corporation,XNYS,CS,True
TRS,Trimas Corporation,XNAS,CS,True
TRSG,Tungray Technologies Inc Class A Ordinary Shares,XNAS,CS,True
TRU,TransUnion,XNYS,CS,True
TRUE,"TrueCar, Inc.",XNAS,CS,True
TRUG,"TruGolf Holdings, Inc. Class A Common Stock",XNAS,CS,True
TRUP,"Trupanion, Inc.",XNAS,CS,True
TRV,"The Travelers Companies, Inc.",XNYS,CS,True
TRVI,"Trevi Therapeutics, Inc. Common Stock",XNAS,CS,True
TS,Tenaris S. A.,XNYS,ADRC,True
TSAT,Telesat Corporation Class A Common Shares and Class B Variable Voting Shares,XNAS,CS,True
TSCO,Tractor Supply Co,XNAS,CS,True
TSE,Trinseo PLC,XNYS,CS,True
TSEM,Tower Semiconductor Ltd,XNAS,CS,True
TSHA,"Taysha Gene Therapies, Inc. Common Stock",XNAS,CS,True
TSLA,"Tesla, Inc. Common Stock",XNAS,CS,True
TSLX,"Sixth Street Specialty Lending, Inc.",XNYS,CS,True
TSM,Taiwan Semiconductor Manufacturing Company Ltd.,XNYS,ADRC,True
TSN,"Tyson Foods, Inc.",XNYS,CS,True
TSQ,"TOWNSQUARE MEDIA, INC.",XNYS,CS,True
TSSI,"TSS, Inc. Common Stock",XNAS,CS,True
TT,Trane Technologies plc,XNYS,CS,True
TTAM,Titan America SA,XNYS,CS,True
TTAN,"ServiceTitan, Inc. Class A Common Stock",XNAS,CS,True
TTC,Toro Company (The),XNYS,CS,True
TTD,"The Trade Desk, Inc.",XNAS,CS,True
TTE,TotalEnergies SE,XNYS,CS,True
TTEC,"TTEC Holdings, Inc. Common Stock",XNAS,CS,True
TTEK,Tetra Tech Inc,XNAS,CS,True
TTGT,"TechTarget, Inc. Common Stock",XNAS,CS,True
TTI,"TETRA Technologies, Inc.",XNYS,CS,True
TTMI,TTM Technologies Inc,XNAS,CS,True
TTRX,Turn Therapeutics Inc. Common Stock,XNAS,CS,True
TTWO,Take-Two Interactive Software Inc,XNAS,CS,True
TU,Telus Corporation,XNYS,CS,True
TUSK,"Mammoth Energy Services, Inc. Common Stock",XNAS,CS,True
TV,Grupo Televisa S.A.,XNYS,ADRC,True
TVA,Texas Ventures Acquisition III Corp Class A Ordinary Share,XNAS,CS,True
TVAI,Thayer Ventures Acquisition Corporation II Class A Ordinary Shares,XNAS,CS,True
TVGN,Tevogen Bio Holdings Inc. Common Stock,XNAS,CS,True
TVRD,"Tvardi Therapeutics, Inc. Common Stock",XNAS,CS,True
TVTX,"Travere Therapeutics, Inc. Common Stock",XNAS,CS,True
TW,Tradeweb Markets Inc. Class A Common Stock,XNAS,CS,True
TWAV,"TaoWeave, Inc. Common Stock",XNAS,CS,True
TWFG,"TWFG, Inc. Common Stock",XNAS,CS,True
TWG,Top Wealth Group Holding Limited Class A Ordinary Shares,XNAS,CS,True
TWI,"Titan International, Inc.(Delaware)",XNYS,CS,True
TWIN,"Twin Disc, Incorporated",XNAS,CS,True
TWLO,Twilio Inc.,XNYS,CS,True
TWNP,Twin Hospitality Group Inc. Class A Common Stock,XNAS,CS,True
TWO,Two Harbors Investment Corp.,XNYS,CS,True
TWST,Twist Bioscience Corporation Common Stock,XNAS,CS,True
TXG,"10x Genomics, Inc. Class A Common Stock",XNAS,CS,True
TXMD,"TherapeuticsMD, Inc.",XNAS,CS,True
TXN,Texas Instruments Incorporated,XNAS,CS,True
TXNM,"TXNM Energy, Inc.",XNYS,CS,True
TXRH,"Texas Roadhouse, Inc.",XNAS,CS,True
TXT,"Textron, Inc.",XNYS,CS,True
TYGO,"Tigo Energy, Inc. Common Stock",XNAS,CS,True
TYL,"Tyler Technologies, Inc.",XNYS,CS,True
TYRA,"Tyra Biosciences, Inc. Common Stock",XNAS,CS,True
TZOO,Travelzoo Common Stock,XNAS,CS,True
U,Unity Software Inc.,XNYS,CS,True
UA,"Under Armour, Inc. Class C Common Stock, $0.0003 1/3 par value",XNYS,CS,True
UAA,"Under Armour, Inc.",XNYS,CS,True
UAL,"United Airlines Holdings, Inc. Common Stock",XNAS,CS,True
UAN,"CVR Partners, LP",XNYS,CS,True
UBER,"Uber Technologies, Inc.",XNYS,CS,True
UBS,UBS Group AG,XNYS,CS,True
UBSI,United Bankshares Inc,XNAS,CS,True
UBXG,U-BX Technology Ltd. Class A Ordinary Shares,XNAS,CS,True
UCAR,U Power Limited Class A Ordinary Shares,XNAS,CS,True
UCB,"United Community Banks, Inc.",XNYS,CS,True
UCFI,CN Healthy Food Tech Group Corp. Common Stock,XNAS,CS,True
UCTT,"Ultra Clean Holdings, Inc.",XNAS,CS,True
UDMY,"Udemy, Inc. Common Stock",XNAS,CS,True
UDR,"UDR, Inc.",XNYS,CS,True
UEIC,Universal Electronics Inc,XNAS,CS,True
UFCS,United Fire Group Inc.,XNAS,CS,True
UFG,Uni-Fuels Holdings Limited Class A Ordinary Shares,XNAS,CS,True
UFI,"UNIFI, Inc. New",XNYS,CS,True
UFPI,"UFP Industries, Inc. Common Stock",XNAS,CS,True
UFPT,UFP Technologies Inc,XNAS,CS,True
UG,"United-Guardian, Inc.",XNAS,CS,True
UGI,UGI Corporation,XNYS,CS,True
UGP,Ultrapar Participacoes S.A.,XNYS,ADRC,True
UGRO,"urban-gro, Inc. Common Stock",XNAS,CS,True
UHAL,U-Haul Holding Company,XNYS,CS,True
UHAL.B,U-Haul Holding Company,XNYS,CS,True
UHG,"United Homes Group, Inc Class A Common Stock",XNAS,CS,True
UHS,"Universal Health Services, Inc. Class B",XNYS,CS,True
UI,Ubiquiti Inc. Common Stock,XNYS,CS,True
UIS,Unisys Corporation,XNYS,CS,True
UK,Ucommune International Ltd Ordinary Shares,XNAS,CS,True
UL,Unilever plc,XNYS,ADRC,True
ULBI,Ultralife Corporation,XNAS,CS,True
ULCC,"Frontier Group Holdings, Inc. Common Stock",XNAS,CS,True
ULH,"Universal Logistics Holdings, Inc. Common Stock",XNAS,CS,True
ULS,UL Solutions Inc.,XNYS,CS,True
ULTA,"Ulta Beauty, Inc. Common Stock",XNAS,CS,True
ULY,Urgent.ly Inc. Common Stock,XNAS,CS,True
UMC,United Microelectronic Corp.,XNYS,ADRC,True
UNB,"Union Bankshares, Inc",XNAS,CS,True
UNCY,"Unicycive Therapeutics, Inc. Common Stock",XNAS,CS,True
UNF,Unifirst Corp,XNYS,CS,True
UNFI,United Natural Foods Inc,XNYS,CS,True
UNH,UNITEDHEALTH GROUP INCORPORATED (Delaware),XNYS,CS,True
UNIT,Uniti Group Inc. Common Stock,XNAS,CS,True
UNM,Unum Group,XNYS,CS,True
UNP,Union Pacific Corp.,XNYS,CS,True
UOKA,MDJM LTD Class A Ordinary Shares,XNAS,CS,True
UONE,"Urban One, Inc. Class A Common Stock",XNAS,CS,True
UONEK,"Urban One, Inc. Class D Common Stock",XNAS,CS,True
UP,Wheels Up Experience Inc.,XNYS,CS,True
UPB,"Upstream Bio, Inc. Common Stock",XNAS,CS,True
UPBD,"Upbound Group, Inc. Common Stock",XNAS,CS,True
UPC,Universe Pharmaceuticals Inc. Ordinary Shares,XNAS,CS,True
UPLD,"Upland Software, Inc.",XNAS,CS,True
UPS,"United Parcel Service, Inc. Class B",XNYS,CS,True
UPST,"Upstart Holdings, Inc. Common stock",XNAS,CS,True
UPWK,Upwork Inc. Common Stock,XNAS,CS,True
UPXI,"Upexi, Inc. Common Stock",XNAS,CS,True
URBN,Urban Outfitters Inc,XNAS,CS,True
URGN,UroGen Pharma Ltd. Ordinary Shares,XNAS,CS,True
URI,"United Rentals, Inc.",XNYS,CS,True
UROY,Uranium Royalty Corp. Common Stock,XNAS,CS,True
USAC,USA COMPRESSION PARTNERS LP,XNYS,CS,True
USAR,"USA Rare Earth, Inc. Class A Common Stock",XNAS,CS,True
USAU,U.S. Gold Corp. Common Stock,XNAS,CS,True
USCB,"USCB Financial Holdings, Inc. Class A Common Stock",XNAS,CS,True
USEA,United Maritime Corporation Common Stock,XNAS,CS,True
USEG,U.S. Energy Corp. Common Stock (DE),XNAS,CS,True
USFD,US Foods Holding Corp.,XNYS,CS,True
USGO,U.S. GoldMining Inc. Common stock,XNAS,CS,True
USIO,"Usio, Inc. Common Stock",XNAS,CS,True
USLM,United States Lime & Minerals,XNAS,CS,True
USNA,USANA Health Sciences Inc,XNYS,CS,True
USPH,US Physical Therapy Inc,XNYS,CS,True
UTHR,United Therapeutics Corp,XNAS,CS,True
UTI,"Universal Technical Institute, Inc.",XNYS,CS,True
UTL,Unitil Corporation,XNYS,CS,True
UTMD,Utah Medical Products Inc,XNAS,CS,True
UTSI,UTStarcom Holdings Corp Ordinary Shares (Cayman Islands),XNAS,CS,True
UTZ,"Utz Brands, Inc.",XNYS,CS,True
UVE,"UNIVERSAL INSURANCE HLDG, INC.",XNYS,CS,True
UVV,Universal Corporation,XNYS,CS,True
UWMC,UWM Holdings Corporation,XNYS,CS,True
UXIN,Uxin Limited ADS,XNAS,ADRC,True
UYSC,UY Scuti Acquisition Corp. Ordinary Shares,XNAS,CS,True
V,VISA Inc.,XNYS,CS,True
VABK,Virginia National Bankshares Corporation Common Stock,XNAS,CS,True
VAC,MARRIOTT VACATIONS WORLDWIDE CORPORATION,XNYS,CS,True
VACH,Voyager Acquisition Corp Class A Ordinary Shares,XNAS,CS,True
VACI,Viking Acquisition Corp. I,XNYS,CS,True
VAL,Valaris Limited,XNYS,CS,True
VALE,VALE S.A.,XNYS,ADRC,True
VALU,Value Line Inc,XNAS,CS,True
VANI,"Vivani Medical, Inc. Common Stock (DE)",XNAS,CS,True
VATE,INNOVATE Corp.,XNYS,CS,True
VBIX,Viewbix Inc. Common Stock,XNAS,CS,True
VBNK,VersaBank Common Shares,XNAS,CS,True
VC,VISTEON CORPORATION,XNAS,CS,True
VCEL,Vericel Corporation,XNAS,CS,True
VCIC,Vine Hill Capital Investment Corp. Class A Ordinary Shares,XNAS,CS,True
VCIG,VCI Global Limited Ordinary Share,XNAS,CS,True
VCTR,"Victory Capital Holdings, Inc. Class A Common Stock",XNAS,CS,True
VCYT,"Veracyte, Inc.",XNAS,CS,True
VECO,Veeco Instruments Inc,XNAS,CS,True
VEEA,Veea Inc. Common Stock,XNAS,CS,True
VEEE,Twin Vee PowerCats Co. Common Stock,XNAS,CS,True
VEEV,Veeva Systems Inc.,XNYS,CS,True
VEL,"Velocity Financial, Inc.",XNYS,CS,True
VELO,"Velo3D, Inc. Common stock",XNAS,CS,True
VEON,VEON Ltd. ADS,XNAS,ADRC,True
VERA,"Vera Therapeutics, Inc. Class A Common Stock",XNAS,CS,True
VERI,"Veritone, Inc. Common Stock",XNAS,CS,True
VERO,Venus Concept Inc. Common Stock,XNAS,CS,True
VERU,Veru Inc.,XNAS,CS,True
VERX,"Vertex, Inc. Class A Common Stock",XNAS,CS,True
VET,VERMILION ENERGY INC.,XNYS,CS,True
VFC,V.F. Corporation,XNYS,CS,True
VFF,"Village Farms International, Inc. Common Shares",XNAS,CS,True
VFS,VinFast Auto Ltd. Ordinary Shares,XNAS,CS,True
VG,"Venture Global, Inc.",XNYS,CS,True
VGAS,"Verde Clean Fuels, Inc. Class A Common Stock",XNAS,CS,True
VHC,VirnetX Holding Corp Common Stock,XNAS,CS,True
VHI,"Valhi, Inc.",XNYS,CS,True
VIA,"Via Transportation, Inc.",XNYS,CS,True
VIAV,Viavi Solutions Inc. Common Stock,XNAS,CS,True
VICR,Vicor Corp,XNAS,CS,True
VIK,Viking Holdings Ltd,XNYS,CS,True
VINP,Vinci Compass Investments Ltd. Class A Common Shares,XNAS,CS,True
VIPS,Vipshop Holdings Limited,XNYS,ADRC,True
VIR,"Vir Biotechnology, Inc. Common Stock",XNAS,CS,True
VIRC,Virco Mfg. Corporation,XNAS,CS,True
VIRT,"Virtu Financial, Inc. Class A",XNYS,CS,True
VIST,Vista Energy S.A.B. de C.V.,XNYS,ADRC,True
VITL,"Vital Farms, Inc. Common Stock",XNAS,CS,True
VIVS,"VivoSim Labs, Inc. Common Stock",XNAS,CS,True
VKTX,"Viking Therapeutics, Inc",XNAS,CS,True
VLGEA,Village Super Market,XNAS,CS,True
VLN,Valens Semiconductor Ltd.,XNYS,CS,True
VLO,Valero Energy Corporation,XNYS,CS,True
VLRS,"CONTROLADORA VUELA COMPAÑÍA DE AVIACIÓN, S.A.B. DE C.V.",XNYS,ADRC,True
VLTO,Veralto Corporation,XNYS,CS,True
VMAR,Vision Marine Technologies Inc. Common Shares,XNAS,CS,True
VMC,Vulcan Materials Company(Holding Company),XNYS,CS,True
VMD,"Viemed Healthcare, Inc. Common Shares",XNAS,CS,True
VMI,"Valmont Industries, Inc.",XNYS,CS,True
VNCE,Vince Holding Corp. Common Stock,XNAS,CS,True
VNDA,Vanda Pharmaceuticals Inc.,XNAS,CS,True
VNME,Vendome Acquisition Corporation I Class A Ordinary Shares,XNAS,CS,True
VNOM,"Viper Energy, Inc. Class A Common Stock",XNAS,CS,True
VNT,Vontier Corporation,XNYS,CS,True
VOD,Vodafone Group PLC,XNAS,ADRC,True
VOR,Vor Biopharma Inc. Common Stock,XNAS,CS,True
VOXR,Vox Royalty Corp. Common Stock,XNAS,CS,True
VOYA,"VOYA FINANCIAL, INC.",XNYS,CS,True
VOYG,"Voyager Technologies, Inc.",XNYS,CS,True
VPG,"Vishay Precision Group, Inc.",XNYS,CS,True
VRA,"Vera Bradley, Inc.",XNAS,CS,True
VRAR,"The Glimpse Group, Inc. Common Stock",XNAS,CS,True
VRAX,Virax Biolabs Group Limited Ordinary Shares,XNAS,CS,True
VRCA,Verrica Pharmaceuticals Inc. Common Stock,XNAS,CS,True
VRDN,"Viridian Therapeutics, Inc. Common Stock",XNAS,CS,True
VRE,"Veris Residential, Inc.",XNYS,CS,True
VREX,Varex Imaging Corporation Common Stock,XNAS,CS,True
VRM,"Vroom, Inc. Common Stock",XNAS,CS,True
VRME,"VerifyMe, Inc. Common Stock",XNAS,CS,True
VRNS,"Varonis Systems, Inc.",XNAS,CS,True
VRRM,Verra Mobility Corporation Class A Common Stock,XNAS,CS,True
VRSK,"Verisk Analytics, Inc. Common Stock",XNAS,CS,True
VRSN,VeriSign Inc,XNAS,CS,True
VRT,Vertiv Holdings Co Class A Common Stock,XNYS,CS,True
VRTS,"Virtus Investment Partners, Inc.",XNYS,CS,True
VRTX,Vertex Pharmaceuticals Inc,XNAS,CS,True
VS,Versus Systems Inc. Common Stock,XNAS,CS,True
VSAT,Viasat Inc,XNAS,CS,True
VSCO,Victorias Secret & Co.,XNYS,CS,True
VSEC,VSE Corp,XNAS,CS,True
VSEE,"VSee Health, Inc. Common Stock",XNAS,CS,True
VSH,"Vishay Intertechnology, Inc.",XNYS,CS,True
VSME,VS Media Holdings Limited Class A Ordinary Shares,XNAS,CS,True
VSNT,"Versant Media Group, Inc. Class A Common Stock",XNAS,CS,True
VST,Vistra Corp.,XNYS,CS,True
VSTA,Vasta Platform Limited Class A Ordinary Shares,XNAS,CS,True
VSTD,Vestand Inc. Class A Common Stock,XNAS,CS,True
VSTM,"Verastem, Inc.",XNAS,CS,True
VSTS,Vestis Corporation,XNYS,CS,True
VTEX,VTEX,XNYS,CS,True
VTGN,"Vistagen Therapeutics, Inc. Common Stock",XNAS,CS,True
VTOL,Bristow Group Inc.,XNYS,CS,True
VTR,"Ventas, Inc.",XNYS,CS,True
VTRS,Viatris Inc. Common Stock,XNAS,CS,True
VTS,"Vitesse Energy, Inc..",XNYS,CS,True
VTSI,"VirTra, Inc. Common Stock",XNAS,CS,True
VTVT,vTv Therapeutics Inc. Class A Common Stock,XNAS,CS,True
VTYX,"Ventyx Biosciences, Inc. Common Stock",XNAS,CS,True
VUZI,Vuzix Corporation,XNAS,CS,True
VVOS,"Vivos Therapeutics, Inc. Common Stock",XNAS,CS,True
VVPR,VivoPower International PLC,XNAS,CS,True
VVV,Valvoline Inc.,XNYS,CS,True
VVX,"V2X, Inc.",XNYS,CS,True
VWAV,"VisionWave Holdings, Inc. Common Stock",XNAS,CS,True
VYGR,"Voyager Therapeutics, Inc. Common Stock",XNAS,CS,True
VYNE,VYNE Therapeutics Inc. Common Stock,XNAS,CS,True
VYX,NCR Voyix Corporation,XNYS,CS,True
VZ,Verizon Communications,XNYS,CS,True
W,Wayfair Inc.,XNYS,CS,True
WAB,Wabtec Inc.,XNYS,CS,True
WAFD,"WaFd, Inc. Common Stock",XNAS,CS,True
WAFU,Wah Fu Education Group Limited Ordinary Shares,XNAS,CS,True
WAI,Top KingWin Ltd Class A Ordinary Shares,XNAS,CS,True
WALD,Waldencast plc Class A Ordinary Share,XNAS,CS,True
WATT,Energous Corporation,XNAS,CS,True
WAY,Waystar Holding Corp. Common Stock,XNAS,CS,True
WB,Weibo Corporation,XNAS,ADRC,True
WBTN,WEBTOON Entertainment Inc. Common Stock,XNAS,CS,True
WBUY,WEBUY GLOBAL LTD. Class A Ordinary Shares,XNAS,CS,True
WBX,Wallbox N.V.,XNYS,CS,True
WCC,Wesco International Inc.,XNYS,CS,True
WCN,"Waste Connections, Inc.",XNYS,CS,True
WCT,Wellchange Holdings Company Limited Class A Ordinary shares,XNAS,CS,True
WD,"Walker & Dunlop, Inc.",XNYS,CS,True
WDAY,"Workday, Inc. Class A Common Stock",XNAS,CS,True
WDC,Western Digital Corp.,XNAS,CS,True
WDFC,Wd-40 Co,XNAS,CS,True
WEAV,"Weave Communications, Inc.",XNYS,CS,True
WEC,"WEC Energy Group, Inc.",XNYS,CS,True
WELL,Welltower Inc.,XNYS,CS,True
WEN,The Wendy's Company,XNAS,CS,True
WENN,Wen Acquisition Corp Class A Ordinary Shares,XNAS,CS,True
WERN,Werner Enterprises Inc,XNAS,CS,True
WES,"Western Midstream Partners, LP",XNYS,CS,True
WEST,Westrock Coffee Company Common Stock,XNAS,CS,True
WETH,Wetouch Technology Inc. Common Stock,XNAS,CS,True
WETO,Webus International Limited Ordinary Shares,XNAS,CS,True
WEX,WEX Inc.,XNYS,CS,True
WEYS,Weyco Group Inc,XNAS,CS,True
WFC,Wells Fargo & Co.,XNYS,CS,True
WFCF,"Where Food Comes From, Inc. Common Stock",XNAS,CS,True
WFF,WF Holding Limited Ordinary Shares,XNAS,CS,True
WFG,West Fraser Timber Co. Ltd,XNYS,CS,True
WFRD,Weatherford International plc Ordinary Shares,XNAS,CS,True
WGO,"Winnebago Industries, Inc.",XNYS,CS,True
WGRX,"Wellgistics Health, Inc. Common Stock",XNAS,CS,True
WGS,GeneDx Holdings Corp. Class A Common Stock,XNAS,CS,True
WH,"Wyndham Hotels & Resorts, Inc. Common Stock",XNYS,CS,True
WHD,"Cactus, Inc.",XNYS,CS,True
WHF,"WhiteHorse Finance, Inc.",XNAS,CS,True
WHFCL,"WhiteHorse Finance, Inc. 7.875% Notes due 2028",XNAS,CS,True
WHG,"WESTWOOD HOLDINGS GROUP, INC.",XNYS,CS,True
WHR,Whirlpool Corp.,XNYS,CS,True
WHWK,"Whitehawk Therapeutics, Inc. Common Stock",XNAS,CS,True
WILC,G Willi-Food International Ltd,XNAS,CS,True
WIMI,WiMi Hologram Cloud Inc. Class B Ordinary Shares,XNAS,CS,True
WINA,Winmark Corp,XNAS,CS,True
WING,Wingstop Inc,XNAS,CS,True
WIT,Wipro Limited,XNYS,ADRC,True
WIX,WIX.com Ltd.,XNAS,CS,True
WK,Workiva Inc.,XNYS,CS,True
WKC,World Kinect Corporation,XNYS,CS,True
WKHS,"Workhorse Group, Inc",XNAS,CS,True
WKSP,"Worksport, Ltd. Common Stock",XNAS,CS,True
WLAC,Willow Lane Acquisition Corp. Class A Ordinary Shares,XNAS,CS,True
WLDN,"Willdan Group, Inc.",XNAS,CS,True
WLDS,Wearable Devices Ltd. Ordinary Share,XNAS,CS,True
WLFC,Willis Lease Finance Corp,XNAS,CS,True
WLK,Westlake Corporation,XNYS,CS,True
WLKP,WESTLAKE CHEMICAL PARTNERS LP,XNYS,CS,True
WLTH,Wealthfront Corporation Common Stock,XNAS,CS,True
WLY,"John Wiley & Sons, Inc. Class A",XNYS,CS,True
WLYB,"John Wiley & Sons, Inc. Class B",XNYS,CS,True
WM,"Waste Management, Inc.",XNYS,CS,True
WMB,Williams Companies Inc.,XNYS,CS,True
WMG,Warner Music Group Corp. Class A Common Stock,XNAS,CS,True
WMK,"Weis Markets, Inc.",XNYS,CS,True
WMS,"ADVANCED DRAINAGE SYSTEMS, INC.",XNYS,CS,True
WMT,Walmart Inc. Common Stock,XNAS,CS,True
WNC,Wabash National Corp.,XNYS,CS,True
WNW,Meiwu Technology Company Limited Ordinary Shares,XNAS,CS,True
WOK,WORK Medical Technology Group LTD Class A Ordinary Shares,XNAS,CS,True
WOLF,"Wolfspeed, Inc.",XNYS,CS,True
WOOF,"Petco Health and Wellness Company, Inc. Class A Common Stock",XNAS,CS,True
WOR,"Worthington Enterprises, Inc.",XNYS,CS,True
WORX,SC WORX Corp,XNAS,CS,True
WPM,Wheaton Precious Metals Corp. Common Stock,XNYS,CS,True
WPP,WPP PLC,XNYS,ADRC,True
WPRT,Westport Fuel Systems Inc Common Shares,XNAS,CS,True
WRAP,"Wrap Technologies, Inc. Common Stock",XNAS,CS,True
WRB,W.R. Berkley Corporation,XNYS,CS,True
WRBY,Warby Parker Inc.,XNYS,CS,True
WRLD,World Acceptance Corp,XNAS,CS,True
WS,"Worthington Steel, Inc.",XNYS,CS,True
WSBC,WesBanco Inc,XNAS,CS,True
WSC,WillScot Holdings Corporation Class A Common Stock,XNAS,CS,True
WSHP,WeShop Holdings Limited Class A Ordinary Shares,XNAS,CS,True
WSM,"Williams-Sonoma, Inc.",XNYS,CS,True
WSO,"Watsco, Inc.",XNYS,CS,True
WSO.B,"Watsco, Inc. Class B",XNYS,CS,True
WST,"West Pharmaceutical Services, Inc.",XNYS,CS,True
WSTN,Westin Acquisition Corp Class A Ordinary Share,XNAS,CS,True
WT,"WisdomTree, Inc.",XNYS,CS,True
WTF,Waton Financial Limited Ordinary Shares,XNAS,CS,True
WTG,Wintergreen Acquisition Corp. Ordinary Shares,XNAS,CS,True
WTI,"W&T Offshore, Inc.",XNYS,CS,True
WTO,UTime Limited Class A Ordinary Shares,XNAS,CS,True
WTRG,"Essential Utilities, Inc.",XNYS,CS,True
WTW,Willis Towers Watson Public Limited Company Ordinary Shares,XNAS,CS,True
WU,The Western Union Company,XNYS,CS,True
WULF,TeraWulf Inc. Common Stock,XNAS,CS,True
WVE,Wave Life Sciences Ltd. Ordinary Shares,XNAS,CS,True
WVVI,Willamette Valley Vineyards,XNAS,CS,True
WW,"WW International, Inc. Common Stock",XNAS,CS,True
WWD,"Woodward, Inc.",XNAS,CS,True
WWW,"Wolverine World Wide, Inc.",XNYS,CS,True
WXM,WF International Limited Ordinary Shares,XNAS,CS,True
WY,Weyerhaeuser Company,XNYS,CS,True
WYFI,"WhiteFiber, Inc. Ordinary Shares",XNAS,CS,True
WYNN,Wynn Resorts Ltd,XNAS,CS,True
XAIR,"Beyond Air, Inc. Common Stock",XNAS,CS,True
XBIO,"Xenetic Biosciences, Inc.",XNAS,CS,True
XBIT,XBiotech Inc,XNAS,CS,True
XBP,"XBP Global Holdings, Inc. Common Stock",XNAS,CS,True
XCH,XCHG Limited American Depositary Share,XNAS,ADRC,True
XCUR,"Exicure, Inc. Common Stock",XNAS,CS,True
XEL,"Xcel Energy, Inc.",XNAS,CS,True
XELB,XCEL BRANDS INC.,XNAS,CS,True
XELLL,"Xcel Energy Inc. 6.25% Junior Subordinated Notes, Series due 2085",XNAS,CS,True
XENE,Xenon Pharmaceuticals Inc,XNAS,CS,True
XERS,"Xeris Biopharma Holdings, Inc. Common Stock",XNAS,CS,True
XFOR,"X4 Pharmaceuticals, Inc. Common Stock",XNAS,CS,True
XGN,Exagen Inc. Common Stock,XNAS,CS,True
XHLD,"TEN Holdings, Inc. Common Stock",XNAS,CS,True
XHR,"Xenia Hotels & Resorts, Inc.",XNYS,CS,True
XIFR,"XPLR Infrastructure, LP",XNYS,CS,True
XLO,"Xilio Therapeutics, Inc. Common Stock",XNAS,CS,True
XMTR,"Xometry, Inc. Class A Common Stock",XNAS,CS,True
XNCR,"Xencor, Inc.",XNAS,CS,True
XNET,Xunlei Limited,XNAS,ADRC,True
XOM,Exxon Mobil Corporation,XNYS,CS,True
XOMA,XOMA Royalty Corporation Common Stock,XNAS,CS,True
XOS,"Xos, Inc. Common Stock",XNAS,CS,True
XP,XP Inc. Class A Common Stock,XNAS,CS,True
XPEL,"XPEL, Inc. Common Stock",XNAS,CS,True
XPER,Xperi Inc,XNYS,CS,True
XPO,"XPO, Inc.",XNYS,CS,True
XPOF,"Xponential Fitness, Inc.",XNYS,CS,True
XPON,Expion360 Inc. Common Stock,XNAS,CS,True
XPRO,Expro Group Holdings N.V.,XNYS,CS,True
XRAY,DENTSPLY SIRONA Inc.,XNAS,CS,True
XRPN,Armada Acquisition Corp. II Class A Ordinary Shares,XNAS,CS,True
XRTX,XORTX Therapeutics Inc. Common Stock,XNAS,CS,True
XRX,Xerox Holdings Corporation Common Stock,XNAS,CS,True
XTIA,"XTI Aerospace, Inc. Common Stock",XNAS,CS,True
XTKG,"X3 Holdings Co., Ltd. Ordinary Shares",XNAS,CS,True
XWEL,"XWELL, Inc. Common Stock",XNAS,CS,True
XWIN,"XMAX, Inc. Common Stock",XNAS,CS,True
XXI,"Twenty One Capital, Inc.",XNYS,CS,True
XXII,22nd Century Group Inc.,XNAS,CS,True
XYL,Xylem Inc,XNYS,CS,True
XYZ,"Block, Inc.",XNYS,CS,True
XZO,"Exzeo Group, Inc.",XNYS,CS,True
YAAS,Youxin Technology Ltd Class A Ordinary shares,XNAS,CS,True
YCY,AA Mission Acquisition Corp. II,XNYS,CS,True
YDDL,One and One Green Technologies. Inc Class A Ordinary Shares,XNAS,CS,True
YDES,YD Bio Limited Ordinary Shares,XNAS,CS,True
YDKG,Yueda Digital Holding Class A Ordinary Share,XNAS,CS,True
YELP,YELP INC.,XNYS,CS,True
YETI,"YETI Holdings, Inc. Common Stock",XNYS,CS,True
YEXT,"Yext, Inc.",XNYS,CS,True
YHC,LQR House Inc. Common Stock,XNAS,CS,True
YHGJ,Yunhong Green CTI Ltd. Common Stock,XNAS,CS,True
YHNA,YHN Acquisition I Limited Ordinary Shares,XNAS,CS,True
YIBO,Planet Image International Limited Class A Ordinary Shares,XNAS,CS,True
YJ,Yunji Inc. American Depository Shares,XNAS,ADRC,True
YMAT,"J-Star Holding Co., Ltd. Class A Ordinary Shares",XNAS,CS,True
YOU,"Clear Secure, Inc.",XNYS,CS,True
YPF,YPF Sociedad Anonima,XNYS,ADRC,True
YRD,Yiren Digital Ltd.,XNYS,ADRC,True
YSXT,"YSX Tech. Co., Ltd Class A Ordinary Shares",XNAS,CS,True
YTRA,"Yatra Online, Inc. Ordinary Shares",XNAS,CS,True
YUM,"Yum! Brands, Inc.",XNYS,CS,True
YUMC,"Yum China Holdings, Inc. Common Stock",XNYS,CS,True
YXT,YXT.COM GROUP HOLDING LIMITED American Depository Shares,XNAS,ADRC,True
YYAI,AiRWA Inc. Common Stock,XNAS,CS,True
YYGH,YY Group Holding Limited Class A Ordinary Shares,XNAS,CS,True
Z,"Zillow Group, Inc. Class C Capital Stock",XNAS,CS,True
ZBAI,ATIF Holdings Limited Ordinary Shares,XNAS,CS,True
ZBAO,Zhibao Technology Inc. Class A Ordinary Shares,XNAS,CS,True
ZBH,"Zimmer Biomet Holdings, Inc.",XNYS,CS,True
ZBIO,"Zenas BioPharma, Inc. Common Stock",XNAS,CS,True
ZBRA,Zebra Technologies Corporation,XNAS,CS,True
ZCMD,Zhongchao Inc. Class A Ordinary Shares,XNAS,CS,True
ZD,"Ziff Davis, Inc. Common Stock",XNAS,CS,True
ZDAI,"DirectBooking Technology Co., Ltd. Ordinary Shares",XNAS,CS,True
ZENA,"ZenaTech, Inc. Common Stock",XNAS,CS,True
ZENV,Zenvia Inc. Class A Common Stock,XNAS,CS,True
ZEO,Zeo Energy Corporation Class A Common Stock,XNAS,CS,True
ZETA,Zeta Global Holdings Corp.,XNYS,CS,True
ZEUS,"Olympic Steel, Inc.",XNAS,CS,True
ZG,ZILLOW GROUP INC CLASS A,XNAS,CS,True
ZGM,Zenta Group Company Limited Ordinary Shares,XNAS,CS,True
ZGN,Ermenegildo Zegna N.V.,XNYS,CS,True
ZIM,ZIM Integrated Shipping Services Ltd.,XNYS,CS,True
ZIP,"ZipRecruiter, Inc.",XNYS,CS,True
ZJK,"ZJK Industrial Co., Ltd. Ordinary Shares",XNAS,CS,True
ZJYL,JIN MEDICAL INTERNATIONAL LTD. Ordinary Shares,XNAS,CS,True
ZKIN,"ZK International Group Co., Ltd Ordinary Share",XNAS,CS,True
ZM,"Zoom Communications, Inc. Class A Common Stock",XNAS,CS,True
ZNB,Zeta Network Group Class A Ordinary Shares,XNAS,CS,True
ZNTL,"Zentalis Pharmaceuticals, Inc. Common Stock",XNAS,CS,True
ZOOZ,ZOOZ Strategy Ltd. Ordinary Shares,XNAS,CS,True
ZS,"Zscaler, Inc. Common Stock",XNAS,CS,True
ZSPC,"zSpace, Inc. Common stock",XNAS,CS,True
ZTEK,Zentek Ltd. Common Stock,XNAS,CS,True
ZTS,ZOETIS INC.,XNYS,CS,True
ZUMZ,Zumiez Inc.,XNAS,CS,True
ZURA,Zura Bio Limited Class A Ordinary Shares,XNAS,CS,True
ZVIA,Zevia PBC,XNYS,CS,True
ZVRA,"Zevra Therapeutics, Inc. Common Stock",XNAS,CS,True
ZYBT,Zhengye Biotechnology Holding Limited Ordinary Shares,XNAS,CS,True
ZYME,Zymeworks Inc.,XNAS,CS,True
