timestamp,equity,buy_hold
2023-08-28 04:00:00+00:00,10000.0,10000.0
2023-08-28 04:00:00+00:00,10000.0,10000.0
2023-08-28 04:00:00+00:00,10000.0,10000.0
2023-08-28 04:00:00+00:00,10000.0,10000.0
2023-08-28 04:00:00+00:00,10000.0,10000.0
2023-08-28 04:00:00+00:00,10000.0,10000.0
2023-08-28 04:00:00+00:00,10000.0,10000.0
2023-08-28 04:00:00+00:00,10000.0,10000.0
2023-08-28 04:00:00+00:00,10000.0,10000.0
2023-08-28 04:00:00+00:00,10000.0,10000.0
2023-08-28 04:00:00+00:00,10000.0,10000.0
2023-08-28 04:00:00+00:00,10000.0,10000.0
2023-08-28 04:00:00+00:00,10000.0,10000.0
2023-08-28 04:00:00+00:00,10000.0,10000.0
2023-08-28 04:00:00+00:00,10000.0,10000.0
2023-08-28 04:00:00+00:00,10000.0,10000.0
2023-08-28 04:00:00+00:00,10000.0,10000.0
2023-08-28 04:00:00+00:00,10000.0,10000.0
2023-08-28 04:00:00+00:00,10000.0,10000.0
2023-08-28 04:00:00+00:00,10000.0,10000.0
2023-08-28 04:00:00+00:00,10000.0,10000.0
2023-08-28 04:00:00+00:00,10000.0,10000.0
2023-08-28 04:00:00+00:00,10000.0,10000.0
2023-08-28 04:00:00+00:00,10000.0,10000.0
2023-08-29 04:00:00+00:00,10000.0,10223.76457523598
2023-08-29 04:00:00+00:00,10000.0,10223.76457523598
2023-08-29 04:00:00+00:00,10000.0,10223.76457523598
2023-08-29 04:00:00+00:00,10000.0,10223.76457523598
2023-08-29 04:00:00+00:00,10000.0,10223.76457523598
2023-08-29 04:00:00+00:00,10000.0,10223.76457523598
2023-08-29 04:00:00+00:00,10000.0,10223.76457523598
2023-08-29 04:00:00+00:00,10000.0,10223.76457523598
2023-08-29 04:00:00+00:00,10000.0,10223.76457523598
2023-08-29 04:00:00+00:00,10000.0,10223.76457523598
2023-08-29 04:00:00+00:00,10000.0,10223.76457523598
2023-08-29 04:00:00+00:00,10000.0,10223.76457523598
2023-08-29 04:00:00+00:00,10000.0,10223.76457523598
2023-08-29 04:00:00+00:00,10000.0,10223.76457523598
2023-08-29 04:00:00+00:00,10000.0,10223.76457523598
2023-08-29 04:00:00+00:00,10000.0,10223.76457523598
2023-08-29 04:00:00+00:00,10000.0,10223.76457523598
2023-08-29 04:00:00+00:00,10000.0,10223.76457523598
2023-08-29 04:00:00+00:00,10000.0,10223.76457523598
2023-08-29 04:00:00+00:00,10000.0,10223.76457523598
2023-08-29 04:00:00+00:00,10000.0,10223.76457523598
2023-08-29 04:00:00+00:00,10000.0,10223.76457523598
2023-08-29 04:00:00+00:00,10000.0,10223.76457523598
2023-08-29 04:00:00+00:00,10000.0,10223.76457523598
2023-08-30 04:00:00+00:00,10000.0,10423.098278734038
2023-08-30 04:00:00+00:00,10000.0,10423.098278734038
2023-08-30 04:00:00+00:00,10000.0,10423.098278734038
2023-08-30 04:00:00+00:00,10000.0,10423.098278734038
2023-08-30 04:00:00+00:00,10000.0,10423.098278734038
2023-08-30 04:00:00+00:00,10000.0,10423.098278734038
2023-08-30 04:00:00+00:00,10000.0,10423.098278734038
2023-08-30 04:00:00+00:00,10000.0,10423.098278734038
2023-08-30 04:00:00+00:00,10000.0,10423.098278734038
2023-08-30 04:00:00+00:00,10000.0,10423.098278734038
2023-08-30 04:00:00+00:00,10000.0,10423.098278734038
2023-08-30 04:00:00+00:00,10000.0,10423.098278734038
2023-08-30 04:00:00+00:00,10000.0,10423.098278734038
2023-08-30 04:00:00+00:00,10000.0,10423.098278734038
2023-08-30 04:00:00+00:00,10000.0,10423.098278734038
2023-08-30 04:00:00+00:00,10000.0,10423.098278734038
2023-08-30 04:00:00+00:00,10000.0,10423.098278734038
2023-08-30 04:00:00+00:00,10000.0,10423.098278734038
2023-08-30 04:00:00+00:00,10000.0,10423.098278734038
2023-08-30 04:00:00+00:00,10000.0,10423.098278734038
2023-08-30 04:00:00+00:00,10000.0,10423.098278734038
2023-08-30 04:00:00+00:00,10000.0,10423.098278734038
2023-08-30 04:00:00+00:00,10000.0,10423.098278734038
2023-08-30 04:00:00+00:00,10000.0,10423.098278734038
2023-08-31 04:00:00+00:00,10000.0,10434.203220433092
2023-08-31 04:00:00+00:00,10000.0,10434.203220433092
2023-08-31 04:00:00+00:00,10000.0,10434.203220433092
2023-08-31 04:00:00+00:00,10000.0,10434.203220433092
2023-08-31 04:00:00+00:00,10000.0,10434.203220433092
2023-08-31 04:00:00+00:00,10000.0,10434.203220433092
2023-08-31 04:00:00+00:00,10000.0,10434.203220433092
2023-08-31 04:00:00+00:00,10000.0,10434.203220433092
2023-08-31 04:00:00+00:00,10000.0,10434.203220433092
2023-08-31 04:00:00+00:00,10000.0,10434.203220433092
2023-08-31 04:00:00+00:00,10000.0,10434.203220433092
2023-08-31 04:00:00+00:00,10000.0,10434.203220433092
2023-08-31 04:00:00+00:00,10000.0,10434.203220433092
2023-08-31 04:00:00+00:00,10000.0,10434.203220433092
2023-08-31 04:00:00+00:00,10000.0,10434.203220433092
2023-08-31 04:00:00+00:00,10000.0,10434.203220433092
2023-08-31 04:00:00+00:00,10000.0,10434.203220433092
2023-08-31 04:00:00+00:00,10000.0,10434.203220433092
2023-08-31 04:00:00+00:00,10000.0,10434.203220433092
2023-08-31 04:00:00+00:00,10000.0,10434.203220433092
2023-08-31 04:00:00+00:00,10000.0,10434.203220433092
2023-08-31 04:00:00+00:00,10000.0,10434.203220433092
2023-08-31 04:00:00+00:00,10000.0,10434.203220433092
2023-08-31 04:00:00+00:00,10000.0,10434.203220433092
2023-09-01 04:00:00+00:00,10000.0,10520.82176568573
2023-09-01 04:00:00+00:00,10000.0,10520.82176568573
2023-09-01 04:00:00+00:00,10000.0,10520.82176568573
2023-09-01 04:00:00+00:00,10000.0,10520.82176568573
2023-09-01 04:00:00+00:00,10000.0,10520.82176568573
2023-09-01 04:00:00+00:00,10000.0,10520.82176568573
2023-09-01 04:00:00+00:00,10000.0,10520.82176568573
2023-09-01 04:00:00+00:00,10000.0,10520.82176568573
2023-09-01 04:00:00+00:00,10000.0,10520.82176568573
2023-09-01 04:00:00+00:00,10000.0,10520.82176568573
2023-09-01 04:00:00+00:00,10000.0,10520.82176568573
2023-09-01 04:00:00+00:00,10000.0,10520.82176568573
2023-09-01 04:00:00+00:00,10000.0,10520.82176568573
2023-09-01 04:00:00+00:00,10000.0,10520.82176568573
2023-09-01 04:00:00+00:00,10000.0,10520.82176568573
2023-09-01 04:00:00+00:00,10000.0,10520.82176568573
2023-09-01 04:00:00+00:00,10000.0,10520.82176568573
2023-09-01 04:00:00+00:00,10000.0,10520.82176568573
2023-09-01 04:00:00+00:00,10000.0,10520.82176568573
2023-09-01 04:00:00+00:00,10000.0,10520.82176568573
2023-09-01 04:00:00+00:00,10000.0,10520.82176568573
2023-09-01 04:00:00+00:00,10000.0,10520.82176568573
2023-09-01 04:00:00+00:00,10000.0,10520.82176568573
2023-09-01 04:00:00+00:00,10000.0,10520.82176568573
2023-09-05 04:00:00+00:00,10000.0,10534.70294280955
2023-09-05 04:00:00+00:00,10000.0,10534.70294280955
2023-09-05 04:00:00+00:00,10000.0,10534.70294280955
2023-09-05 04:00:00+00:00,10000.0,10534.70294280955
2023-09-05 04:00:00+00:00,10000.0,10534.70294280955
2023-09-05 04:00:00+00:00,10000.0,10534.70294280955
2023-09-05 04:00:00+00:00,10000.0,10534.70294280955
2023-09-05 04:00:00+00:00,10000.0,10534.70294280955
2023-09-05 04:00:00+00:00,10000.0,10534.70294280955
2023-09-05 04:00:00+00:00,10000.0,10534.70294280955
2023-09-05 04:00:00+00:00,10000.0,10534.70294280955
2023-09-05 04:00:00+00:00,10000.0,10534.70294280955
2023-09-05 04:00:00+00:00,10000.0,10534.70294280955
2023-09-05 04:00:00+00:00,10000.0,10534.70294280955
2023-09-05 04:00:00+00:00,10000.0,10534.70294280955
2023-09-05 04:00:00+00:00,10000.0,10534.70294280955
2023-09-05 04:00:00+00:00,10000.0,10534.70294280955
2023-09-05 04:00:00+00:00,10000.0,10534.70294280955
2023-09-05 04:00:00+00:00,10000.0,10534.70294280955
2023-09-05 04:00:00+00:00,10000.0,10534.70294280955
2023-09-05 04:00:00+00:00,10000.0,10534.70294280955
2023-09-05 04:00:00+00:00,10000.0,10534.70294280955
2023-09-05 04:00:00+00:00,10000.0,10534.70294280955
2023-09-05 04:00:00+00:00,10000.0,10534.70294280955
2023-09-06 04:00:00+00:00,10000.0,10154.913936701832
2023-09-06 04:00:00+00:00,10000.0,10154.913936701832
2023-09-06 04:00:00+00:00,10000.0,10154.913936701832
2023-09-06 04:00:00+00:00,10000.0,10154.913936701832
2023-09-06 04:00:00+00:00,10000.0,10154.913936701832
2023-09-06 04:00:00+00:00,10000.0,10154.913936701832
2023-09-06 04:00:00+00:00,10000.0,10154.913936701832
2023-09-06 04:00:00+00:00,10000.0,10154.913936701832
2023-09-06 04:00:00+00:00,10000.0,10154.913936701832
2023-09-06 04:00:00+00:00,10000.0,10154.913936701832
2023-09-06 04:00:00+00:00,10000.0,10154.913936701832
2023-09-06 04:00:00+00:00,10000.0,10154.913936701832
2023-09-06 04:00:00+00:00,10000.0,10154.913936701832
2023-09-06 04:00:00+00:00,10000.0,10154.913936701832
2023-09-06 04:00:00+00:00,10000.0,10154.913936701832
2023-09-06 04:00:00+00:00,10000.0,10154.913936701832
2023-09-06 04:00:00+00:00,10000.0,10154.913936701832
2023-09-06 04:00:00+00:00,10000.0,10154.913936701832
2023-09-06 04:00:00+00:00,10000.0,10154.913936701832
2023-09-06 04:00:00+00:00,10000.0,10154.913936701832
2023-09-06 04:00:00+00:00,10000.0,10154.913936701832
2023-09-06 04:00:00+00:00,10000.0,10154.913936701832
2023-09-06 04:00:00+00:00,10000.0,10154.913936701832
2023-09-06 04:00:00+00:00,10000.0,10154.913936701832
2023-09-07 04:00:00+00:00,10000.0,9860.355358134371
2023-09-07 04:00:00+00:00,10000.0,9860.355358134371
2023-09-07 04:00:00+00:00,10000.0,9860.355358134371
2023-09-07 04:00:00+00:00,10000.0,9860.355358134371
2023-09-07 04:00:00+00:00,10000.0,9860.355358134371
2023-09-07 04:00:00+00:00,10000.0,9860.355358134371
2023-09-07 04:00:00+00:00,10000.0,9860.355358134371
2023-09-07 04:00:00+00:00,10000.0,9860.355358134371
2023-09-07 04:00:00+00:00,10000.0,9860.355358134371
2023-09-07 04:00:00+00:00,10000.0,9860.355358134371
2023-09-07 04:00:00+00:00,10000.0,9860.355358134371
2023-09-07 04:00:00+00:00,10000.0,9860.355358134371
2023-09-07 04:00:00+00:00,10000.0,9860.355358134371
2023-09-07 04:00:00+00:00,10000.0,9860.355358134371
2023-09-07 04:00:00+00:00,10000.0,9860.355358134371
2023-09-07 04:00:00+00:00,10000.0,9860.355358134371
2023-09-07 04:00:00+00:00,10000.0,9860.355358134371
2023-09-07 04:00:00+00:00,10000.0,9860.355358134371
2023-09-07 04:00:00+00:00,10000.0,9860.355358134371
2023-09-07 04:00:00+00:00,10000.0,9860.355358134371
2023-09-07 04:00:00+00:00,10000.0,9860.355358134371
2023-09-07 04:00:00+00:00,10000.0,9860.355358134371
2023-09-07 04:00:00+00:00,10000.0,9860.355358134371
2023-09-07 04:00:00+00:00,10000.0,9860.355358134371
2023-09-08 04:00:00+00:00,10000.0,9894.503053858967
2023-09-08 04:00:00+00:00,10000.0,9894.503053858967
2023-09-08 04:00:00+00:00,10000.0,9894.503053858967
2023-09-08 04:00:00+00:00,10000.0,9894.503053858967
2023-09-08 04:00:00+00:00,10000.0,9894.503053858967
2023-09-08 04:00:00+00:00,10000.0,9894.503053858967
2023-09-08 04:00:00+00:00,10000.0,9894.503053858967
2023-09-08 04:00:00+00:00,10000.0,9894.503053858967
2023-09-08 04:00:00+00:00,10000.0,9894.503053858967
2023-09-08 04:00:00+00:00,10000.0,9894.503053858967
2023-09-08 04:00:00+00:00,10000.0,9894.503053858967
2023-09-08 04:00:00+00:00,10000.0,9894.503053858967
2023-09-08 04:00:00+00:00,10000.0,9894.503053858967
2023-09-08 04:00:00+00:00,10000.0,9894.503053858967
2023-09-08 04:00:00+00:00,10000.0,9894.503053858967
2023-09-08 04:00:00+00:00,10000.0,9894.503053858967
2023-09-08 04:00:00+00:00,10000.0,9894.503053858967
2023-09-08 04:00:00+00:00,10000.0,9894.503053858967
2023-09-08 04:00:00+00:00,10000.0,9894.503053858967
2023-09-08 04:00:00+00:00,10000.0,9894.503053858967
2023-09-08 04:00:00+00:00,10000.0,9894.503053858967
2023-09-08 04:00:00+00:00,10000.0,9894.503053858967
2023-09-08 04:00:00+00:00,10000.0,9894.503053858967
2023-09-08 04:00:00+00:00,10000.0,9894.503053858967
2023-09-11 04:00:00+00:00,10000.0,9958.911715713493
2023-09-11 04:00:00+00:00,10000.0,9958.911715713493
2023-09-11 04:00:00+00:00,10000.0,9958.911715713493
2023-09-11 04:00:00+00:00,10000.0,9958.911715713493
2023-09-11 04:00:00+00:00,10000.0,9958.911715713493
2023-09-11 04:00:00+00:00,10000.0,9958.911715713493
2023-09-11 04:00:00+00:00,10000.0,9958.911715713493
2023-09-11 04:00:00+00:00,10000.0,9958.911715713493
2023-09-11 04:00:00+00:00,10000.0,9958.911715713493
2023-09-11 04:00:00+00:00,10000.0,9958.911715713493
2023-09-11 04:00:00+00:00,10000.0,9958.911715713493
2023-09-11 04:00:00+00:00,10000.0,9958.911715713493
2023-09-11 04:00:00+00:00,10000.0,9958.911715713493
2023-09-11 04:00:00+00:00,10000.0,9958.911715713493
2023-09-11 04:00:00+00:00,10000.0,9958.911715713493
2023-09-11 04:00:00+00:00,10000.0,9958.911715713493
2023-09-11 04:00:00+00:00,10000.0,9958.911715713493
2023-09-11 04:00:00+00:00,10000.0,9958.911715713493
2023-09-11 04:00:00+00:00,10000.0,9958.911715713493
2023-09-11 04:00:00+00:00,10000.0,9958.911715713493
2023-09-11 04:00:00+00:00,10000.0,9958.911715713493
2023-09-11 04:00:00+00:00,10000.0,9958.911715713493
2023-09-11 04:00:00+00:00,10000.0,9958.911715713493
2023-09-11 04:00:00+00:00,10000.0,9958.911715713493
2023-09-12 04:00:00+00:00,10000.0,9788.450860632982
2023-09-12 04:00:00+00:00,10000.0,9788.450860632982
2023-09-12 04:00:00+00:00,10000.0,9788.450860632982
2023-09-12 04:00:00+00:00,10000.0,9788.450860632982
2023-09-12 04:00:00+00:00,10000.0,9788.450860632982
2023-09-12 04:00:00+00:00,10000.0,9788.450860632982
2023-09-12 04:00:00+00:00,10000.0,9788.450860632982
2023-09-12 04:00:00+00:00,10000.0,9788.450860632982
2023-09-12 04:00:00+00:00,10000.0,9788.450860632982
2023-09-12 04:00:00+00:00,10000.0,9788.450860632982
2023-09-12 04:00:00+00:00,10000.0,9788.450860632982
2023-09-12 04:00:00+00:00,10000.0,9788.450860632982
2023-09-12 04:00:00+00:00,10000.0,9788.450860632982
2023-09-12 04:00:00+00:00,10000.0,9788.450860632982
2023-09-12 04:00:00+00:00,10000.0,9788.450860632982
2023-09-12 04:00:00+00:00,10000.0,9788.450860632982
2023-09-12 04:00:00+00:00,10000.0,9788.450860632982
2023-09-12 04:00:00+00:00,10000.0,9788.450860632982
2023-09-12 04:00:00+00:00,10000.0,9788.450860632982
2023-09-12 04:00:00+00:00,10000.0,9788.450860632982
2023-09-12 04:00:00+00:00,10000.0,9788.450860632982
2023-09-12 04:00:00+00:00,10000.0,9788.450860632982
2023-09-12 04:00:00+00:00,10000.0,9788.450860632982
2023-09-12 04:00:00+00:00,10000.0,9788.450860632982
2023-09-13 04:00:00+00:00,10000.0,9672.404219877844
2023-09-13 04:00:00+00:00,10000.0,9672.404219877844
2023-09-13 04:00:00+00:00,10000.0,9672.404219877844
2023-09-13 04:00:00+00:00,10000.0,9672.404219877844
2023-09-13 04:00:00+00:00,10000.0,9672.404219877844
2023-09-13 04:00:00+00:00,10000.0,9672.404219877844
2023-09-13 04:00:00+00:00,10000.0,9672.404219877844
2023-09-13 04:00:00+00:00,10000.0,9672.404219877844
2023-09-13 04:00:00+00:00,10000.0,9672.404219877844
2023-09-13 04:00:00+00:00,10000.0,9672.404219877844
2023-09-13 04:00:00+00:00,10000.0,9672.404219877844
2023-09-13 04:00:00+00:00,10000.0,9672.404219877844
2023-09-13 04:00:00+00:00,10000.0,9672.404219877844
2023-09-13 04:00:00+00:00,10000.0,9672.404219877844
2023-09-13 04:00:00+00:00,10000.0,9672.404219877844
2023-09-13 04:00:00+00:00,10000.0,9672.404219877844
2023-09-13 04:00:00+00:00,10000.0,9672.404219877844
2023-09-13 04:00:00+00:00,10000.0,9672.404219877844
2023-09-13 04:00:00+00:00,10000.0,9672.404219877844
2023-09-13 04:00:00+00:00,10000.0,9672.404219877844
2023-09-13 04:00:00+00:00,10000.0,9672.404219877844
2023-09-13 04:00:00+00:00,10000.0,9672.404219877844
2023-09-13 04:00:00+00:00,10000.0,9672.404219877844
2023-09-13 04:00:00+00:00,10000.0,9672.404219877844
2023-09-14 04:00:00+00:00,10000.0,9757.912270960578
2023-09-14 04:00:00+00:00,10000.0,9757.912270960578
2023-09-14 04:00:00+00:00,10000.0,9757.912270960578
2023-09-14 04:00:00+00:00,10000.0,9757.912270960578
2023-09-14 04:00:00+00:00,10000.0,9757.912270960578
2023-09-14 04:00:00+00:00,10000.0,9757.912270960578
2023-09-14 04:00:00+00:00,10000.0,9757.912270960578
2023-09-14 04:00:00+00:00,10000.0,9757.912270960578
2023-09-14 04:00:00+00:00,10000.0,9757.912270960578
2023-09-14 04:00:00+00:00,10000.0,9757.912270960578
2023-09-14 04:00:00+00:00,10000.0,9757.912270960578
2023-09-14 04:00:00+00:00,10000.0,9757.912270960578
2023-09-14 04:00:00+00:00,10000.0,9757.912270960578
2023-09-14 04:00:00+00:00,10000.0,9757.912270960578
2023-09-14 04:00:00+00:00,10000.0,9757.912270960578
2023-09-14 04:00:00+00:00,10000.0,9757.912270960578
2023-09-14 04:00:00+00:00,10000.0,9757.912270960578
2023-09-14 04:00:00+00:00,10000.0,9757.912270960578
2023-09-14 04:00:00+00:00,10000.0,9757.912270960578
2023-09-14 04:00:00+00:00,10000.0,9757.912270960578
2023-09-14 04:00:00+00:00,10000.0,9757.912270960578
2023-09-14 04:00:00+00:00,10000.0,9757.912270960578
2023-09-14 04:00:00+00:00,10000.0,9757.912270960578
2023-09-14 04:00:00+00:00,10000.0,9757.912270960578
2023-09-15 04:00:00+00:00,10000.0,9714.047751249305
2023-09-15 04:00:00+00:00,10000.0,9714.047751249305
2023-09-15 04:00:00+00:00,10000.0,9714.047751249305
2023-09-15 04:00:00+00:00,10000.0,9714.047751249305
2023-09-15 04:00:00+00:00,10000.0,9714.047751249305
2023-09-15 04:00:00+00:00,10000.0,9714.047751249305
2023-09-15 04:00:00+00:00,10000.0,9714.047751249305
2023-09-15 04:00:00+00:00,10000.0,9714.047751249305
2023-09-15 04:00:00+00:00,10000.0,9714.047751249305
2023-09-15 04:00:00+00:00,10000.0,9714.047751249305
2023-09-15 04:00:00+00:00,10000.0,9714.047751249305
2023-09-15 04:00:00+00:00,10000.0,9714.047751249305
2023-09-15 04:00:00+00:00,10000.0,9714.047751249305
2023-09-15 04:00:00+00:00,10000.0,9714.047751249305
2023-09-15 04:00:00+00:00,10000.0,9714.047751249305
2023-09-15 04:00:00+00:00,10000.0,9714.047751249305
2023-09-15 04:00:00+00:00,10000.0,9714.047751249305
2023-09-15 04:00:00+00:00,10000.0,9714.047751249305
2023-09-15 04:00:00+00:00,10000.0,9714.047751249305
2023-09-15 04:00:00+00:00,10000.0,9714.047751249305
2023-09-15 04:00:00+00:00,10000.0,9714.047751249305
2023-09-15 04:00:00+00:00,10000.0,9714.047751249305
2023-09-15 04:00:00+00:00,10000.0,9714.047751249305
2023-09-15 04:00:00+00:00,10000.0,9714.047751249305
2023-09-18 04:00:00+00:00,10000.0,9883.398112159912
2023-09-18 04:00:00+00:00,10000.0,9883.398112159912
2023-09-18 04:00:00+00:00,10000.0,9883.398112159912
2023-09-18 04:00:00+00:00,10000.0,9883.398112159912
2023-09-18 04:00:00+00:00,10000.0,9883.398112159912
2023-09-18 04:00:00+00:00,10000.0,9883.398112159912
2023-09-18 04:00:00+00:00,10000.0,9883.398112159912
2023-09-18 04:00:00+00:00,10000.0,9883.398112159912
2023-09-18 04:00:00+00:00,10000.0,9883.398112159912
2023-09-18 04:00:00+00:00,10000.0,9883.398112159912
2023-09-18 04:00:00+00:00,10000.0,9883.398112159912
2023-09-18 04:00:00+00:00,10000.0,9883.398112159912
2023-09-18 04:00:00+00:00,10000.0,9883.398112159912
2023-09-18 04:00:00+00:00,10000.0,9883.398112159912
2023-09-18 04:00:00+00:00,10000.0,9883.398112159912
2023-09-18 04:00:00+00:00,10000.0,9883.398112159912
2023-09-18 04:00:00+00:00,10000.0,9883.398112159912
2023-09-18 04:00:00+00:00,10000.0,9883.398112159912
2023-09-18 04:00:00+00:00,10000.0,9883.398112159912
2023-09-18 04:00:00+00:00,10000.0,9883.398112159912
2023-09-18 04:00:00+00:00,10000.0,9883.398112159912
2023-09-18 04:00:00+00:00,10000.0,9883.398112159912
2023-09-18 04:00:00+00:00,10000.0,9883.398112159912
2023-09-18 04:00:00+00:00,10000.0,9883.398112159912
2023-09-19 04:00:00+00:00,10000.0,9943.920044419767
2023-09-19 04:00:00+00:00,10000.0,9943.920044419767
2023-09-19 04:00:00+00:00,10000.0,9943.920044419767
2023-09-19 04:00:00+00:00,10000.0,9943.920044419767
2023-09-19 04:00:00+00:00,10000.0,9943.920044419767
2023-09-19 04:00:00+00:00,10000.0,9943.920044419767
2023-09-19 04:00:00+00:00,10000.0,9943.920044419767
2023-09-19 04:00:00+00:00,10000.0,9943.920044419767
2023-09-19 04:00:00+00:00,10000.0,9943.920044419767
2023-09-19 04:00:00+00:00,10000.0,9943.920044419767
2023-09-19 04:00:00+00:00,10000.0,9943.920044419767
2023-09-19 04:00:00+00:00,10000.0,9943.920044419767
2023-09-19 04:00:00+00:00,10000.0,9943.920044419767
2023-09-19 04:00:00+00:00,10000.0,9943.920044419767
2023-09-19 04:00:00+00:00,10000.0,9943.920044419767
2023-09-19 04:00:00+00:00,10000.0,9943.920044419767
2023-09-19 04:00:00+00:00,10000.0,9943.920044419767
2023-09-19 04:00:00+00:00,10000.0,9943.920044419767
2023-09-19 04:00:00+00:00,10000.0,9943.920044419767
2023-09-19 04:00:00+00:00,10000.0,9943.920044419767
2023-09-19 04:00:00+00:00,10000.0,9943.920044419767
2023-09-19 04:00:00+00:00,10000.0,9943.920044419767
2023-09-19 04:00:00+00:00,10000.0,9943.920044419767
2023-09-19 04:00:00+00:00,10000.0,9943.920044419767
2023-09-20 04:00:00+00:00,10000.0,9743.475846751804
2023-09-20 04:00:00+00:00,10000.0,9743.475846751804
2023-09-20 04:00:00+00:00,10000.0,9743.475846751804
2023-09-20 04:00:00+00:00,10000.0,9743.475846751804
2023-09-20 04:00:00+00:00,10000.0,9743.475846751804
2023-09-20 04:00:00+00:00,10000.0,9743.475846751804
2023-09-20 04:00:00+00:00,10000.0,9743.475846751804
2023-09-20 04:00:00+00:00,10000.0,9743.475846751804
2023-09-20 04:00:00+00:00,10000.0,9743.475846751804
2023-09-20 04:00:00+00:00,10000.0,9743.475846751804
2023-09-20 04:00:00+00:00,10000.0,9743.475846751804
2023-09-20 04:00:00+00:00,10000.0,9743.475846751804
2023-09-20 04:00:00+00:00,10000.0,9743.475846751804
2023-09-20 04:00:00+00:00,10000.0,9743.475846751804
2023-09-20 04:00:00+00:00,10000.0,9743.475846751804
2023-09-20 04:00:00+00:00,10000.0,9743.475846751804
2023-09-20 04:00:00+00:00,10000.0,9743.475846751804
2023-09-20 04:00:00+00:00,10000.0,9743.475846751804
2023-09-20 04:00:00+00:00,10000.0,9743.475846751804
2023-09-20 04:00:00+00:00,10000.0,9743.475846751804
2023-09-20 04:00:00+00:00,10000.0,9743.475846751804
2023-09-20 04:00:00+00:00,10000.0,9743.475846751804
2023-09-20 04:00:00+00:00,10000.0,9743.475846751804
2023-09-20 04:00:00+00:00,10000.0,9743.475846751804
2023-09-21 04:00:00+00:00,10000.0,9654.636313159355
2023-09-21 04:00:00+00:00,10000.0,9654.636313159355
2023-09-21 04:00:00+00:00,10000.0,9654.636313159355
2023-09-21 04:00:00+00:00,10000.0,9654.636313159355
2023-09-21 04:00:00+00:00,10000.0,9654.636313159355
2023-09-21 04:00:00+00:00,10000.0,9654.636313159355
2023-09-21 04:00:00+00:00,10000.0,9654.636313159355
2023-09-21 04:00:00+00:00,10000.0,9654.636313159355
2023-09-21 04:00:00+00:00,10000.0,9654.636313159355
2023-09-21 04:00:00+00:00,10000.0,9654.636313159355
2023-09-21 04:00:00+00:00,10000.0,9654.636313159355
2023-09-21 04:00:00+00:00,10000.0,9654.636313159355
2023-09-21 04:00:00+00:00,10000.0,9654.636313159355
2023-09-21 04:00:00+00:00,10000.0,9654.636313159355
2023-09-21 04:00:00+00:00,10000.0,9654.636313159355
2023-09-21 04:00:00+00:00,10000.0,9654.636313159355
2023-09-21 04:00:00+00:00,10000.0,9654.636313159355
2023-09-21 04:00:00+00:00,10000.0,9654.636313159355
2023-09-21 04:00:00+00:00,10000.0,9654.636313159355
2023-09-21 04:00:00+00:00,10000.0,9654.636313159355
2023-09-21 04:00:00+00:00,10000.0,9654.636313159355
2023-09-21 04:00:00+00:00,10000.0,9654.636313159355
2023-09-21 04:00:00+00:00,10000.0,9654.636313159355
2023-09-21 04:00:00+00:00,10000.0,9654.636313159355
2023-09-22 04:00:00+00:00,10000.0,9702.94280955025
2023-09-22 04:00:00+00:00,10000.0,9702.94280955025
2023-09-22 04:00:00+00:00,10000.0,9702.94280955025
2023-09-22 04:00:00+00:00,10000.0,9702.94280955025
2023-09-22 04:00:00+00:00,10000.0,9702.94280955025
2023-09-22 04:00:00+00:00,10000.0,9702.94280955025
2023-09-22 04:00:00+00:00,10000.0,9702.94280955025
2023-09-22 04:00:00+00:00,10000.0,9702.94280955025
2023-09-22 04:00:00+00:00,10000.0,9702.94280955025
2023-09-22 04:00:00+00:00,10000.0,9702.94280955025
2023-09-22 04:00:00+00:00,10000.0,9702.94280955025
2023-09-22 04:00:00+00:00,10000.0,9702.94280955025
2023-09-22 04:00:00+00:00,10000.0,9702.94280955025
2023-09-22 04:00:00+00:00,10000.0,9702.94280955025
2023-09-22 04:00:00+00:00,10000.0,9702.94280955025
2023-09-22 04:00:00+00:00,10000.0,9702.94280955025
2023-09-22 04:00:00+00:00,10000.0,9702.94280955025
2023-09-22 04:00:00+00:00,10000.0,9702.94280955025
2023-09-22 04:00:00+00:00,10000.0,9702.94280955025
2023-09-22 04:00:00+00:00,10000.0,9702.94280955025
2023-09-22 04:00:00+00:00,10000.0,9702.94280955025
2023-09-22 04:00:00+00:00,10000.0,9702.94280955025
2023-09-22 04:00:00+00:00,10000.0,9702.94280955025
2023-09-22 04:00:00+00:00,10000.0,9702.94280955025
2023-09-25 04:00:00+00:00,10000.0,9778.456413103831
2023-09-25 04:00:00+00:00,10000.0,9778.456413103831
2023-09-25 04:00:00+00:00,10000.0,9778.456413103831
2023-09-25 04:00:00+00:00,10000.0,9778.456413103831
2023-09-25 04:00:00+00:00,10000.0,9778.456413103831
2023-09-25 04:00:00+00:00,10000.0,9778.456413103831
2023-09-25 04:00:00+00:00,10000.0,9778.456413103831
2023-09-25 04:00:00+00:00,10000.0,9778.456413103831
2023-09-25 04:00:00+00:00,10000.0,9778.456413103831
2023-09-25 04:00:00+00:00,10000.0,9778.456413103831
2023-09-25 04:00:00+00:00,10000.0,9778.456413103831
2023-09-25 04:00:00+00:00,10000.0,9778.456413103831
2023-09-25 04:00:00+00:00,10000.0,9778.456413103831
2023-09-25 04:00:00+00:00,10000.0,9778.456413103831
2023-09-25 04:00:00+00:00,10000.0,9778.456413103831
2023-09-25 04:00:00+00:00,10000.0,9778.456413103831
2023-09-25 04:00:00+00:00,10000.0,9778.456413103831
2023-09-25 04:00:00+00:00,10000.0,9778.456413103831
2023-09-25 04:00:00+00:00,10000.0,9778.456413103831
2023-09-25 04:00:00+00:00,10000.0,9778.456413103831
2023-09-25 04:00:00+00:00,10000.0,9778.456413103831
2023-09-25 04:00:00+00:00,10000.0,9778.456413103831
2023-09-25 04:00:00+00:00,10000.0,9778.456413103831
2023-09-25 04:00:00+00:00,10000.0,9778.456413103831
2023-09-26 04:00:00+00:00,10000.0,9550.527484730705
2023-09-26 04:00:00+00:00,10000.0,9550.527484730705
2023-09-26 04:00:00+00:00,10000.0,9550.527484730705
2023-09-26 04:00:00+00:00,10000.0,9550.527484730705
2023-09-26 04:00:00+00:00,10000.0,9550.527484730705
2023-09-26 04:00:00+00:00,10000.0,9550.527484730705
2023-09-26 04:00:00+00:00,10000.0,9550.527484730705
2023-09-26 04:00:00+00:00,10000.0,9550.527484730705
2023-09-26 04:00:00+00:00,10000.0,9550.527484730705
2023-09-26 04:00:00+00:00,10000.0,9550.527484730705
2023-09-26 04:00:00+00:00,10000.0,9550.527484730705
2023-09-26 04:00:00+00:00,10000.0,9550.527484730705
2023-09-26 04:00:00+00:00,10000.0,9550.527484730705
2023-09-26 04:00:00+00:00,10000.0,9550.527484730705
2023-09-26 04:00:00+00:00,10000.0,9550.527484730705
2023-09-26 04:00:00+00:00,10000.0,9550.527484730705
2023-09-26 04:00:00+00:00,10000.0,9550.527484730705
2023-09-26 04:00:00+00:00,10000.0,9550.527484730705
2023-09-26 04:00:00+00:00,10000.0,9550.527484730705
2023-09-26 04:00:00+00:00,10000.0,9550.527484730705
2023-09-26 04:00:00+00:00,10000.0,9550.527484730705
2023-09-26 04:00:00+00:00,10000.0,9550.527484730705
2023-09-26 04:00:00+00:00,10000.0,9550.527484730705
2023-09-27 04:00:00+00:00,10000.0,9461.965574680733
2023-09-27 04:00:00+00:00,10000.0,9461.965574680733
2023-09-27 04:00:00+00:00,10000.0,9461.965574680733
2023-09-27 04:00:00+00:00,10000.0,9461.965574680733
2023-09-27 04:00:00+00:00,10000.0,9461.965574680733
2023-09-27 04:00:00+00:00,10000.0,9461.965574680733
2023-09-27 04:00:00+00:00,10000.0,9461.965574680733
2023-09-27 04:00:00+00:00,10000.0,9461.965574680733
2023-09-27 04:00:00+00:00,10000.0,9461.965574680733
2023-09-27 04:00:00+00:00,10000.0,9461.965574680733
2023-09-27 04:00:00+00:00,10000.0,9461.965574680733
2023-09-27 04:00:00+00:00,10000.0,9461.965574680733
2023-09-27 04:00:00+00:00,10000.0,9461.965574680733
2023-09-27 04:00:00+00:00,10000.0,9461.965574680733
2023-09-27 04:00:00+00:00,10000.0,9461.965574680733
2023-09-27 04:00:00+00:00,10000.0,9461.965574680733
2023-09-27 04:00:00+00:00,10000.0,9461.965574680733
2023-09-27 04:00:00+00:00,10000.0,9461.965574680733
2023-09-27 04:00:00+00:00,10000.0,9461.965574680733
2023-09-27 04:00:00+00:00,10000.0,9461.965574680733
2023-09-27 04:00:00+00:00,10000.0,9461.965574680733
2023-09-27 04:00:00+00:00,10000.0,9461.965574680733
2023-09-27 04:00:00+00:00,10000.0,9461.965574680733
2023-09-28 04:00:00+00:00,10000.0,9480.288728484176
2023-09-28 04:00:00+00:00,10000.0,9480.288728484176
2023-09-28 04:00:00+00:00,10000.0,9480.288728484176
2023-09-28 04:00:00+00:00,10000.0,9480.288728484176
2023-09-28 04:00:00+00:00,10000.0,9480.288728484176
2023-09-28 04:00:00+00:00,10000.0,9480.288728484176
2023-09-28 04:00:00+00:00,10000.0,9480.288728484176
2023-09-28 04:00:00+00:00,10000.0,9480.288728484176
2023-09-28 04:00:00+00:00,10000.0,9480.288728484176
2023-09-28 04:00:00+00:00,10000.0,9480.288728484176
2023-09-28 04:00:00+00:00,10000.0,9480.288728484176
2023-09-28 04:00:00+00:00,10000.0,9480.288728484176
2023-09-28 04:00:00+00:00,10000.0,9480.288728484176
2023-09-28 04:00:00+00:00,10000.0,9480.288728484176
2023-09-28 04:00:00+00:00,10000.0,9480.288728484176
2023-09-28 04:00:00+00:00,10000.0,9480.288728484176
2023-09-28 04:00:00+00:00,10000.0,9480.288728484176
2023-09-28 04:00:00+00:00,10000.0,9480.288728484176
2023-09-28 04:00:00+00:00,10000.0,9480.288728484176
2023-09-28 04:00:00+00:00,10000.0,9480.288728484176
2023-09-28 04:00:00+00:00,10000.0,9480.288728484176
2023-09-28 04:00:00+00:00,10000.0,9480.288728484176
2023-09-28 04:00:00+00:00,10000.0,9480.288728484176
2023-09-29 04:00:00+00:00,10000.0,9510.82731815658
2023-09-29 04:00:00+00:00,10000.0,9510.82731815658
2023-09-29 04:00:00+00:00,10000.0,9510.82731815658
2023-09-29 04:00:00+00:00,10000.0,9510.82731815658
2023-09-29 04:00:00+00:00,10000.0,9510.82731815658
2023-09-29 04:00:00+00:00,10000.0,9510.82731815658
2023-09-29 04:00:00+00:00,10000.0,9510.82731815658
2023-09-29 04:00:00+00:00,10000.0,9510.82731815658
2023-09-29 04:00:00+00:00,10000.0,9510.82731815658
2023-09-29 04:00:00+00:00,10000.0,9510.82731815658
2023-09-29 04:00:00+00:00,10000.0,9510.82731815658
2023-09-29 04:00:00+00:00,10000.0,9510.82731815658
2023-09-29 04:00:00+00:00,10000.0,9510.82731815658
2023-09-29 04:00:00+00:00,10000.0,9510.82731815658
2023-09-29 04:00:00+00:00,10000.0,9510.82731815658
2023-09-29 04:00:00+00:00,10000.0,9510.82731815658
2023-09-29 04:00:00+00:00,10000.0,9510.82731815658
2023-09-29 04:00:00+00:00,10000.0,9510.82731815658
2023-09-29 04:00:00+00:00,10000.0,9510.82731815658
2023-09-29 04:00:00+00:00,10000.0,9510.82731815658
2023-09-29 04:00:00+00:00,10000.0,9510.82731815658
2023-09-29 04:00:00+00:00,10000.0,9510.82731815658
2023-09-29 04:00:00+00:00,10000.0,9510.82731815658
2023-10-02 04:00:00+00:00,10000.0,9646.307606885064
2023-10-02 04:00:00+00:00,10000.0,9646.307606885064
2023-10-02 04:00:00+00:00,10000.0,9646.307606885064
2023-10-02 04:00:00+00:00,10000.0,9646.307606885064
2023-10-02 04:00:00+00:00,10000.0,9646.307606885064
2023-10-02 04:00:00+00:00,10000.0,9646.307606885064
2023-10-02 04:00:00+00:00,10000.0,9646.307606885064
2023-10-02 04:00:00+00:00,10000.0,9646.307606885064
2023-10-02 04:00:00+00:00,10000.0,9646.307606885064
2023-10-02 04:00:00+00:00,10000.0,9646.307606885064
2023-10-02 04:00:00+00:00,10000.0,9646.307606885064
2023-10-02 04:00:00+00:00,10000.0,9646.307606885064
2023-10-02 04:00:00+00:00,10000.0,9646.307606885064
2023-10-02 04:00:00+00:00,10000.0,9646.307606885064
2023-10-02 04:00:00+00:00,10000.0,9646.307606885064
2023-10-02 04:00:00+00:00,10000.0,9646.307606885064
2023-10-02 04:00:00+00:00,10000.0,9646.307606885064
2023-10-02 04:00:00+00:00,10000.0,9646.307606885064
2023-10-02 04:00:00+00:00,10000.0,9646.307606885064
2023-10-02 04:00:00+00:00,10000.0,9646.307606885064
2023-10-02 04:00:00+00:00,10000.0,9646.307606885064
2023-10-02 04:00:00+00:00,10000.0,9646.307606885064
2023-10-02 04:00:00+00:00,10000.0,9646.307606885064
2023-10-03 04:00:00+00:00,10000.0,9578.567462520821
2023-10-03 04:00:00+00:00,10000.0,9578.567462520821
2023-10-03 04:00:00+00:00,10000.0,9578.567462520821
2023-10-03 04:00:00+00:00,10000.0,9578.567462520821
2023-10-03 04:00:00+00:00,10000.0,9578.567462520821
2023-10-03 04:00:00+00:00,10000.0,9578.567462520821
2023-10-03 04:00:00+00:00,10000.0,9578.567462520821
2023-10-03 04:00:00+00:00,10000.0,9578.567462520821
2023-10-03 04:00:00+00:00,10000.0,9578.567462520821
2023-10-03 04:00:00+00:00,10000.0,9578.567462520821
2023-10-03 04:00:00+00:00,10000.0,9578.567462520821
2023-10-03 04:00:00+00:00,10000.0,9578.567462520821
2023-10-03 04:00:00+00:00,10000.0,9578.567462520821
2023-10-03 04:00:00+00:00,10000.0,9578.567462520821
2023-10-03 04:00:00+00:00,10000.0,9578.567462520821
2023-10-03 04:00:00+00:00,10000.0,9578.567462520821
2023-10-03 04:00:00+00:00,10000.0,9578.567462520821
2023-10-03 04:00:00+00:00,10000.0,9578.567462520821
2023-10-03 04:00:00+00:00,10000.0,9578.567462520821
2023-10-03 04:00:00+00:00,10000.0,9578.567462520821
2023-10-03 04:00:00+00:00,10000.0,9578.567462520821
2023-10-03 04:00:00+00:00,10000.0,9578.567462520821
2023-10-03 04:00:00+00:00,10000.0,9578.567462520821
2023-10-04 04:00:00+00:00,10000.0,9638.534147695726
2023-10-04 04:00:00+00:00,10000.0,9638.534147695726
2023-10-04 04:00:00+00:00,10000.0,9638.534147695726
2023-10-04 04:00:00+00:00,10000.0,9638.534147695726
2023-10-04 04:00:00+00:00,10000.0,9638.534147695726
2023-10-04 04:00:00+00:00,10000.0,9638.534147695726
2023-10-04 04:00:00+00:00,10000.0,9638.534147695726
2023-10-04 04:00:00+00:00,10000.0,9638.534147695726
2023-10-04 04:00:00+00:00,10000.0,9638.534147695726
2023-10-04 04:00:00+00:00,10000.0,9638.534147695726
2023-10-04 04:00:00+00:00,10000.0,9638.534147695726
2023-10-04 04:00:00+00:00,10000.0,9638.534147695726
2023-10-04 04:00:00+00:00,10000.0,9638.534147695726
2023-10-04 04:00:00+00:00,10000.0,9638.534147695726
2023-10-04 04:00:00+00:00,10000.0,9638.534147695726
2023-10-04 04:00:00+00:00,10000.0,9638.534147695726
2023-10-04 04:00:00+00:00,10000.0,9638.534147695726
2023-10-04 04:00:00+00:00,10000.0,9638.534147695726
2023-10-04 04:00:00+00:00,10000.0,9638.534147695726
2023-10-04 04:00:00+00:00,10000.0,9638.534147695726
2023-10-04 04:00:00+00:00,10000.0,9638.534147695726
2023-10-04 04:00:00+00:00,10000.0,9638.534147695726
2023-10-04 04:00:00+00:00,10000.0,9638.534147695726
2023-10-05 04:00:00+00:00,10000.0,9715.713492504165
2023-10-05 04:00:00+00:00,10000.0,9715.713492504165
2023-10-05 04:00:00+00:00,10000.0,9715.713492504165
2023-10-05 04:00:00+00:00,10000.0,9715.713492504165
2023-10-05 04:00:00+00:00,10000.0,9715.713492504165
2023-10-05 04:00:00+00:00,10000.0,9715.713492504165
2023-10-05 04:00:00+00:00,10000.0,9715.713492504165
2023-10-05 04:00:00+00:00,10000.0,9715.713492504165
2023-10-05 04:00:00+00:00,10000.0,9715.713492504165
2023-10-05 04:00:00+00:00,10000.0,9715.713492504165
2023-10-05 04:00:00+00:00,10000.0,9715.713492504165
2023-10-05 04:00:00+00:00,10000.0,9715.713492504165
2023-10-05 04:00:00+00:00,10000.0,9715.713492504165
2023-10-05 04:00:00+00:00,10000.0,9715.713492504165
2023-10-05 04:00:00+00:00,10000.0,9715.713492504165
2023-10-05 04:00:00+00:00,10000.0,9715.713492504165
2023-10-05 04:00:00+00:00,10000.0,9715.713492504165
2023-10-05 04:00:00+00:00,10000.0,9715.713492504165
2023-10-05 04:00:00+00:00,10000.0,9715.713492504165
2023-10-05 04:00:00+00:00,10000.0,9715.713492504165
2023-10-05 04:00:00+00:00,10000.0,9715.713492504165
2023-10-05 04:00:00+00:00,10000.0,9715.713492504165
2023-10-05 04:00:00+00:00,10000.0,9715.713492504165
2023-10-06 04:00:00+00:00,10000.0,9855.080510827318
2023-10-06 04:00:00+00:00,10000.0,9855.080510827318
2023-10-06 04:00:00+00:00,10000.0,9855.080510827318
2023-10-06 04:00:00+00:00,10000.0,9855.080510827318
2023-10-06 04:00:00+00:00,10000.0,9855.080510827318
2023-10-06 04:00:00+00:00,10000.0,9855.080510827318
2023-10-06 04:00:00+00:00,10000.0,9855.080510827318
2023-10-06 04:00:00+00:00,10000.0,9855.080510827318
2023-10-06 04:00:00+00:00,10000.0,9855.080510827318
2023-10-06 04:00:00+00:00,10000.0,9855.080510827318
2023-10-06 04:00:00+00:00,10000.0,9855.080510827318
2023-10-06 04:00:00+00:00,10000.0,9855.080510827318
2023-10-06 04:00:00+00:00,10000.0,9855.080510827318
2023-10-06 04:00:00+00:00,10000.0,9855.080510827318
2023-10-06 04:00:00+00:00,10000.0,9855.080510827318
2023-10-06 04:00:00+00:00,10000.0,9855.080510827318
2023-10-06 04:00:00+00:00,10000.0,9855.080510827318
2023-10-06 04:00:00+00:00,10000.0,9855.080510827318
2023-10-06 04:00:00+00:00,10000.0,9855.080510827318
2023-10-06 04:00:00+00:00,10000.0,9855.080510827318
2023-10-06 04:00:00+00:00,10000.0,9855.080510827318
2023-10-06 04:00:00+00:00,10000.0,9855.080510827318
2023-10-06 04:00:00+00:00,10000.0,9855.080510827318
2023-10-09 04:00:00+00:00,10000.0,9939.478067740143
2023-10-09 04:00:00+00:00,10000.0,9939.478067740143
2023-10-09 04:00:00+00:00,10000.0,9939.478067740143
2023-10-09 04:00:00+00:00,10000.0,9939.478067740143
2023-10-09 04:00:00+00:00,10000.0,9939.478067740143
2023-10-09 04:00:00+00:00,10000.0,9939.478067740143
2023-10-09 04:00:00+00:00,10000.0,9939.478067740143
2023-10-09 04:00:00+00:00,10000.0,9939.478067740143
2023-10-09 04:00:00+00:00,10000.0,9939.478067740143
2023-10-09 04:00:00+00:00,10000.0,9939.478067740143
2023-10-09 04:00:00+00:00,10000.0,9939.478067740143
2023-10-09 04:00:00+00:00,10000.0,9939.478067740143
2023-10-09 04:00:00+00:00,10000.0,9939.478067740143
2023-10-09 04:00:00+00:00,10000.0,9939.478067740143
2023-10-09 04:00:00+00:00,10000.0,9939.478067740143
2023-10-09 04:00:00+00:00,10000.0,9939.478067740143
2023-10-09 04:00:00+00:00,10000.0,9939.478067740143
2023-10-09 04:00:00+00:00,10000.0,9939.478067740143
2023-10-09 04:00:00+00:00,10000.0,9939.478067740143
2023-10-09 04:00:00+00:00,10000.0,9939.478067740143
2023-10-09 04:00:00+00:00,10000.0,9939.478067740143
2023-10-09 04:00:00+00:00,10000.0,9939.478067740143
2023-10-09 04:00:00+00:00,10000.0,9939.478067740143
2023-10-10 04:00:00+00:00,10000.0,9906.163242642975
2023-10-10 04:00:00+00:00,10000.0,9906.163242642975
2023-10-10 04:00:00+00:00,10000.0,9906.163242642975
2023-10-10 04:00:00+00:00,10000.0,9906.163242642975
2023-10-10 04:00:00+00:00,10000.0,9906.163242642975
2023-10-10 04:00:00+00:00,10000.0,9906.163242642975
2023-10-10 04:00:00+00:00,10000.0,9906.163242642975
2023-10-10 04:00:00+00:00,10000.0,9906.163242642975
2023-10-10 04:00:00+00:00,10000.0,9906.163242642975
2023-10-10 04:00:00+00:00,10000.0,9906.163242642975
2023-10-10 04:00:00+00:00,10000.0,9906.163242642975
2023-10-10 04:00:00+00:00,10000.0,9906.163242642975
2023-10-10 04:00:00+00:00,10000.0,9906.163242642975
2023-10-10 04:00:00+00:00,10000.0,9906.163242642975
2023-10-10 04:00:00+00:00,10000.0,9906.163242642975
2023-10-10 04:00:00+00:00,10000.0,9906.163242642975
2023-10-10 04:00:00+00:00,10000.0,9906.163242642975
2023-10-10 04:00:00+00:00,10000.0,9906.163242642975
2023-10-10 04:00:00+00:00,10000.0,9906.163242642975
2023-10-10 04:00:00+00:00,10000.0,9906.163242642975
2023-10-10 04:00:00+00:00,10000.0,9906.163242642975
2023-10-10 04:00:00+00:00,10000.0,9906.163242642975
2023-10-10 04:00:00+00:00,10000.0,9906.163242642975
2023-10-11 04:00:00+00:00,10000.0,9981.676846196558
2023-10-11 04:00:00+00:00,10000.0,9981.676846196558
2023-10-11 04:00:00+00:00,10000.0,9981.676846196558
2023-10-11 04:00:00+00:00,10000.0,9981.676846196558
2023-10-11 04:00:00+00:00,10000.0,9981.676846196558
2023-10-11 04:00:00+00:00,10000.0,9981.676846196558
2023-10-11 04:00:00+00:00,10000.0,9981.676846196558
2023-10-11 04:00:00+00:00,10000.0,9981.676846196558
2023-10-11 04:00:00+00:00,10000.0,9981.676846196558
2023-10-11 04:00:00+00:00,10000.0,9981.676846196558
2023-10-11 04:00:00+00:00,10000.0,9981.676846196558
2023-10-11 04:00:00+00:00,10000.0,9981.676846196558
2023-10-11 04:00:00+00:00,10000.0,9981.676846196558
2023-10-11 04:00:00+00:00,10000.0,9981.676846196558
2023-10-11 04:00:00+00:00,10000.0,9981.676846196558
2023-10-11 04:00:00+00:00,10000.0,9981.676846196558
2023-10-11 04:00:00+00:00,10000.0,9981.676846196558
2023-10-11 04:00:00+00:00,10000.0,9981.676846196558
2023-10-11 04:00:00+00:00,10000.0,9981.676846196558
2023-10-11 04:00:00+00:00,10000.0,9981.676846196558
2023-10-11 04:00:00+00:00,10000.0,9981.676846196558
2023-10-11 04:00:00+00:00,10000.0,9981.676846196558
2023-10-11 04:00:00+00:00,10000.0,9981.676846196558
2023-10-12 04:00:00+00:00,10000.0,10032.759578012216
2023-10-12 04:00:00+00:00,10000.0,10032.759578012216
2023-10-12 04:00:00+00:00,10000.0,10032.759578012216
2023-10-12 04:00:00+00:00,10000.0,10032.759578012216
2023-10-12 04:00:00+00:00,10000.0,10032.759578012216
2023-10-12 04:00:00+00:00,10000.0,10032.759578012216
2023-10-12 04:00:00+00:00,10000.0,10032.759578012216
2023-10-12 04:00:00+00:00,10000.0,10032.759578012216
2023-10-12 04:00:00+00:00,10000.0,10032.759578012216
2023-10-12 04:00:00+00:00,10000.0,10032.759578012216
2023-10-12 04:00:00+00:00,10000.0,10032.759578012216
2023-10-12 04:00:00+00:00,10000.0,10032.759578012216
2023-10-12 04:00:00+00:00,10000.0,10032.759578012216
2023-10-12 04:00:00+00:00,10000.0,10032.759578012216
2023-10-12 04:00:00+00:00,10000.0,10032.759578012216
2023-10-12 04:00:00+00:00,10000.0,10032.759578012216
2023-10-12 04:00:00+00:00,10000.0,10032.759578012216
2023-10-12 04:00:00+00:00,10000.0,10032.759578012216
2023-10-12 04:00:00+00:00,10000.0,10032.759578012216
2023-10-12 04:00:00+00:00,10000.0,10032.759578012216
2023-10-12 04:00:00+00:00,10000.0,10032.759578012216
2023-10-12 04:00:00+00:00,10000.0,10032.759578012216
2023-10-12 04:00:00+00:00,10000.0,10032.759578012216
2023-10-13 04:00:00+00:00,10000.0,9932.81510272071
2023-10-13 04:00:00+00:00,10000.0,9932.81510272071
2023-10-13 04:00:00+00:00,10000.0,9932.81510272071
2023-10-13 04:00:00+00:00,10000.0,9932.81510272071
2023-10-13 04:00:00+00:00,10000.0,9932.81510272071
2023-10-13 04:00:00+00:00,10000.0,9932.81510272071
2023-10-13 04:00:00+00:00,10000.0,9932.81510272071
2023-10-13 04:00:00+00:00,10000.0,9932.81510272071
2023-10-13 04:00:00+00:00,10000.0,9932.81510272071
2023-10-13 04:00:00+00:00,10000.0,9932.81510272071
2023-10-13 04:00:00+00:00,10000.0,9932.81510272071
2023-10-13 04:00:00+00:00,10000.0,9932.81510272071
2023-10-13 04:00:00+00:00,10000.0,9932.81510272071
2023-10-13 04:00:00+00:00,10000.0,9932.81510272071
2023-10-13 04:00:00+00:00,10000.0,9932.81510272071
2023-10-13 04:00:00+00:00,10000.0,9932.81510272071
2023-10-13 04:00:00+00:00,10000.0,9932.81510272071
2023-10-13 04:00:00+00:00,10000.0,9932.81510272071
2023-10-13 04:00:00+00:00,10000.0,9932.81510272071
2023-10-13 04:00:00+00:00,10000.0,9932.81510272071
2023-10-13 04:00:00+00:00,10000.0,9932.81510272071
2023-10-13 04:00:00+00:00,10000.0,9932.81510272071
2023-10-13 04:00:00+00:00,10000.0,9932.81510272071
2023-10-16 04:00:00+00:00,10000.0,9921.154913936703
2023-10-16 04:00:00+00:00,10000.0,9921.154913936703
2023-10-16 04:00:00+00:00,10000.0,9921.154913936703
2023-10-16 04:00:00+00:00,10000.0,9921.154913936703
2023-10-16 04:00:00+00:00,10000.0,9921.154913936703
2023-10-16 04:00:00+00:00,10000.0,9921.154913936703
2023-10-16 04:00:00+00:00,10000.0,9921.154913936703
2023-10-16 04:00:00+00:00,10000.0,9921.154913936703
2023-10-16 04:00:00+00:00,10000.0,9921.154913936703
2023-10-16 04:00:00+00:00,10000.0,9921.154913936703
2023-10-16 04:00:00+00:00,10000.0,9921.154913936703
2023-10-16 04:00:00+00:00,10000.0,9921.154913936703
2023-10-16 04:00:00+00:00,10000.0,9921.154913936703
2023-10-16 04:00:00+00:00,10000.0,9921.154913936703
2023-10-16 04:00:00+00:00,10000.0,9921.154913936703
2023-10-16 04:00:00+00:00,10000.0,9921.154913936703
2023-10-16 04:00:00+00:00,10000.0,9921.154913936703
2023-10-16 04:00:00+00:00,10000.0,9921.154913936703
2023-10-16 04:00:00+00:00,10000.0,9921.154913936703
2023-10-16 04:00:00+00:00,10000.0,9921.154913936703
2023-10-16 04:00:00+00:00,10000.0,9921.154913936703
2023-10-16 04:00:00+00:00,10000.0,9921.154913936703
2023-10-16 04:00:00+00:00,10000.0,9921.154913936703
2023-10-17 04:00:00+00:00,10000.0,9835.64686285397
2023-10-17 04:00:00+00:00,10000.0,9835.64686285397
2023-10-17 04:00:00+00:00,10000.0,9835.64686285397
2023-10-17 04:00:00+00:00,10000.0,9835.64686285397
2023-10-17 04:00:00+00:00,10000.0,9835.64686285397
2023-10-17 04:00:00+00:00,10000.0,9835.64686285397
2023-10-17 04:00:00+00:00,10000.0,9835.64686285397
2023-10-17 04:00:00+00:00,10000.0,9835.64686285397
2023-10-17 04:00:00+00:00,10000.0,9835.64686285397
2023-10-17 04:00:00+00:00,10000.0,9835.64686285397
2023-10-17 04:00:00+00:00,10000.0,9835.64686285397
2023-10-17 04:00:00+00:00,10000.0,9835.64686285397
2023-10-17 04:00:00+00:00,10000.0,9835.64686285397
2023-10-17 04:00:00+00:00,10000.0,9835.64686285397
2023-10-17 04:00:00+00:00,10000.0,9835.64686285397
2023-10-17 04:00:00+00:00,10000.0,9835.64686285397
2023-10-17 04:00:00+00:00,10000.0,9835.64686285397
2023-10-17 04:00:00+00:00,10000.0,9835.64686285397
2023-10-17 04:00:00+00:00,10000.0,9835.64686285397
2023-10-17 04:00:00+00:00,10000.0,9835.64686285397
2023-10-17 04:00:00+00:00,10000.0,9835.64686285397
2023-10-17 04:00:00+00:00,10000.0,9835.64686285397
2023-10-17 04:00:00+00:00,10000.0,9835.64686285397
2023-10-18 04:00:00+00:00,10000.0,9761.243753470295
2023-10-18 04:00:00+00:00,10000.0,9761.243753470295
2023-10-18 04:00:00+00:00,10000.0,9761.243753470295
2023-10-18 04:00:00+00:00,10000.0,9761.243753470295
2023-10-18 04:00:00+00:00,10000.0,9761.243753470295
2023-10-18 04:00:00+00:00,10000.0,9761.243753470295
2023-10-18 04:00:00+00:00,10000.0,9761.243753470295
2023-10-18 04:00:00+00:00,10000.0,9761.243753470295
2023-10-18 04:00:00+00:00,10000.0,9761.243753470295
2023-10-18 04:00:00+00:00,10000.0,9761.243753470295
2023-10-18 04:00:00+00:00,10000.0,9761.243753470295
2023-10-18 04:00:00+00:00,10000.0,9761.243753470295
2023-10-18 04:00:00+00:00,10000.0,9761.243753470295
2023-10-18 04:00:00+00:00,10000.0,9761.243753470295
2023-10-18 04:00:00+00:00,10000.0,9761.243753470295
2023-10-18 04:00:00+00:00,10000.0,9761.243753470295
2023-10-18 04:00:00+00:00,10000.0,9761.243753470295
2023-10-18 04:00:00+00:00,10000.0,9761.243753470295
2023-10-18 04:00:00+00:00,10000.0,9761.243753470295
2023-10-18 04:00:00+00:00,10000.0,9761.243753470295
2023-10-18 04:00:00+00:00,10000.0,9761.243753470295
2023-10-18 04:00:00+00:00,10000.0,9761.243753470295
2023-10-18 04:00:00+00:00,10000.0,9761.243753470295
2023-10-19 04:00:00+00:00,10000.0,9742.920599666852
2023-10-19 04:00:00+00:00,10000.0,9742.920599666852
2023-10-19 04:00:00+00:00,10000.0,9742.920599666852
2023-10-19 04:00:00+00:00,10000.0,9742.920599666852
2023-10-19 04:00:00+00:00,10000.0,9742.920599666852
2023-10-19 04:00:00+00:00,10000.0,9742.920599666852
2023-10-19 04:00:00+00:00,10000.0,9742.920599666852
2023-10-19 04:00:00+00:00,10000.0,9742.920599666852
2023-10-19 04:00:00+00:00,10000.0,9742.920599666852
2023-10-19 04:00:00+00:00,10000.0,9742.920599666852
2023-10-19 04:00:00+00:00,10000.0,9742.920599666852
2023-10-19 04:00:00+00:00,10000.0,9742.920599666852
2023-10-19 04:00:00+00:00,10000.0,9742.920599666852
2023-10-19 04:00:00+00:00,10000.0,9742.920599666852
2023-10-19 04:00:00+00:00,10000.0,9742.920599666852
2023-10-19 04:00:00+00:00,10000.0,9742.920599666852
2023-10-19 04:00:00+00:00,10000.0,9742.920599666852
2023-10-19 04:00:00+00:00,10000.0,9742.920599666852
2023-10-19 04:00:00+00:00,10000.0,9742.920599666852
2023-10-19 04:00:00+00:00,10000.0,9742.920599666852
2023-10-19 04:00:00+00:00,10000.0,9742.920599666852
2023-10-19 04:00:00+00:00,10000.0,9742.920599666852
2023-10-19 04:00:00+00:00,10000.0,9742.920599666852
2023-10-20 04:00:00+00:00,10000.0,9598.556357579124
2023-10-20 04:00:00+00:00,10000.0,9598.556357579124
2023-10-20 04:00:00+00:00,10000.0,9598.556357579124
2023-10-20 04:00:00+00:00,10000.0,9598.556357579124
2023-10-20 04:00:00+00:00,10000.0,9598.556357579124
2023-10-20 04:00:00+00:00,10000.0,9598.556357579124
2023-10-20 04:00:00+00:00,10000.0,9598.556357579124
2023-10-20 04:00:00+00:00,10000.0,9598.556357579124
2023-10-20 04:00:00+00:00,10000.0,9598.556357579124
2023-10-20 04:00:00+00:00,10000.0,9598.556357579124
2023-10-20 04:00:00+00:00,10000.0,9598.556357579124
2023-10-20 04:00:00+00:00,10000.0,9598.556357579124
2023-10-20 04:00:00+00:00,10000.0,9598.556357579124
2023-10-20 04:00:00+00:00,10000.0,9598.556357579124
2023-10-20 04:00:00+00:00,10000.0,9598.556357579124
2023-10-20 04:00:00+00:00,10000.0,9598.556357579124
2023-10-20 04:00:00+00:00,10000.0,9598.556357579124
2023-10-20 04:00:00+00:00,10000.0,9598.556357579124
2023-10-20 04:00:00+00:00,10000.0,9598.556357579124
2023-10-20 04:00:00+00:00,10000.0,9598.556357579124
2023-10-20 04:00:00+00:00,10000.0,9598.556357579124
2023-10-20 04:00:00+00:00,10000.0,9598.556357579124
2023-10-20 04:00:00+00:00,10000.0,9598.556357579124
2023-10-23 04:00:00+00:00,10000.0,9604.10882842865
2023-10-23 04:00:00+00:00,10000.0,9604.10882842865
2023-10-23 04:00:00+00:00,10000.0,9604.10882842865
2023-10-23 04:00:00+00:00,10000.0,9604.10882842865
2023-10-23 04:00:00+00:00,10000.0,9604.10882842865
2023-10-23 04:00:00+00:00,10000.0,9604.10882842865
2023-10-23 04:00:00+00:00,10000.0,9604.10882842865
2023-10-23 04:00:00+00:00,10000.0,9604.10882842865
2023-10-23 04:00:00+00:00,10000.0,9604.10882842865
2023-10-23 04:00:00+00:00,10000.0,9604.10882842865
2023-10-23 04:00:00+00:00,10000.0,9604.10882842865
2023-10-23 04:00:00+00:00,10000.0,9604.10882842865
2023-10-23 04:00:00+00:00,10000.0,9604.10882842865
2023-10-23 04:00:00+00:00,10000.0,9604.10882842865
2023-10-23 04:00:00+00:00,10000.0,9604.10882842865
2023-10-23 04:00:00+00:00,10000.0,9604.10882842865
2023-10-23 04:00:00+00:00,10000.0,9604.10882842865
2023-10-23 04:00:00+00:00,10000.0,9604.10882842865
2023-10-23 04:00:00+00:00,10000.0,9604.10882842865
2023-10-23 04:00:00+00:00,10000.0,9604.10882842865
2023-10-23 04:00:00+00:00,10000.0,9604.10882842865
2023-10-23 04:00:00+00:00,10000.0,9604.10882842865
2023-10-23 04:00:00+00:00,10000.0,9604.10882842865
2023-10-24 04:00:00+00:00,10000.0,9627.429205996668
2023-10-24 04:00:00+00:00,10000.0,9627.429205996668
2023-10-24 04:00:00+00:00,10000.0,9627.429205996668
2023-10-24 04:00:00+00:00,10000.0,9627.429205996668
2023-10-24 04:00:00+00:00,10000.0,9627.429205996668
2023-10-24 04:00:00+00:00,10000.0,9627.429205996668
2023-10-24 04:00:00+00:00,10000.0,9627.429205996668
2023-10-24 04:00:00+00:00,10000.0,9627.429205996668
2023-10-24 04:00:00+00:00,10000.0,9627.429205996668
2023-10-24 04:00:00+00:00,10000.0,9627.429205996668
2023-10-24 04:00:00+00:00,10000.0,9627.429205996668
2023-10-24 04:00:00+00:00,10000.0,9627.429205996668
2023-10-24 04:00:00+00:00,10000.0,9627.429205996668
2023-10-24 04:00:00+00:00,10000.0,9627.429205996668
2023-10-24 04:00:00+00:00,10000.0,9627.429205996668
2023-10-24 04:00:00+00:00,10000.0,9627.429205996668
2023-10-24 04:00:00+00:00,10000.0,9627.429205996668
2023-10-24 04:00:00+00:00,10000.0,9627.429205996668
2023-10-24 04:00:00+00:00,10000.0,9627.429205996668
2023-10-24 04:00:00+00:00,10000.0,9627.429205996668
2023-10-24 04:00:00+00:00,10000.0,9627.429205996668
2023-10-24 04:00:00+00:00,10000.0,9627.429205996668
2023-10-24 04:00:00+00:00,10000.0,9627.429205996668
2023-10-25 04:00:00+00:00,10000.0,9500.277623542477
2023-10-25 04:00:00+00:00,10000.0,9500.277623542477
2023-10-25 04:00:00+00:00,10000.0,9500.277623542477
2023-10-25 04:00:00+00:00,10000.0,9500.277623542477
2023-10-25 04:00:00+00:00,10000.0,9500.277623542477
2023-10-25 04:00:00+00:00,10000.0,9500.277623542477
2023-10-25 04:00:00+00:00,10000.0,9500.277623542477
2023-10-25 04:00:00+00:00,10000.0,9500.277623542477
2023-10-25 04:00:00+00:00,10000.0,9500.277623542477
2023-10-25 04:00:00+00:00,10000.0,9500.277623542477
2023-10-25 04:00:00+00:00,10000.0,9500.277623542477
2023-10-25 04:00:00+00:00,10000.0,9500.277623542477
2023-10-25 04:00:00+00:00,10000.0,9500.277623542477
2023-10-25 04:00:00+00:00,10000.0,9500.277623542477
2023-10-25 04:00:00+00:00,10000.0,9500.277623542477
2023-10-25 04:00:00+00:00,10000.0,9500.277623542477
2023-10-25 04:00:00+00:00,10000.0,9500.277623542477
2023-10-25 04:00:00+00:00,10000.0,9500.277623542477
2023-10-25 04:00:00+00:00,10000.0,9500.277623542477
2023-10-25 04:00:00+00:00,10000.0,9500.277623542477
2023-10-25 04:00:00+00:00,10000.0,9500.277623542477
2023-10-25 04:00:00+00:00,10000.0,9500.277623542477
2023-10-25 04:00:00+00:00,10000.0,9500.277623542477
2023-10-26 04:00:00+00:00,10000.0,9259.855635757913
2023-10-26 04:00:00+00:00,10000.0,9259.855635757913
2023-10-26 04:00:00+00:00,10000.0,9259.855635757913
2023-10-26 04:00:00+00:00,10000.0,9259.855635757913
2023-10-26 04:00:00+00:00,10000.0,9259.855635757913
2023-10-26 04:00:00+00:00,10000.0,9259.855635757913
2023-10-26 04:00:00+00:00,10000.0,9259.855635757913
2023-10-26 04:00:00+00:00,10000.0,9259.855635757913
2023-10-26 04:00:00+00:00,10000.0,9259.855635757913
2023-10-26 04:00:00+00:00,10000.0,9259.855635757913
2023-10-26 04:00:00+00:00,10000.0,9259.855635757913
2023-10-26 04:00:00+00:00,10000.0,9259.855635757913
2023-10-26 04:00:00+00:00,10000.0,9259.855635757913
2023-10-26 04:00:00+00:00,10000.0,9259.855635757913
2023-10-26 04:00:00+00:00,10000.0,9259.855635757913
2023-10-26 04:00:00+00:00,10000.0,9259.855635757913
2023-10-26 04:00:00+00:00,10000.0,9259.855635757913
2023-10-26 04:00:00+00:00,10000.0,9259.855635757913
2023-10-26 04:00:00+00:00,10000.0,9259.855635757913
2023-10-26 04:00:00+00:00,10000.0,9259.855635757913
2023-10-26 04:00:00+00:00,10000.0,9259.855635757913
2023-10-26 04:00:00+00:00,10000.0,9259.855635757913
2023-10-26 04:00:00+00:00,10000.0,9259.855635757913
2023-10-27 04:00:00+00:00,10000.0,9344.253192670738
2023-10-27 04:00:00+00:00,10000.0,9344.253192670738
2023-10-27 04:00:00+00:00,10000.0,9344.253192670738
2023-10-27 04:00:00+00:00,10000.0,9344.253192670738
2023-10-27 04:00:00+00:00,10000.0,9344.253192670738
2023-10-27 04:00:00+00:00,10000.0,9344.253192670738
2023-10-27 04:00:00+00:00,10000.0,9344.253192670738
2023-10-27 04:00:00+00:00,10000.0,9344.253192670738
2023-10-27 04:00:00+00:00,10000.0,9344.253192670738
2023-10-27 04:00:00+00:00,10000.0,9344.253192670738
2023-10-27 04:00:00+00:00,10000.0,9344.253192670738
2023-10-27 04:00:00+00:00,10000.0,9344.253192670738
2023-10-27 04:00:00+00:00,10000.0,9344.253192670738
2023-10-27 04:00:00+00:00,10000.0,9344.253192670738
2023-10-27 04:00:00+00:00,10000.0,9344.253192670738
2023-10-27 04:00:00+00:00,10000.0,9344.253192670738
2023-10-27 04:00:00+00:00,10000.0,9344.253192670738
2023-10-27 04:00:00+00:00,10000.0,9344.253192670738
2023-10-27 04:00:00+00:00,10000.0,9344.253192670738
2023-10-27 04:00:00+00:00,10000.0,9344.253192670738
2023-10-27 04:00:00+00:00,10000.0,9344.253192670738
2023-10-27 04:00:00+00:00,10000.0,9344.253192670738
2023-10-30 04:00:00+00:00,10000.0,9454.747362576347
2023-10-30 04:00:00+00:00,10000.0,9454.747362576347
2023-10-30 04:00:00+00:00,10000.0,9454.747362576347
2023-10-30 04:00:00+00:00,10000.0,9454.747362576347
2023-10-30 04:00:00+00:00,10000.0,9454.747362576347
2023-10-30 04:00:00+00:00,10000.0,9454.747362576347
2023-10-30 04:00:00+00:00,10000.0,9454.747362576347
2023-10-30 04:00:00+00:00,10000.0,9454.747362576347
2023-10-30 04:00:00+00:00,10000.0,9454.747362576347
2023-10-30 04:00:00+00:00,10000.0,9454.747362576347
2023-10-30 04:00:00+00:00,10000.0,9454.747362576347
2023-10-30 04:00:00+00:00,10000.0,9454.747362576347
2023-10-30 04:00:00+00:00,10000.0,9454.747362576347
2023-10-30 04:00:00+00:00,10000.0,9454.747362576347
2023-10-30 04:00:00+00:00,10000.0,9454.747362576347
2023-10-30 04:00:00+00:00,10000.0,9454.747362576347
2023-10-30 04:00:00+00:00,10000.0,9454.747362576347
2023-10-30 04:00:00+00:00,10000.0,9454.747362576347
2023-10-30 04:00:00+00:00,10000.0,9454.747362576347
2023-10-30 04:00:00+00:00,10000.0,9454.747362576347
2023-10-30 04:00:00+00:00,10000.0,9454.747362576347
2023-10-30 04:00:00+00:00,10000.0,9454.747362576347
2023-10-31 04:00:00+00:00,10000.0,9479.733481399222
2023-10-31 04:00:00+00:00,10000.0,9479.733481399222
2023-10-31 04:00:00+00:00,10000.0,9479.733481399222
2023-10-31 04:00:00+00:00,10000.0,9479.733481399222
2023-10-31 04:00:00+00:00,10000.0,9479.733481399222
2023-10-31 04:00:00+00:00,10000.0,9479.733481399222
2023-10-31 04:00:00+00:00,10000.0,9479.733481399222
2023-10-31 04:00:00+00:00,10000.0,9479.733481399222
2023-10-31 04:00:00+00:00,10000.0,9479.733481399222
2023-10-31 04:00:00+00:00,10000.0,9479.733481399222
2023-10-31 04:00:00+00:00,10000.0,9479.733481399222
2023-10-31 04:00:00+00:00,10000.0,9479.733481399222
2023-10-31 04:00:00+00:00,10000.0,9479.733481399222
2023-10-31 04:00:00+00:00,10000.0,9479.733481399222
2023-10-31 04:00:00+00:00,10000.0,9479.733481399222
2023-10-31 04:00:00+00:00,10000.0,9479.733481399222
2023-10-31 04:00:00+00:00,10000.0,9479.733481399222
2023-10-31 04:00:00+00:00,10000.0,9479.733481399222
2023-10-31 04:00:00+00:00,10000.0,9479.733481399222
2023-10-31 04:00:00+00:00,10000.0,9479.733481399222
2023-10-31 04:00:00+00:00,10000.0,9479.733481399222
2023-10-31 04:00:00+00:00,10000.0,9479.733481399222
2023-11-01 04:00:00+00:00,10000.0,9656.857301499167
2023-11-01 04:00:00+00:00,10000.0,9656.857301499167
2023-11-01 04:00:00+00:00,10000.0,9656.857301499167
2023-11-01 04:00:00+00:00,10000.0,9656.857301499167
2023-11-01 04:00:00+00:00,10000.0,9656.857301499167
2023-11-01 04:00:00+00:00,10000.0,9656.857301499167
2023-11-01 04:00:00+00:00,10000.0,9656.857301499167
2023-11-01 04:00:00+00:00,10000.0,9656.857301499167
2023-11-01 04:00:00+00:00,10000.0,9656.857301499167
2023-11-01 04:00:00+00:00,10000.0,9656.857301499167
2023-11-01 04:00:00+00:00,10000.0,9656.857301499167
2023-11-01 04:00:00+00:00,10000.0,9656.857301499167
2023-11-01 04:00:00+00:00,10000.0,9656.857301499167
2023-11-01 04:00:00+00:00,10000.0,9656.857301499167
2023-11-01 04:00:00+00:00,10000.0,9656.857301499167
2023-11-01 04:00:00+00:00,10000.0,9656.857301499167
2023-11-01 04:00:00+00:00,10000.0,9656.857301499167
2023-11-01 04:00:00+00:00,10000.0,9656.857301499167
2023-11-01 04:00:00+00:00,10000.0,9656.857301499167
2023-11-01 04:00:00+00:00,10000.0,9656.857301499167
2023-11-01 04:00:00+00:00,10000.0,9656.857301499167
2023-11-01 04:00:00+00:00,10000.0,9656.857301499167
2023-11-02 04:00:00+00:00,10000.0,9863.964464186563
2023-11-02 04:00:00+00:00,10000.0,9863.964464186563
2023-11-02 04:00:00+00:00,10000.0,9863.964464186563
2023-11-02 04:00:00+00:00,10000.0,9863.964464186563
2023-11-02 04:00:00+00:00,10000.0,9863.964464186563
2023-11-02 04:00:00+00:00,10000.0,9863.964464186563
2023-11-02 04:00:00+00:00,10000.0,9863.964464186563
2023-11-02 04:00:00+00:00,10000.0,9863.964464186563
2023-11-02 04:00:00+00:00,10000.0,9863.964464186563
2023-11-02 04:00:00+00:00,10000.0,9863.964464186563
2023-11-02 04:00:00+00:00,10000.0,9863.964464186563
2023-11-02 04:00:00+00:00,10000.0,9863.964464186563
2023-11-02 04:00:00+00:00,10000.0,9863.964464186563
2023-11-02 04:00:00+00:00,10000.0,9863.964464186563
2023-11-02 04:00:00+00:00,10000.0,9863.964464186563
2023-11-02 04:00:00+00:00,10000.0,9863.964464186563
2023-11-02 04:00:00+00:00,10000.0,9863.964464186563
2023-11-02 04:00:00+00:00,10000.0,9863.964464186563
2023-11-02 04:00:00+00:00,10000.0,9863.964464186563
2023-11-02 04:00:00+00:00,10000.0,9863.964464186563
2023-11-02 04:00:00+00:00,10000.0,9863.964464186563
2023-11-02 04:00:00+00:00,10000.0,9863.964464186563
2023-11-03 04:00:00+00:00,10000.0,9807.88450860633
2023-11-03 04:00:00+00:00,10000.0,9807.88450860633
2023-11-03 04:00:00+00:00,10000.0,9807.88450860633
2023-11-03 04:00:00+00:00,10000.0,9807.88450860633
2023-11-03 04:00:00+00:00,10000.0,9807.88450860633
2023-11-03 04:00:00+00:00,10000.0,9807.88450860633
2023-11-03 04:00:00+00:00,10000.0,9807.88450860633
2023-11-03 04:00:00+00:00,10000.0,9807.88450860633
2023-11-03 04:00:00+00:00,10000.0,9807.88450860633
2023-11-03 04:00:00+00:00,10000.0,9807.88450860633
2023-11-03 04:00:00+00:00,10000.0,9807.88450860633
2023-11-03 04:00:00+00:00,10000.0,9807.88450860633
2023-11-03 04:00:00+00:00,10000.0,9807.88450860633
2023-11-03 04:00:00+00:00,10000.0,9807.88450860633
2023-11-03 04:00:00+00:00,10000.0,9807.88450860633
2023-11-03 04:00:00+00:00,10000.0,9807.88450860633
2023-11-03 04:00:00+00:00,10000.0,9807.88450860633
2023-11-03 04:00:00+00:00,10000.0,9807.88450860633
2023-11-03 04:00:00+00:00,10000.0,9807.88450860633
2023-11-03 04:00:00+00:00,10000.0,9807.88450860633
2023-11-03 04:00:00+00:00,10000.0,9807.88450860633
2023-11-03 04:00:00+00:00,10000.0,9807.88450860633
2023-11-06 05:00:00+00:00,10000.0,9955.580233203777
2023-11-06 05:00:00+00:00,10000.0,9955.580233203777
2023-11-06 05:00:00+00:00,10000.0,9955.580233203777
2023-11-06 05:00:00+00:00,10000.0,9955.580233203777
2023-11-06 05:00:00+00:00,10000.0,9955.580233203777
2023-11-06 05:00:00+00:00,10000.0,9955.580233203777
2023-11-06 05:00:00+00:00,10000.0,9955.580233203777
2023-11-06 05:00:00+00:00,10000.0,9955.580233203777
2023-11-06 05:00:00+00:00,10000.0,9955.580233203777
2023-11-06 05:00:00+00:00,10000.0,9955.580233203777
2023-11-06 05:00:00+00:00,10000.0,9955.580233203777
2023-11-06 05:00:00+00:00,10000.0,9955.580233203777
2023-11-06 05:00:00+00:00,10000.0,9955.580233203777
2023-11-06 05:00:00+00:00,10000.0,9955.580233203777
2023-11-06 05:00:00+00:00,10000.0,9955.580233203777
2023-11-06 05:00:00+00:00,10000.0,9955.580233203777
2023-11-06 05:00:00+00:00,10000.0,9955.580233203777
2023-11-06 05:00:00+00:00,10000.0,9955.580233203777
2023-11-06 05:00:00+00:00,10000.0,9955.580233203777
2023-11-06 05:00:00+00:00,10000.0,9955.580233203777
2023-11-06 05:00:00+00:00,10000.0,9955.580233203777
2023-11-06 05:00:00+00:00,10000.0,9955.580233203777
2023-11-07 05:00:00+00:00,10000.0,10098.8339811216
2023-11-07 05:00:00+00:00,10000.0,10098.8339811216
2023-11-07 05:00:00+00:00,10000.0,10098.8339811216
2023-11-07 05:00:00+00:00,10000.0,10098.8339811216
2023-11-07 05:00:00+00:00,10000.0,10098.8339811216
2023-11-07 05:00:00+00:00,10000.0,10098.8339811216
2023-11-07 05:00:00+00:00,10000.0,10098.8339811216
2023-11-07 05:00:00+00:00,10000.0,10098.8339811216
2023-11-07 05:00:00+00:00,10000.0,10098.8339811216
2023-11-07 05:00:00+00:00,10000.0,10098.8339811216
2023-11-07 05:00:00+00:00,10000.0,10098.8339811216
2023-11-07 05:00:00+00:00,10000.0,10098.8339811216
2023-11-07 05:00:00+00:00,10000.0,10098.8339811216
2023-11-07 05:00:00+00:00,10000.0,10098.8339811216
2023-11-07 05:00:00+00:00,10000.0,10098.8339811216
2023-11-07 05:00:00+00:00,10000.0,10098.8339811216
2023-11-07 05:00:00+00:00,10000.0,10098.8339811216
2023-11-07 05:00:00+00:00,10000.0,10098.8339811216
2023-11-07 05:00:00+00:00,10000.0,10098.8339811216
2023-11-07 05:00:00+00:00,10000.0,10098.8339811216
2023-11-07 05:00:00+00:00,10000.0,10098.8339811216
2023-11-07 05:00:00+00:00,10000.0,10098.8339811216
2023-11-08 05:00:00+00:00,10000.0,10154.913936701832
2023-11-08 05:00:00+00:00,10000.0,10154.913936701832
2023-11-08 05:00:00+00:00,10000.0,10154.913936701832
2023-11-08 05:00:00+00:00,10000.0,10154.913936701832
2023-11-08 05:00:00+00:00,10000.0,10154.913936701832
2023-11-08 05:00:00+00:00,10000.0,10154.913936701832
2023-11-08 05:00:00+00:00,10000.0,10154.913936701832
2023-11-08 05:00:00+00:00,10000.0,10154.913936701832
2023-11-08 05:00:00+00:00,10000.0,10154.913936701832
2023-11-08 05:00:00+00:00,10000.0,10154.913936701832
2023-11-08 05:00:00+00:00,10000.0,10154.913936701832
2023-11-08 05:00:00+00:00,10000.0,10154.913936701832
2023-11-08 05:00:00+00:00,10000.0,10154.913936701832
2023-11-08 05:00:00+00:00,10000.0,10154.913936701832
2023-11-08 05:00:00+00:00,10000.0,10154.913936701832
2023-11-08 05:00:00+00:00,10000.0,10154.913936701832
2023-11-08 05:00:00+00:00,10000.0,10154.913936701832
2023-11-08 05:00:00+00:00,10000.0,10154.913936701832
2023-11-08 05:00:00+00:00,10000.0,10154.913936701832
2023-11-08 05:00:00+00:00,10000.0,10154.913936701832
2023-11-08 05:00:00+00:00,10000.0,10154.913936701832
2023-11-08 05:00:00+00:00,10000.0,10154.913936701832
2023-11-09 05:00:00+00:00,10000.0,10132.148806218767
2023-11-09 05:00:00+00:00,10000.0,10132.148806218767
2023-11-09 05:00:00+00:00,10000.0,10132.148806218767
2023-11-09 05:00:00+00:00,10000.0,10132.148806218767
2023-11-09 05:00:00+00:00,10000.0,10132.148806218767
2023-11-09 05:00:00+00:00,10000.0,10132.148806218767
2023-11-09 05:00:00+00:00,10000.0,10132.148806218767
2023-11-09 05:00:00+00:00,10000.0,10132.148806218767
2023-11-09 05:00:00+00:00,10000.0,10132.148806218767
2023-11-09 05:00:00+00:00,10000.0,10132.148806218767
2023-11-09 05:00:00+00:00,10000.0,10132.148806218767
2023-11-09 05:00:00+00:00,10000.0,10132.148806218767
2023-11-09 05:00:00+00:00,10000.0,10132.148806218767
2023-11-09 05:00:00+00:00,10000.0,10132.148806218767
2023-11-09 05:00:00+00:00,10000.0,10132.148806218767
2023-11-09 05:00:00+00:00,10000.0,10132.148806218767
2023-11-09 05:00:00+00:00,10000.0,10132.148806218767
2023-11-09 05:00:00+00:00,10000.0,10132.148806218767
2023-11-09 05:00:00+00:00,10000.0,10132.148806218767
2023-11-09 05:00:00+00:00,10000.0,10132.148806218767
2023-11-09 05:00:00+00:00,10000.0,10132.148806218767
2023-11-09 05:00:00+00:00,10000.0,10132.148806218767
2023-11-10 05:00:00+00:00,10000.0,10346.196557468074
2023-11-10 05:00:00+00:00,10000.0,10346.196557468074
2023-11-10 05:00:00+00:00,10000.0,10346.196557468074
2023-11-10 05:00:00+00:00,10000.0,10346.196557468074
2023-11-10 05:00:00+00:00,10000.0,10346.196557468074
2023-11-10 05:00:00+00:00,10000.0,10346.196557468074
2023-11-10 05:00:00+00:00,10000.0,10346.196557468074
2023-11-10 05:00:00+00:00,10000.0,10346.196557468074
2023-11-10 05:00:00+00:00,10000.0,10346.196557468074
2023-11-10 05:00:00+00:00,10000.0,10346.196557468074
2023-11-10 05:00:00+00:00,10000.0,10346.196557468074
2023-11-10 05:00:00+00:00,10000.0,10346.196557468074
2023-11-10 05:00:00+00:00,10000.0,10346.196557468074
2023-11-10 05:00:00+00:00,10000.0,10346.196557468074
2023-11-10 05:00:00+00:00,10000.0,10346.196557468074
2023-11-10 05:00:00+00:00,10000.0,10346.196557468074
2023-11-10 05:00:00+00:00,10000.0,10346.196557468074
2023-11-10 05:00:00+00:00,10000.0,10346.196557468074
2023-11-10 05:00:00+00:00,10000.0,10346.196557468074
2023-11-10 05:00:00+00:00,10000.0,10346.196557468074
2023-11-10 05:00:00+00:00,10000.0,10346.196557468074
2023-11-10 05:00:00+00:00,10000.0,10346.196557468074
2023-11-13 05:00:00+00:00,10000.0,10258.745141588006
2023-11-13 05:00:00+00:00,10000.0,10258.745141588006
2023-11-13 05:00:00+00:00,10000.0,10258.745141588006
2023-11-13 05:00:00+00:00,10000.0,10258.745141588006
2023-11-13 05:00:00+00:00,10000.0,10258.745141588006
2023-11-13 05:00:00+00:00,10000.0,10258.745141588006
2023-11-13 05:00:00+00:00,10000.0,10258.745141588006
2023-11-13 05:00:00+00:00,10000.0,10258.745141588006
2023-11-13 05:00:00+00:00,10000.0,10258.745141588006
2023-11-13 05:00:00+00:00,10000.0,10258.745141588006
2023-11-13 05:00:00+00:00,10000.0,10258.745141588006
2023-11-13 05:00:00+00:00,10000.0,10258.745141588006
2023-11-13 05:00:00+00:00,10000.0,10258.745141588006
2023-11-13 05:00:00+00:00,10000.0,10258.745141588006
2023-11-13 05:00:00+00:00,10000.0,10258.745141588006
2023-11-13 05:00:00+00:00,10000.0,10258.745141588006
2023-11-13 05:00:00+00:00,10000.0,10258.745141588006
2023-11-13 05:00:00+00:00,10000.0,10258.745141588006
2023-11-13 05:00:00+00:00,10000.0,10258.745141588006
2023-11-13 05:00:00+00:00,10000.0,10258.745141588006
2023-11-13 05:00:00+00:00,10000.0,10258.745141588006
2023-11-13 05:00:00+00:00,10000.0,10258.745141588006
2023-11-14 05:00:00+00:00,10000.0,10405.8856191005
2023-11-14 05:00:00+00:00,10000.0,10405.8856191005
2023-11-14 05:00:00+00:00,10000.0,10405.8856191005
2023-11-14 05:00:00+00:00,10000.0,10405.8856191005
2023-11-14 05:00:00+00:00,10000.0,10405.8856191005
2023-11-14 05:00:00+00:00,10000.0,10405.8856191005
2023-11-14 05:00:00+00:00,10000.0,10405.8856191005
2023-11-14 05:00:00+00:00,10000.0,10405.8856191005
2023-11-14 05:00:00+00:00,10000.0,10405.8856191005
2023-11-14 05:00:00+00:00,10000.0,10405.8856191005
2023-11-14 05:00:00+00:00,10000.0,10405.8856191005
2023-11-14 05:00:00+00:00,10000.0,10405.8856191005
2023-11-14 05:00:00+00:00,10000.0,10405.8856191005
2023-11-14 05:00:00+00:00,10000.0,10405.8856191005
2023-11-14 05:00:00+00:00,10000.0,10405.8856191005
2023-11-14 05:00:00+00:00,10000.0,10405.8856191005
2023-11-14 05:00:00+00:00,10000.0,10405.8856191005
2023-11-14 05:00:00+00:00,10000.0,10405.8856191005
2023-11-14 05:00:00+00:00,10000.0,10405.8856191005
2023-11-14 05:00:00+00:00,10000.0,10405.8856191005
2023-11-14 05:00:00+00:00,10000.0,10405.8856191005
2023-11-14 05:00:00+00:00,10000.0,10405.8856191005
2023-11-15 05:00:00+00:00,10000.0,10446.973903387006
2023-11-15 05:00:00+00:00,10000.0,10446.973903387006
2023-11-15 05:00:00+00:00,10000.0,10446.973903387006
2023-11-15 05:00:00+00:00,10000.0,10446.973903387006
2023-11-15 05:00:00+00:00,10000.0,10446.973903387006
2023-11-15 05:00:00+00:00,10000.0,10446.973903387006
2023-11-15 05:00:00+00:00,10000.0,10446.973903387006
2023-11-15 05:00:00+00:00,10000.0,10446.973903387006
2023-11-15 05:00:00+00:00,10000.0,10446.973903387006
2023-11-15 05:00:00+00:00,10000.0,10446.973903387006
2023-11-15 05:00:00+00:00,10000.0,10446.973903387006
2023-11-15 05:00:00+00:00,10000.0,10446.973903387006
2023-11-15 05:00:00+00:00,10000.0,10446.973903387006
2023-11-15 05:00:00+00:00,10000.0,10446.973903387006
2023-11-15 05:00:00+00:00,10000.0,10446.973903387006
2023-11-15 05:00:00+00:00,10000.0,10446.973903387006
2023-11-15 05:00:00+00:00,10000.0,10446.973903387006
2023-11-15 05:00:00+00:00,10000.0,10446.973903387006
2023-11-15 05:00:00+00:00,10000.0,10446.973903387006
2023-11-15 05:00:00+00:00,10000.0,10446.973903387006
2023-11-15 05:00:00+00:00,10000.0,10446.973903387006
2023-11-15 05:00:00+00:00,10000.0,10446.973903387006
2023-11-16 05:00:00+00:00,10000.0,10538.589672404221
2023-11-16 05:00:00+00:00,10000.0,10538.589672404221
2023-11-16 05:00:00+00:00,10000.0,10538.589672404221
2023-11-16 05:00:00+00:00,10000.0,10538.589672404221
2023-11-16 05:00:00+00:00,10000.0,10538.589672404221
2023-11-16 05:00:00+00:00,10000.0,10538.589672404221
2023-11-16 05:00:00+00:00,10000.0,10538.589672404221
2023-11-16 05:00:00+00:00,10000.0,10538.589672404221
2023-11-16 05:00:00+00:00,10000.0,10538.589672404221
2023-11-16 05:00:00+00:00,10000.0,10538.589672404221
2023-11-16 05:00:00+00:00,10000.0,10538.589672404221
2023-11-16 05:00:00+00:00,10000.0,10538.589672404221
2023-11-16 05:00:00+00:00,10000.0,10538.589672404221
2023-11-16 05:00:00+00:00,10000.0,10538.589672404221
2023-11-16 05:00:00+00:00,10000.0,10538.589672404221
2023-11-16 05:00:00+00:00,10000.0,10538.589672404221
2023-11-16 05:00:00+00:00,10000.0,10538.589672404221
2023-11-16 05:00:00+00:00,10000.0,10538.589672404221
2023-11-16 05:00:00+00:00,10000.0,10538.589672404221
2023-11-16 05:00:00+00:00,10000.0,10538.589672404221
2023-11-16 05:00:00+00:00,10000.0,10538.589672404221
2023-11-16 05:00:00+00:00,10000.0,10538.589672404221
2023-11-17 05:00:00+00:00,10000.0,10535.813436979455
2023-11-17 05:00:00+00:00,10000.0,10535.813436979455
2023-11-17 05:00:00+00:00,10000.0,10535.813436979455
2023-11-17 05:00:00+00:00,10000.0,10535.813436979455
2023-11-17 05:00:00+00:00,10000.0,10535.813436979455
2023-11-17 05:00:00+00:00,10000.0,10535.813436979455
2023-11-17 05:00:00+00:00,10000.0,10535.813436979455
2023-11-17 05:00:00+00:00,10000.0,10535.813436979455
2023-11-17 05:00:00+00:00,10000.0,10535.813436979455
2023-11-17 05:00:00+00:00,10000.0,10535.813436979455
2023-11-17 05:00:00+00:00,10000.0,10535.813436979455
2023-11-17 05:00:00+00:00,10000.0,10535.813436979455
2023-11-17 05:00:00+00:00,10000.0,10535.813436979455
2023-11-17 05:00:00+00:00,10000.0,10535.813436979455
2023-11-17 05:00:00+00:00,10000.0,10535.813436979455
2023-11-17 05:00:00+00:00,10000.0,10535.813436979455
2023-11-17 05:00:00+00:00,10000.0,10535.813436979455
2023-11-17 05:00:00+00:00,10000.0,10535.813436979455
2023-11-17 05:00:00+00:00,10000.0,10535.813436979455
2023-11-17 05:00:00+00:00,10000.0,10535.813436979455
2023-11-17 05:00:00+00:00,10000.0,10535.813436979455
2023-11-17 05:00:00+00:00,10000.0,10535.813436979455
2023-11-20 05:00:00+00:00,10000.0,10634.092171016104
2023-11-20 05:00:00+00:00,10000.0,10634.092171016104
2023-11-20 05:00:00+00:00,10000.0,10634.092171016104
2023-11-20 05:00:00+00:00,10000.0,10634.092171016104
2023-11-20 05:00:00+00:00,10000.0,10634.092171016104
2023-11-20 05:00:00+00:00,10000.0,10634.092171016104
2023-11-20 05:00:00+00:00,10000.0,10634.092171016104
2023-11-20 05:00:00+00:00,10000.0,10634.092171016104
2023-11-20 05:00:00+00:00,10000.0,10634.092171016104
2023-11-20 05:00:00+00:00,10000.0,10634.092171016104
2023-11-20 05:00:00+00:00,10000.0,10634.092171016104
2023-11-20 05:00:00+00:00,10000.0,10634.092171016104
2023-11-20 05:00:00+00:00,10000.0,10634.092171016104
2023-11-20 05:00:00+00:00,10000.0,10634.092171016104
2023-11-20 05:00:00+00:00,10000.0,10634.092171016104
2023-11-20 05:00:00+00:00,10000.0,10634.092171016104
2023-11-20 05:00:00+00:00,10000.0,10634.092171016104
2023-11-20 05:00:00+00:00,10000.0,10634.092171016104
2023-11-20 05:00:00+00:00,10000.0,10634.092171016104
2023-11-20 05:00:00+00:00,10000.0,10634.092171016104
2023-11-20 05:00:00+00:00,10000.0,10634.092171016104
2023-11-20 05:00:00+00:00,10000.0,10634.092171016104
2023-11-21 05:00:00+00:00,10000.0,10586.34092171016
2023-11-21 05:00:00+00:00,10000.0,10586.34092171016
2023-11-21 05:00:00+00:00,10000.0,10586.34092171016
2023-11-21 05:00:00+00:00,10000.0,10586.34092171016
2023-11-21 05:00:00+00:00,10000.0,10586.34092171016
2023-11-21 05:00:00+00:00,10000.0,10586.34092171016
2023-11-21 05:00:00+00:00,10000.0,10586.34092171016
2023-11-21 05:00:00+00:00,10000.0,10586.34092171016
2023-11-21 05:00:00+00:00,10000.0,10586.34092171016
2023-11-21 05:00:00+00:00,10000.0,10586.34092171016
2023-11-21 05:00:00+00:00,10000.0,10586.34092171016
2023-11-21 05:00:00+00:00,10000.0,10586.34092171016
2023-11-21 05:00:00+00:00,10000.0,10586.34092171016
2023-11-21 05:00:00+00:00,10000.0,10586.34092171016
2023-11-21 05:00:00+00:00,10000.0,10586.34092171016
2023-11-21 05:00:00+00:00,10000.0,10586.34092171016
2023-11-21 05:00:00+00:00,10000.0,10586.34092171016
2023-11-21 05:00:00+00:00,10000.0,10586.34092171016
2023-11-21 05:00:00+00:00,10000.0,10586.34092171016
2023-11-21 05:00:00+00:00,10000.0,10586.34092171016
2023-11-21 05:00:00+00:00,10000.0,10586.34092171016
2023-11-21 05:00:00+00:00,10000.0,10586.34092171016
2023-11-22 05:00:00+00:00,10000.0,10622.431982232094
2023-11-22 05:00:00+00:00,10000.0,10622.431982232094
2023-11-22 05:00:00+00:00,10000.0,10622.431982232094
2023-11-22 05:00:00+00:00,10000.0,10622.431982232094
2023-11-22 05:00:00+00:00,10000.0,10622.431982232094
2023-11-22 05:00:00+00:00,10000.0,10622.431982232094
2023-11-22 05:00:00+00:00,10000.0,10622.431982232094
2023-11-22 05:00:00+00:00,10000.0,10622.431982232094
2023-11-22 05:00:00+00:00,10000.0,10622.431982232094
2023-11-22 05:00:00+00:00,10000.0,10622.431982232094
2023-11-22 05:00:00+00:00,10000.0,10622.431982232094
2023-11-22 05:00:00+00:00,10000.0,10622.431982232094
2023-11-22 05:00:00+00:00,10000.0,10622.431982232094
2023-11-22 05:00:00+00:00,10000.0,10622.431982232094
2023-11-22 05:00:00+00:00,10000.0,10622.431982232094
2023-11-22 05:00:00+00:00,10000.0,10622.431982232094
2023-11-22 05:00:00+00:00,10000.0,10622.431982232094
2023-11-22 05:00:00+00:00,10000.0,10622.431982232094
2023-11-22 05:00:00+00:00,10000.0,10622.431982232094
2023-11-22 05:00:00+00:00,10000.0,10622.431982232094
2023-11-22 05:00:00+00:00,10000.0,10622.431982232094
2023-11-22 05:00:00+00:00,10000.0,10622.431982232094
2023-11-24 05:00:00+00:00,10000.0,10545.807884508607
2023-11-24 05:00:00+00:00,10000.0,10545.807884508607
2023-11-24 05:00:00+00:00,10000.0,10545.807884508607
2023-11-24 05:00:00+00:00,10000.0,10545.807884508607
2023-11-24 05:00:00+00:00,10000.0,10545.807884508607
2023-11-24 05:00:00+00:00,10000.0,10545.807884508607
2023-11-24 05:00:00+00:00,10000.0,10545.807884508607
2023-11-24 05:00:00+00:00,10000.0,10545.807884508607
2023-11-24 05:00:00+00:00,10000.0,10545.807884508607
2023-11-24 05:00:00+00:00,10000.0,10545.807884508607
2023-11-24 05:00:00+00:00,10000.0,10545.807884508607
2023-11-24 05:00:00+00:00,10000.0,10545.807884508607
2023-11-24 05:00:00+00:00,10000.0,10545.807884508607
2023-11-24 05:00:00+00:00,10000.0,10545.807884508607
2023-11-24 05:00:00+00:00,10000.0,10545.807884508607
2023-11-24 05:00:00+00:00,10000.0,10545.807884508607
2023-11-24 05:00:00+00:00,10000.0,10545.807884508607
2023-11-24 05:00:00+00:00,10000.0,10545.807884508607
2023-11-24 05:00:00+00:00,10000.0,10545.807884508607
2023-11-24 05:00:00+00:00,10000.0,10545.807884508607
2023-11-24 05:00:00+00:00,10000.0,10545.807884508607
2023-11-24 05:00:00+00:00,10000.0,10545.807884508607
2023-11-27 05:00:00+00:00,10000.0,10538.034425319267
2023-11-27 05:00:00+00:00,10000.0,10538.034425319267
2023-11-27 05:00:00+00:00,10000.0,10538.034425319267
2023-11-27 05:00:00+00:00,10000.0,10538.034425319267
2023-11-27 05:00:00+00:00,10000.0,10538.034425319267
2023-11-27 05:00:00+00:00,10000.0,10538.034425319267
2023-11-27 05:00:00+00:00,10000.0,10538.034425319267
2023-11-27 05:00:00+00:00,10000.0,10538.034425319267
2023-11-27 05:00:00+00:00,10000.0,10538.034425319267
2023-11-27 05:00:00+00:00,10000.0,10538.034425319267
2023-11-27 05:00:00+00:00,10000.0,10538.034425319267
2023-11-27 05:00:00+00:00,10000.0,10538.034425319267
2023-11-27 05:00:00+00:00,10000.0,10538.034425319267
2023-11-27 05:00:00+00:00,10000.0,10538.034425319267
2023-11-27 05:00:00+00:00,10000.0,10538.034425319267
2023-11-27 05:00:00+00:00,10000.0,10538.034425319267
2023-11-27 05:00:00+00:00,10000.0,10538.034425319267
2023-11-27 05:00:00+00:00,10000.0,10538.034425319267
2023-11-27 05:00:00+00:00,10000.0,10538.034425319267
2023-11-27 05:00:00+00:00,10000.0,10538.034425319267
2023-11-27 05:00:00+00:00,10000.0,10538.034425319267
2023-11-28 05:00:00+00:00,10000.0,10564.686285397003
2023-11-28 05:00:00+00:00,10000.0,10564.686285397003
2023-11-28 05:00:00+00:00,10000.0,10564.686285397003
2023-11-28 05:00:00+00:00,10000.0,10564.686285397003
2023-11-28 05:00:00+00:00,10000.0,10564.686285397003
2023-11-28 05:00:00+00:00,10000.0,10564.686285397003
2023-11-28 05:00:00+00:00,10000.0,10564.686285397003
2023-11-28 05:00:00+00:00,10000.0,10564.686285397003
2023-11-28 05:00:00+00:00,10000.0,10564.686285397003
2023-11-28 05:00:00+00:00,10000.0,10564.686285397003
2023-11-28 05:00:00+00:00,10000.0,10564.686285397003
2023-11-28 05:00:00+00:00,10000.0,10564.686285397003
2023-11-28 05:00:00+00:00,10000.0,10564.686285397003
2023-11-28 05:00:00+00:00,10000.0,10564.686285397003
2023-11-28 05:00:00+00:00,10000.0,10564.686285397003
2023-11-28 05:00:00+00:00,10000.0,10564.686285397003
2023-11-28 05:00:00+00:00,10000.0,10564.686285397003
2023-11-28 05:00:00+00:00,10000.0,10564.686285397003
2023-11-28 05:00:00+00:00,10000.0,10564.686285397003
2023-11-28 05:00:00+00:00,10000.0,10564.686285397003
2023-11-28 05:00:00+00:00,10000.0,10564.686285397003
2023-11-29 05:00:00+00:00,10000.0,10513.88117712382
2023-11-29 05:00:00+00:00,10000.0,10513.88117712382
2023-11-29 05:00:00+00:00,10000.0,10513.88117712382
2023-11-29 05:00:00+00:00,10000.0,10513.88117712382
2023-11-29 05:00:00+00:00,10000.0,10513.88117712382
2023-11-29 05:00:00+00:00,10000.0,10513.88117712382
2023-11-29 05:00:00+00:00,10000.0,10513.88117712382
2023-11-29 05:00:00+00:00,10000.0,10513.88117712382
2023-11-29 05:00:00+00:00,10000.0,10513.88117712382
2023-11-29 05:00:00+00:00,10000.0,10513.88117712382
2023-11-29 05:00:00+00:00,10000.0,10513.88117712382
2023-11-29 05:00:00+00:00,10000.0,10513.88117712382
2023-11-29 05:00:00+00:00,10000.0,10513.88117712382
2023-11-29 05:00:00+00:00,10000.0,10513.88117712382
2023-11-29 05:00:00+00:00,10000.0,10513.88117712382
2023-11-29 05:00:00+00:00,10000.0,10513.88117712382
2023-11-29 05:00:00+00:00,10000.0,10513.88117712382
2023-11-29 05:00:00+00:00,10000.0,10513.88117712382
2023-11-29 05:00:00+00:00,10000.0,10513.88117712382
2023-11-29 05:00:00+00:00,10000.0,10513.88117712382
2023-11-29 05:00:00+00:00,10000.0,10513.88117712382
2023-11-30 05:00:00+00:00,10000.0,10543.031649083843
2023-11-30 05:00:00+00:00,10000.0,10543.031649083843
2023-11-30 05:00:00+00:00,10000.0,10543.031649083843
2023-11-30 05:00:00+00:00,10000.0,10543.031649083843
2023-11-30 05:00:00+00:00,10000.0,10543.031649083843
2023-11-30 05:00:00+00:00,10000.0,10543.031649083843
2023-11-30 05:00:00+00:00,10000.0,10543.031649083843
2023-11-30 05:00:00+00:00,10000.0,10543.031649083843
2023-11-30 05:00:00+00:00,10000.0,10543.031649083843
2023-11-30 05:00:00+00:00,10000.0,10543.031649083843
2023-11-30 05:00:00+00:00,10000.0,10543.031649083843
2023-11-30 05:00:00+00:00,10000.0,10543.031649083843
2023-11-30 05:00:00+00:00,10000.0,10543.031649083843
2023-11-30 05:00:00+00:00,10000.0,10543.031649083843
2023-11-30 05:00:00+00:00,10000.0,10543.031649083843
2023-11-30 05:00:00+00:00,10000.0,10543.031649083843
2023-11-30 05:00:00+00:00,10000.0,10543.031649083843
2023-11-30 05:00:00+00:00,10000.0,10543.031649083843
2023-11-30 05:00:00+00:00,10000.0,10543.031649083843
2023-11-30 05:00:00+00:00,10000.0,10543.031649083843
2023-11-30 05:00:00+00:00,10000.0,10543.031649083843
2023-12-01 05:00:00+00:00,10000.0,10616.879511382567
2023-12-01 05:00:00+00:00,10000.0,10616.879511382567
2023-12-01 05:00:00+00:00,10000.0,10616.879511382567
2023-12-01 05:00:00+00:00,10000.0,10616.879511382567
2023-12-01 05:00:00+00:00,10000.0,10616.879511382567
2023-12-01 05:00:00+00:00,10000.0,10616.879511382567
2023-12-01 05:00:00+00:00,10000.0,10616.879511382567
2023-12-01 05:00:00+00:00,10000.0,10616.879511382567
2023-12-01 05:00:00+00:00,10000.0,10616.879511382567
2023-12-01 05:00:00+00:00,10000.0,10616.879511382567
2023-12-01 05:00:00+00:00,10000.0,10616.879511382567
2023-12-01 05:00:00+00:00,10000.0,10616.879511382567
2023-12-01 05:00:00+00:00,10000.0,10616.879511382567
2023-12-01 05:00:00+00:00,10000.0,10616.879511382567
2023-12-01 05:00:00+00:00,10000.0,10616.879511382567
2023-12-01 05:00:00+00:00,10000.0,10616.879511382567
2023-12-01 05:00:00+00:00,10000.0,10616.879511382567
2023-12-01 05:00:00+00:00,10000.0,10616.879511382567
2023-12-01 05:00:00+00:00,10000.0,10616.879511382567
2023-12-01 05:00:00+00:00,10000.0,10616.879511382567
2023-12-01 05:00:00+00:00,10000.0,10616.879511382567
2023-12-04 05:00:00+00:00,10000.0,10518.600777345919
2023-12-04 05:00:00+00:00,10000.0,10518.600777345919
2023-12-04 05:00:00+00:00,10000.0,10518.600777345919
2023-12-04 05:00:00+00:00,10000.0,10518.600777345919
2023-12-04 05:00:00+00:00,10000.0,10518.600777345919
2023-12-04 05:00:00+00:00,10000.0,10518.600777345919
2023-12-04 05:00:00+00:00,10000.0,10518.600777345919
2023-12-04 05:00:00+00:00,10000.0,10518.600777345919
2023-12-04 05:00:00+00:00,10000.0,10518.600777345919
2023-12-04 05:00:00+00:00,10000.0,10518.600777345919
2023-12-04 05:00:00+00:00,10000.0,10518.600777345919
2023-12-04 05:00:00+00:00,10000.0,10518.600777345919
2023-12-04 05:00:00+00:00,10000.0,10518.600777345919
2023-12-04 05:00:00+00:00,10000.0,10518.600777345919
2023-12-04 05:00:00+00:00,10000.0,10518.600777345919
2023-12-04 05:00:00+00:00,10000.0,10518.600777345919
2023-12-04 05:00:00+00:00,10000.0,10518.600777345919
2023-12-04 05:00:00+00:00,10000.0,10518.600777345919
2023-12-04 05:00:00+00:00,10000.0,10518.600777345919
2023-12-04 05:00:00+00:00,10000.0,10518.600777345919
2023-12-04 05:00:00+00:00,10000.0,10518.600777345919
2023-12-05 05:00:00+00:00,10000.0,10744.031093836757
2023-12-05 05:00:00+00:00,10000.0,10744.031093836757
2023-12-05 05:00:00+00:00,10000.0,10744.031093836757
2023-12-05 05:00:00+00:00,10000.0,10744.031093836757
2023-12-05 05:00:00+00:00,10000.0,10744.031093836757
2023-12-05 05:00:00+00:00,10000.0,10744.031093836757
2023-12-05 05:00:00+00:00,10000.0,10744.031093836757
2023-12-05 05:00:00+00:00,10000.0,10744.031093836757
2023-12-05 05:00:00+00:00,10000.0,10744.031093836757
2023-12-05 05:00:00+00:00,10000.0,10744.031093836757
2023-12-05 05:00:00+00:00,10000.0,10744.031093836757
2023-12-05 05:00:00+00:00,10000.0,10744.031093836757
2023-12-05 05:00:00+00:00,10000.0,10744.031093836757
2023-12-05 05:00:00+00:00,10000.0,10744.031093836757
2023-12-05 05:00:00+00:00,10000.0,10744.031093836757
2023-12-05 05:00:00+00:00,10000.0,10744.031093836757
2023-12-05 05:00:00+00:00,10000.0,10744.031093836757
2023-12-05 05:00:00+00:00,10000.0,10744.031093836757
2023-12-05 05:00:00+00:00,10000.0,10744.031093836757
2023-12-05 05:00:00+00:00,10000.0,10744.031093836757
2023-12-05 05:00:00+00:00,10000.0,10744.031093836757
2023-12-06 05:00:00+00:00,10000.0,10679.06718489728
2023-12-06 05:00:00+00:00,10000.0,10679.06718489728
2023-12-06 05:00:00+00:00,10000.0,10679.06718489728
2023-12-06 05:00:00+00:00,10000.0,10679.06718489728
2023-12-06 05:00:00+00:00,10000.0,10679.06718489728
2023-12-06 05:00:00+00:00,10000.0,10679.06718489728
2023-12-06 05:00:00+00:00,10000.0,10679.06718489728
2023-12-06 05:00:00+00:00,10000.0,10679.06718489728
2023-12-06 05:00:00+00:00,10000.0,10679.06718489728
2023-12-06 05:00:00+00:00,10000.0,10679.06718489728
2023-12-06 05:00:00+00:00,10000.0,10679.06718489728
2023-12-06 05:00:00+00:00,10000.0,10679.06718489728
2023-12-06 05:00:00+00:00,10000.0,10679.06718489728
2023-12-06 05:00:00+00:00,10000.0,10679.06718489728
2023-12-06 05:00:00+00:00,10000.0,10679.06718489728
2023-12-06 05:00:00+00:00,10000.0,10679.06718489728
2023-12-06 05:00:00+00:00,10000.0,10679.06718489728
2023-12-06 05:00:00+00:00,10000.0,10679.06718489728
2023-12-06 05:00:00+00:00,10000.0,10679.06718489728
2023-12-06 05:00:00+00:00,10000.0,10679.06718489728
2023-12-06 05:00:00+00:00,10000.0,10679.06718489728
2023-12-07 05:00:00+00:00,10000.0,10782.898389783453
2023-12-07 05:00:00+00:00,10000.0,10782.898389783453
2023-12-07 05:00:00+00:00,10000.0,10782.898389783453
2023-12-07 05:00:00+00:00,10000.0,10782.898389783453
2023-12-07 05:00:00+00:00,10000.0,10782.898389783453
2023-12-07 05:00:00+00:00,10000.0,10782.898389783453
2023-12-07 05:00:00+00:00,10000.0,10782.898389783453
2023-12-07 05:00:00+00:00,10000.0,10782.898389783453
2023-12-07 05:00:00+00:00,10000.0,10782.898389783453
2023-12-07 05:00:00+00:00,10000.0,10782.898389783453
2023-12-07 05:00:00+00:00,10000.0,10782.898389783453
2023-12-07 05:00:00+00:00,10000.0,10782.898389783453
2023-12-07 05:00:00+00:00,10000.0,10782.898389783453
2023-12-07 05:00:00+00:00,10000.0,10782.898389783453
2023-12-07 05:00:00+00:00,10000.0,10782.898389783453
2023-12-07 05:00:00+00:00,10000.0,10782.898389783453
2023-12-07 05:00:00+00:00,10000.0,10782.898389783453
2023-12-07 05:00:00+00:00,10000.0,10782.898389783453
2023-12-07 05:00:00+00:00,10000.0,10782.898389783453
2023-12-07 05:00:00+00:00,10000.0,10782.898389783453
2023-12-07 05:00:00+00:00,10000.0,10782.898389783453
2023-12-08 05:00:00+00:00,10000.0,10865.630205441421
2023-12-08 05:00:00+00:00,10000.0,10865.630205441421
2023-12-08 05:00:00+00:00,10000.0,10865.630205441421
2023-12-08 05:00:00+00:00,10000.0,10865.630205441421
2023-12-08 05:00:00+00:00,10000.0,10865.630205441421
2023-12-08 05:00:00+00:00,10000.0,10865.630205441421
2023-12-08 05:00:00+00:00,10000.0,10865.630205441421
2023-12-08 05:00:00+00:00,10000.0,10865.630205441421
2023-12-08 05:00:00+00:00,10000.0,10865.630205441421
2023-12-08 05:00:00+00:00,10000.0,10865.630205441421
2023-12-08 05:00:00+00:00,10000.0,10865.630205441421
2023-12-08 05:00:00+00:00,10000.0,10865.630205441421
2023-12-08 05:00:00+00:00,10000.0,10865.630205441421
2023-12-08 05:00:00+00:00,10000.0,10865.630205441421
2023-12-08 05:00:00+00:00,10000.0,10865.630205441421
2023-12-08 05:00:00+00:00,10000.0,10865.630205441421
2023-12-08 05:00:00+00:00,10000.0,10865.630205441421
2023-12-08 05:00:00+00:00,10000.0,10865.630205441421
2023-12-08 05:00:00+00:00,10000.0,10865.630205441421
2023-12-08 05:00:00+00:00,10000.0,10865.630205441421
2023-12-08 05:00:00+00:00,10000.0,10865.630205441421
2023-12-11 05:00:00+00:00,10000.0,10726.263187118268
2023-12-11 05:00:00+00:00,10000.0,10726.263187118268
2023-12-11 05:00:00+00:00,10000.0,10726.263187118268
2023-12-11 05:00:00+00:00,10000.0,10726.263187118268
2023-12-11 05:00:00+00:00,10000.0,10726.263187118268
2023-12-11 05:00:00+00:00,10000.0,10726.263187118268
2023-12-11 05:00:00+00:00,10000.0,10726.263187118268
2023-12-11 05:00:00+00:00,10000.0,10726.263187118268
2023-12-11 05:00:00+00:00,10000.0,10726.263187118268
2023-12-11 05:00:00+00:00,10000.0,10726.263187118268
2023-12-11 05:00:00+00:00,10000.0,10726.263187118268
2023-12-11 05:00:00+00:00,10000.0,10726.263187118268
2023-12-11 05:00:00+00:00,10000.0,10726.263187118268
2023-12-11 05:00:00+00:00,10000.0,10726.263187118268
2023-12-11 05:00:00+00:00,10000.0,10726.263187118268
2023-12-11 05:00:00+00:00,10000.0,10726.263187118268
2023-12-11 05:00:00+00:00,10000.0,10726.263187118268
2023-12-11 05:00:00+00:00,10000.0,10726.263187118268
2023-12-11 05:00:00+00:00,10000.0,10726.263187118268
2023-12-11 05:00:00+00:00,10000.0,10726.263187118268
2023-12-11 05:00:00+00:00,10000.0,10726.263187118268
2023-12-12 05:00:00+00:00,10000.0,10810.660744031093
2023-12-12 05:00:00+00:00,10000.0,10810.660744031093
2023-12-12 05:00:00+00:00,10000.0,10810.660744031093
2023-12-12 05:00:00+00:00,10000.0,10810.660744031093
2023-12-12 05:00:00+00:00,10000.0,10810.660744031093
2023-12-12 05:00:00+00:00,10000.0,10810.660744031093
2023-12-12 05:00:00+00:00,10000.0,10810.660744031093
2023-12-12 05:00:00+00:00,10000.0,10810.660744031093
2023-12-12 05:00:00+00:00,10000.0,10810.660744031093
2023-12-12 05:00:00+00:00,10000.0,10810.660744031093
2023-12-12 05:00:00+00:00,10000.0,10810.660744031093
2023-12-12 05:00:00+00:00,10000.0,10810.660744031093
2023-12-12 05:00:00+00:00,10000.0,10810.660744031093
2023-12-12 05:00:00+00:00,10000.0,10810.660744031093
2023-12-12 05:00:00+00:00,10000.0,10810.660744031093
2023-12-12 05:00:00+00:00,10000.0,10810.660744031093
2023-12-12 05:00:00+00:00,10000.0,10810.660744031093
2023-12-12 05:00:00+00:00,10000.0,10810.660744031093
2023-12-12 05:00:00+00:00,10000.0,10810.660744031093
2023-12-12 05:00:00+00:00,10000.0,10810.660744031093
2023-12-12 05:00:00+00:00,10000.0,10810.660744031093
2023-12-13 05:00:00+00:00,10000.0,10986.11882287618
2023-12-13 05:00:00+00:00,10000.0,10986.11882287618
2023-12-13 05:00:00+00:00,10000.0,10986.11882287618
2023-12-13 05:00:00+00:00,10000.0,10986.11882287618
2023-12-13 05:00:00+00:00,10000.0,10986.11882287618
2023-12-13 05:00:00+00:00,10000.0,10986.11882287618
2023-12-13 05:00:00+00:00,10000.0,10986.11882287618
2023-12-13 05:00:00+00:00,10000.0,10986.11882287618
2023-12-13 05:00:00+00:00,10000.0,10986.11882287618
2023-12-13 05:00:00+00:00,10000.0,10986.11882287618
2023-12-13 05:00:00+00:00,10000.0,10986.11882287618
2023-12-13 05:00:00+00:00,10000.0,10986.11882287618
2023-12-13 05:00:00+00:00,10000.0,10986.11882287618
2023-12-13 05:00:00+00:00,10000.0,10986.11882287618
2023-12-13 05:00:00+00:00,10000.0,10986.11882287618
2023-12-13 05:00:00+00:00,10000.0,10986.11882287618
2023-12-13 05:00:00+00:00,10000.0,10986.11882287618
2023-12-13 05:00:00+00:00,10000.0,10986.11882287618
2023-12-13 05:00:00+00:00,10000.0,10986.11882287618
2023-12-13 05:00:00+00:00,10000.0,10986.11882287618
2023-12-13 05:00:00+00:00,10000.0,10986.11882287618
2023-12-14 05:00:00+00:00,10000.0,11002.776235424764
2023-12-14 05:00:00+00:00,10000.0,11002.776235424764
2023-12-14 05:00:00+00:00,10000.0,11002.776235424764
2023-12-14 05:00:00+00:00,10000.0,11002.776235424764
2023-12-14 05:00:00+00:00,10000.0,11002.776235424764
2023-12-14 05:00:00+00:00,10000.0,11002.776235424764
2023-12-14 05:00:00+00:00,10000.0,11002.776235424764
2023-12-14 05:00:00+00:00,10000.0,11002.776235424764
2023-12-14 05:00:00+00:00,10000.0,11002.776235424764
2023-12-14 05:00:00+00:00,10000.0,11002.776235424764
2023-12-14 05:00:00+00:00,10000.0,11002.776235424764
2023-12-14 05:00:00+00:00,10000.0,11002.776235424764
2023-12-14 05:00:00+00:00,10000.0,11002.776235424764
2023-12-14 05:00:00+00:00,10000.0,11002.776235424764
2023-12-14 05:00:00+00:00,10000.0,11002.776235424764
2023-12-14 05:00:00+00:00,10000.0,11002.776235424764
2023-12-14 05:00:00+00:00,10000.0,11002.776235424764
2023-12-14 05:00:00+00:00,10000.0,11002.776235424764
2023-12-14 05:00:00+00:00,10000.0,11002.776235424764
2023-12-14 05:00:00+00:00,10000.0,11002.776235424764
2023-12-14 05:00:00+00:00,10000.0,11002.776235424764
2023-12-15 05:00:00+00:00,10000.0,10943.364797334814
2023-12-15 05:00:00+00:00,10000.0,10943.364797334814
2023-12-15 05:00:00+00:00,10000.0,10943.364797334814
2023-12-15 05:00:00+00:00,10000.0,10943.364797334814
2023-12-15 05:00:00+00:00,10000.0,10943.364797334814
2023-12-15 05:00:00+00:00,10000.0,10943.364797334814
2023-12-15 05:00:00+00:00,10000.0,10943.364797334814
2023-12-15 05:00:00+00:00,10000.0,10943.364797334814
2023-12-15 05:00:00+00:00,10000.0,10943.364797334814
2023-12-15 05:00:00+00:00,10000.0,10943.364797334814
2023-12-15 05:00:00+00:00,10000.0,10943.364797334814
2023-12-15 05:00:00+00:00,10000.0,10943.364797334814
2023-12-15 05:00:00+00:00,10000.0,10943.364797334814
2023-12-15 05:00:00+00:00,10000.0,10943.364797334814
2023-12-15 05:00:00+00:00,10000.0,10943.364797334814
2023-12-15 05:00:00+00:00,10000.0,10943.364797334814
2023-12-15 05:00:00+00:00,10000.0,10943.364797334814
2023-12-15 05:00:00+00:00,10000.0,10943.364797334814
2023-12-15 05:00:00+00:00,10000.0,10943.364797334814
2023-12-15 05:00:00+00:00,10000.0,10943.364797334814
2023-12-15 05:00:00+00:00,10000.0,10943.364797334814
2023-12-18 05:00:00+00:00,10000.0,10877.845641310385
2023-12-18 05:00:00+00:00,10000.0,10877.845641310385
2023-12-18 05:00:00+00:00,10000.0,10877.845641310385
2023-12-18 05:00:00+00:00,10000.0,10877.845641310385
2023-12-18 05:00:00+00:00,10000.0,10877.845641310385
2023-12-18 05:00:00+00:00,10000.0,10877.845641310385
2023-12-18 05:00:00+00:00,10000.0,10877.845641310385
2023-12-18 05:00:00+00:00,10000.0,10877.845641310385
2023-12-18 05:00:00+00:00,10000.0,10877.845641310385
2023-12-18 05:00:00+00:00,10000.0,10877.845641310385
2023-12-18 05:00:00+00:00,10000.0,10877.845641310385
2023-12-18 05:00:00+00:00,10000.0,10877.845641310385
2023-12-18 05:00:00+00:00,10000.0,10877.845641310385
2023-12-18 05:00:00+00:00,10000.0,10877.845641310385
2023-12-18 05:00:00+00:00,10000.0,10877.845641310385
2023-12-18 05:00:00+00:00,10000.0,10877.845641310385
2023-12-18 05:00:00+00:00,10000.0,10877.845641310385
2023-12-18 05:00:00+00:00,10000.0,10877.845641310385
2023-12-18 05:00:00+00:00,10000.0,10877.845641310385
2023-12-18 05:00:00+00:00,10000.0,10877.845641310385
2023-12-18 05:00:00+00:00,10000.0,10877.845641310385
2023-12-19 05:00:00+00:00,10000.0,10933.925596890616
2023-12-19 05:00:00+00:00,10000.0,10933.925596890616
2023-12-19 05:00:00+00:00,10000.0,10933.925596890616
2023-12-19 05:00:00+00:00,10000.0,10933.925596890616
2023-12-19 05:00:00+00:00,10000.0,10933.925596890616
2023-12-19 05:00:00+00:00,10000.0,10933.925596890616
2023-12-19 05:00:00+00:00,10000.0,10933.925596890616
2023-12-19 05:00:00+00:00,10000.0,10933.925596890616
2023-12-19 05:00:00+00:00,10000.0,10933.925596890616
2023-12-19 05:00:00+00:00,10000.0,10933.925596890616
2023-12-19 05:00:00+00:00,10000.0,10933.925596890616
2023-12-19 05:00:00+00:00,10000.0,10933.925596890616
2023-12-19 05:00:00+00:00,10000.0,10933.925596890616
2023-12-19 05:00:00+00:00,10000.0,10933.925596890616
2023-12-19 05:00:00+00:00,10000.0,10933.925596890616
2023-12-19 05:00:00+00:00,10000.0,10933.925596890616
2023-12-19 05:00:00+00:00,10000.0,10933.925596890616
2023-12-19 05:00:00+00:00,10000.0,10933.925596890616
2023-12-19 05:00:00+00:00,10000.0,10933.925596890616
2023-12-19 05:00:00+00:00,10000.0,10933.925596890616
2023-12-19 05:00:00+00:00,10000.0,10933.925596890616
2023-12-20 05:00:00+00:00,10000.0,10824.264297612439
2023-12-20 05:00:00+00:00,10000.0,10824.264297612439
2023-12-20 05:00:00+00:00,10000.0,10824.264297612439
2023-12-20 05:00:00+00:00,10000.0,10824.264297612439
2023-12-20 05:00:00+00:00,10000.0,10824.264297612439
2023-12-20 05:00:00+00:00,10000.0,10824.264297612439
2023-12-20 05:00:00+00:00,10000.0,10824.264297612439
2023-12-20 05:00:00+00:00,10000.0,10824.264297612439
2023-12-20 05:00:00+00:00,10000.0,10824.264297612439
2023-12-20 05:00:00+00:00,10000.0,10824.264297612439
2023-12-20 05:00:00+00:00,10000.0,10824.264297612439
2023-12-20 05:00:00+00:00,10000.0,10824.264297612439
2023-12-20 05:00:00+00:00,10000.0,10824.264297612439
2023-12-20 05:00:00+00:00,10000.0,10824.264297612439
2023-12-20 05:00:00+00:00,10000.0,10824.264297612439
2023-12-20 05:00:00+00:00,10000.0,10824.264297612439
2023-12-20 05:00:00+00:00,10000.0,10824.264297612439
2023-12-20 05:00:00+00:00,10000.0,10824.264297612439
2023-12-20 05:00:00+00:00,10000.0,10824.264297612439
2023-12-20 05:00:00+00:00,10000.0,10824.264297612439
2023-12-20 05:00:00+00:00,10000.0,10824.264297612439
2023-12-21 05:00:00+00:00,10000.0,10810.660744031093
2023-12-21 05:00:00+00:00,10000.0,10810.660744031093
2023-12-21 05:00:00+00:00,10000.0,10810.660744031093
2023-12-21 05:00:00+00:00,10000.0,10810.660744031093
2023-12-21 05:00:00+00:00,10000.0,10810.660744031093
2023-12-21 05:00:00+00:00,10000.0,10810.660744031093
2023-12-21 05:00:00+00:00,10000.0,10810.660744031093
2023-12-21 05:00:00+00:00,10000.0,10810.660744031093
2023-12-21 05:00:00+00:00,10000.0,10810.660744031093
2023-12-21 05:00:00+00:00,10000.0,10810.660744031093
2023-12-21 05:00:00+00:00,10000.0,10810.660744031093
2023-12-21 05:00:00+00:00,10000.0,10810.660744031093
2023-12-21 05:00:00+00:00,10000.0,10810.660744031093
2023-12-21 05:00:00+00:00,10000.0,10810.660744031093
2023-12-21 05:00:00+00:00,10000.0,10810.660744031093
2023-12-21 05:00:00+00:00,10000.0,10810.660744031093
2023-12-21 05:00:00+00:00,10000.0,10810.660744031093
2023-12-21 05:00:00+00:00,10000.0,10810.660744031093
2023-12-21 05:00:00+00:00,10000.0,10810.660744031093
2023-12-21 05:00:00+00:00,10000.0,10810.660744031093
2023-12-21 05:00:00+00:00,10000.0,10810.660744031093
2023-12-22 05:00:00+00:00,10000.0,10749.028317601333
2023-12-22 05:00:00+00:00,10000.0,10749.028317601333
2023-12-22 05:00:00+00:00,10000.0,10749.028317601333
2023-12-22 05:00:00+00:00,10000.0,10749.028317601333
2023-12-22 05:00:00+00:00,10000.0,10749.028317601333
2023-12-22 05:00:00+00:00,10000.0,10749.028317601333
2023-12-22 05:00:00+00:00,10000.0,10749.028317601333
2023-12-22 05:00:00+00:00,10000.0,10749.028317601333
2023-12-22 05:00:00+00:00,10000.0,10749.028317601333
2023-12-22 05:00:00+00:00,10000.0,10749.028317601333
2023-12-22 05:00:00+00:00,10000.0,10749.028317601333
2023-12-22 05:00:00+00:00,10000.0,10749.028317601333
2023-12-22 05:00:00+00:00,10000.0,10749.028317601333
2023-12-22 05:00:00+00:00,10000.0,10749.028317601333
2023-12-22 05:00:00+00:00,10000.0,10749.028317601333
2023-12-22 05:00:00+00:00,10000.0,10749.028317601333
2023-12-22 05:00:00+00:00,10000.0,10749.028317601333
2023-12-22 05:00:00+00:00,10000.0,10749.028317601333
2023-12-22 05:00:00+00:00,10000.0,10749.028317601333
2023-12-22 05:00:00+00:00,10000.0,10749.028317601333
2023-12-22 05:00:00+00:00,10000.0,10749.028317601333
2023-12-26 05:00:00+00:00,10000.0,10721.265963353691
2023-12-26 05:00:00+00:00,10000.0,10721.265963353691
2023-12-26 05:00:00+00:00,10000.0,10721.265963353691
2023-12-26 05:00:00+00:00,10000.0,10721.265963353691
2023-12-26 05:00:00+00:00,10000.0,10721.265963353691
2023-12-26 05:00:00+00:00,10000.0,10721.265963353691
2023-12-26 05:00:00+00:00,10000.0,10721.265963353691
2023-12-26 05:00:00+00:00,10000.0,10721.265963353691
2023-12-26 05:00:00+00:00,10000.0,10721.265963353691
2023-12-26 05:00:00+00:00,10000.0,10721.265963353691
2023-12-26 05:00:00+00:00,10000.0,10721.265963353691
2023-12-26 05:00:00+00:00,10000.0,10721.265963353691
2023-12-26 05:00:00+00:00,10000.0,10721.265963353691
2023-12-26 05:00:00+00:00,10000.0,10721.265963353691
2023-12-26 05:00:00+00:00,10000.0,10721.265963353691
2023-12-26 05:00:00+00:00,10000.0,10721.265963353691
2023-12-26 05:00:00+00:00,10000.0,10721.265963353691
2023-12-26 05:00:00+00:00,10000.0,10721.265963353691
2023-12-26 05:00:00+00:00,10000.0,10721.265963353691
2023-12-26 05:00:00+00:00,10000.0,10721.265963353691
2023-12-26 05:00:00+00:00,10000.0,10721.265963353691
2023-12-27 05:00:00+00:00,10000.0,10726.81843420322
2023-12-27 05:00:00+00:00,10000.0,10726.81843420322
2023-12-27 05:00:00+00:00,10000.0,10726.81843420322
2023-12-27 05:00:00+00:00,10000.0,10726.81843420322
2023-12-27 05:00:00+00:00,10000.0,10726.81843420322
2023-12-27 05:00:00+00:00,10000.0,10726.81843420322
2023-12-27 05:00:00+00:00,10000.0,10726.81843420322
2023-12-27 05:00:00+00:00,10000.0,10726.81843420322
2023-12-27 05:00:00+00:00,10000.0,10726.81843420322
2023-12-27 05:00:00+00:00,10000.0,10726.81843420322
2023-12-27 05:00:00+00:00,10000.0,10726.81843420322
2023-12-27 05:00:00+00:00,10000.0,10726.81843420322
2023-12-27 05:00:00+00:00,10000.0,10726.81843420322
2023-12-27 05:00:00+00:00,10000.0,10726.81843420322
2023-12-27 05:00:00+00:00,10000.0,10726.81843420322
2023-12-27 05:00:00+00:00,10000.0,10726.81843420322
2023-12-27 05:00:00+00:00,10000.0,10726.81843420322
2023-12-27 05:00:00+00:00,10000.0,10726.81843420322
2023-12-27 05:00:00+00:00,10000.0,10726.81843420322
2023-12-27 05:00:00+00:00,10000.0,10726.81843420322
2023-12-27 05:00:00+00:00,10000.0,10726.81843420322
2023-12-28 05:00:00+00:00,10000.0,10750.13881177124
2023-12-28 05:00:00+00:00,10000.0,10750.13881177124
2023-12-28 05:00:00+00:00,10000.0,10750.13881177124
2023-12-28 05:00:00+00:00,10000.0,10750.13881177124
2023-12-28 05:00:00+00:00,10000.0,10750.13881177124
2023-12-28 05:00:00+00:00,10000.0,10750.13881177124
2023-12-28 05:00:00+00:00,10000.0,10750.13881177124
2023-12-28 05:00:00+00:00,10000.0,10750.13881177124
2023-12-28 05:00:00+00:00,10000.0,10750.13881177124
2023-12-28 05:00:00+00:00,10000.0,10750.13881177124
2023-12-28 05:00:00+00:00,10000.0,10750.13881177124
2023-12-28 05:00:00+00:00,10000.0,10750.13881177124
2023-12-28 05:00:00+00:00,10000.0,10750.13881177124
2023-12-28 05:00:00+00:00,10000.0,10750.13881177124
2023-12-28 05:00:00+00:00,10000.0,10750.13881177124
2023-12-28 05:00:00+00:00,10000.0,10750.13881177124
2023-12-28 05:00:00+00:00,10000.0,10750.13881177124
2023-12-28 05:00:00+00:00,10000.0,10750.13881177124
2023-12-28 05:00:00+00:00,10000.0,10750.13881177124
2023-12-28 05:00:00+00:00,10000.0,10750.13881177124
2023-12-29 05:00:00+00:00,10000.0,10694.614103275959
2023-12-29 05:00:00+00:00,10000.0,10694.614103275959
2023-12-29 05:00:00+00:00,10000.0,10694.614103275959
2023-12-29 05:00:00+00:00,10000.0,10694.614103275959
2023-12-29 05:00:00+00:00,10000.0,10694.614103275959
2023-12-29 05:00:00+00:00,10000.0,10694.614103275959
2023-12-29 05:00:00+00:00,10000.0,10694.614103275959
2023-12-29 05:00:00+00:00,10000.0,10694.614103275959
2023-12-29 05:00:00+00:00,10000.0,10694.614103275959
2023-12-29 05:00:00+00:00,10000.0,10694.614103275959
2023-12-29 05:00:00+00:00,10000.0,10694.614103275959
2023-12-29 05:00:00+00:00,10000.0,10694.614103275959
2023-12-29 05:00:00+00:00,10000.0,10694.614103275959
2023-12-29 05:00:00+00:00,10000.0,10694.614103275959
2023-12-29 05:00:00+00:00,10000.0,10694.614103275959
2023-12-29 05:00:00+00:00,10000.0,10694.614103275959
2023-12-29 05:00:00+00:00,10000.0,10694.614103275959
2023-12-29 05:00:00+00:00,10000.0,10694.614103275959
2023-12-29 05:00:00+00:00,10000.0,10694.614103275959
2023-12-29 05:00:00+00:00,10000.0,10694.614103275959
2024-01-02 05:00:00+00:00,10000.0,10302.60966129928
2024-01-02 05:00:00+00:00,10000.0,10302.60966129928
2024-01-02 05:00:00+00:00,10000.0,10302.60966129928
2024-01-02 05:00:00+00:00,10000.0,10302.60966129928
2024-01-02 05:00:00+00:00,10000.0,10302.60966129928
2024-01-02 05:00:00+00:00,10000.0,10302.60966129928
2024-01-02 05:00:00+00:00,10000.0,10302.60966129928
2024-01-02 05:00:00+00:00,10000.0,10302.60966129928
2024-01-02 05:00:00+00:00,10000.0,10302.60966129928
2024-01-02 05:00:00+00:00,10000.0,10302.60966129928
2024-01-02 05:00:00+00:00,10000.0,10302.60966129928
2024-01-02 05:00:00+00:00,10000.0,10302.60966129928
2024-01-02 05:00:00+00:00,10000.0,10302.60966129928
2024-01-02 05:00:00+00:00,10000.0,10302.60966129928
2024-01-02 05:00:00+00:00,10000.0,10302.60966129928
2024-01-02 05:00:00+00:00,10000.0,10302.60966129928
2024-01-02 05:00:00+00:00,10000.0,10302.60966129928
2024-01-02 05:00:00+00:00,10000.0,10302.60966129928
2024-01-02 05:00:00+00:00,10000.0,10302.60966129928
2024-01-02 05:00:00+00:00,10000.0,10302.60966129928
2024-01-03 05:00:00+00:00,10000.0,10229.872293170461
2024-01-03 05:00:00+00:00,10000.0,10229.872293170461
2024-01-03 05:00:00+00:00,10000.0,10229.872293170461
2024-01-03 05:00:00+00:00,10000.0,10229.872293170461
2024-01-03 05:00:00+00:00,10000.0,10229.872293170461
2024-01-03 05:00:00+00:00,10000.0,10229.872293170461
2024-01-03 05:00:00+00:00,10000.0,10229.872293170461
2024-01-03 05:00:00+00:00,10000.0,10229.872293170461
2024-01-03 05:00:00+00:00,10000.0,10229.872293170461
2024-01-03 05:00:00+00:00,10000.0,10229.872293170461
2024-01-03 05:00:00+00:00,10000.0,10229.872293170461
2024-01-03 05:00:00+00:00,10000.0,10229.872293170461
2024-01-03 05:00:00+00:00,10000.0,10229.872293170461
2024-01-03 05:00:00+00:00,10000.0,10229.872293170461
2024-01-03 05:00:00+00:00,10000.0,10229.872293170461
2024-01-03 05:00:00+00:00,10000.0,10229.872293170461
2024-01-03 05:00:00+00:00,10000.0,10229.872293170461
2024-01-03 05:00:00+00:00,10000.0,10229.872293170461
2024-01-03 05:00:00+00:00,10000.0,10229.872293170461
2024-01-03 05:00:00+00:00,10000.0,10229.872293170461
2024-01-04 05:00:00+00:00,10000.0,10105.496946141033
2024-01-04 05:00:00+00:00,10000.0,10105.496946141033
2024-01-04 05:00:00+00:00,10000.0,10105.496946141033
2024-01-04 05:00:00+00:00,10000.0,10105.496946141033
2024-01-04 05:00:00+00:00,10000.0,10105.496946141033
2024-01-04 05:00:00+00:00,10000.0,10105.496946141033
2024-01-04 05:00:00+00:00,10000.0,10105.496946141033
2024-01-04 05:00:00+00:00,10000.0,10105.496946141033
2024-01-04 05:00:00+00:00,10000.0,10105.496946141033
2024-01-04 05:00:00+00:00,10000.0,10105.496946141033
2024-01-04 05:00:00+00:00,10000.0,10105.496946141033
2024-01-04 05:00:00+00:00,10000.0,10105.496946141033
2024-01-04 05:00:00+00:00,10000.0,10105.496946141033
2024-01-04 05:00:00+00:00,10000.0,10105.496946141033
2024-01-04 05:00:00+00:00,10000.0,10105.496946141033
2024-01-04 05:00:00+00:00,10000.0,10105.496946141033
2024-01-04 05:00:00+00:00,10000.0,10105.496946141033
2024-01-04 05:00:00+00:00,10000.0,10105.496946141033
2024-01-04 05:00:00+00:00,10000.0,10105.496946141033
2024-01-04 05:00:00+00:00,10000.0,10105.496946141033
2024-01-05 05:00:00+00:00,10000.0,10054.969461410328
2024-01-05 05:00:00+00:00,10000.0,10054.969461410328
2024-01-05 05:00:00+00:00,10000.0,10054.969461410328
2024-01-05 05:00:00+00:00,10000.0,10054.969461410328
2024-01-05 05:00:00+00:00,10000.0,10054.969461410328
2024-01-05 05:00:00+00:00,10000.0,10054.969461410328
2024-01-05 05:00:00+00:00,10000.0,10054.969461410328
2024-01-05 05:00:00+00:00,10000.0,10054.969461410328
2024-01-05 05:00:00+00:00,10000.0,10054.969461410328
2024-01-05 05:00:00+00:00,10000.0,10054.969461410328
2024-01-05 05:00:00+00:00,10000.0,10054.969461410328
2024-01-05 05:00:00+00:00,10000.0,10054.969461410328
2024-01-05 05:00:00+00:00,10000.0,10054.969461410328
2024-01-05 05:00:00+00:00,10000.0,10054.969461410328
2024-01-05 05:00:00+00:00,10000.0,10054.969461410328
2024-01-05 05:00:00+00:00,10000.0,10054.969461410328
2024-01-05 05:00:00+00:00,10000.0,10054.969461410328
2024-01-05 05:00:00+00:00,10000.0,10054.969461410328
2024-01-05 05:00:00+00:00,10000.0,10054.969461410328
2024-01-05 05:00:00+00:00,10000.0,10054.969461410328
2024-01-08 05:00:00+00:00,10000.0,10301.776790671849
2024-01-08 05:00:00+00:00,10000.0,10301.776790671849
2024-01-08 05:00:00+00:00,10000.0,10301.776790671849
2024-01-08 05:00:00+00:00,10000.0,10301.776790671849
2024-01-08 05:00:00+00:00,10000.0,10301.776790671849
2024-01-08 05:00:00+00:00,10000.0,10301.776790671849
2024-01-08 05:00:00+00:00,10000.0,10301.776790671849
2024-01-08 05:00:00+00:00,10000.0,10301.776790671849
2024-01-08 05:00:00+00:00,10000.0,10301.776790671849
2024-01-08 05:00:00+00:00,10000.0,10301.776790671849
2024-01-08 05:00:00+00:00,10000.0,10301.776790671849
2024-01-08 05:00:00+00:00,10000.0,10301.776790671849
2024-01-08 05:00:00+00:00,10000.0,10301.776790671849
2024-01-08 05:00:00+00:00,10000.0,10301.776790671849
2024-01-08 05:00:00+00:00,10000.0,10301.776790671849
2024-01-08 05:00:00+00:00,10000.0,10301.776790671849
2024-01-08 05:00:00+00:00,10000.0,10301.776790671849
2024-01-08 05:00:00+00:00,10000.0,10301.776790671849
2024-01-08 05:00:00+00:00,10000.0,10301.776790671849
2024-01-08 05:00:00+00:00,10000.0,10301.776790671849
2024-01-09 05:00:00+00:00,10000.0,10275.957801221542
2024-01-09 05:00:00+00:00,10000.0,10275.957801221542
2024-01-09 05:00:00+00:00,10000.0,10275.957801221542
2024-01-09 05:00:00+00:00,10000.0,10275.957801221542
2024-01-09 05:00:00+00:00,10000.0,10275.957801221542
2024-01-09 05:00:00+00:00,10000.0,10275.957801221542
2024-01-09 05:00:00+00:00,10000.0,10275.957801221542
2024-01-09 05:00:00+00:00,10000.0,10275.957801221542
2024-01-09 05:00:00+00:00,10000.0,10275.957801221542
2024-01-09 05:00:00+00:00,10000.0,10275.957801221542
2024-01-09 05:00:00+00:00,10000.0,10275.957801221542
2024-01-09 05:00:00+00:00,10000.0,10275.957801221542
2024-01-09 05:00:00+00:00,10000.0,10275.957801221542
2024-01-09 05:00:00+00:00,10000.0,10275.957801221542
2024-01-09 05:00:00+00:00,10000.0,10275.957801221542
2024-01-09 05:00:00+00:00,10000.0,10275.957801221542
2024-01-09 05:00:00+00:00,10000.0,10275.957801221542
2024-01-09 05:00:00+00:00,10000.0,10275.957801221542
2024-01-09 05:00:00+00:00,10000.0,10275.957801221542
2024-01-09 05:00:00+00:00,10000.0,10275.957801221542
2024-01-10 05:00:00+00:00,10000.0,10334.813992226542
2024-01-10 05:00:00+00:00,10000.0,10334.813992226542
2024-01-10 05:00:00+00:00,10000.0,10334.813992226542
2024-01-10 05:00:00+00:00,10000.0,10334.813992226542
2024-01-10 05:00:00+00:00,10000.0,10334.813992226542
2024-01-10 05:00:00+00:00,10000.0,10334.813992226542
2024-01-10 05:00:00+00:00,10000.0,10334.813992226542
2024-01-10 05:00:00+00:00,10000.0,10334.813992226542
2024-01-10 05:00:00+00:00,10000.0,10334.813992226542
2024-01-10 05:00:00+00:00,10000.0,10334.813992226542
2024-01-10 05:00:00+00:00,10000.0,10334.813992226542
2024-01-10 05:00:00+00:00,10000.0,10334.813992226542
2024-01-10 05:00:00+00:00,10000.0,10334.813992226542
2024-01-10 05:00:00+00:00,10000.0,10334.813992226542
2024-01-10 05:00:00+00:00,10000.0,10334.813992226542
2024-01-10 05:00:00+00:00,10000.0,10334.813992226542
2024-01-10 05:00:00+00:00,10000.0,10334.813992226542
2024-01-10 05:00:00+00:00,10000.0,10334.813992226542
2024-01-10 05:00:00+00:00,10000.0,10334.813992226542
2024-01-10 05:00:00+00:00,10000.0,10334.813992226542
2024-01-11 05:00:00+00:00,10000.0,10307.0516379789
2024-01-11 05:00:00+00:00,10000.0,10307.0516379789
2024-01-11 05:00:00+00:00,10000.0,10307.0516379789
2024-01-11 05:00:00+00:00,10000.0,10307.0516379789
2024-01-11 05:00:00+00:00,10000.0,10307.0516379789
2024-01-11 05:00:00+00:00,10000.0,10307.0516379789
2024-01-11 05:00:00+00:00,10000.0,10307.0516379789
2024-01-11 05:00:00+00:00,10000.0,10307.0516379789
2024-01-11 05:00:00+00:00,10000.0,10307.0516379789
2024-01-11 05:00:00+00:00,10000.0,10307.0516379789
2024-01-11 05:00:00+00:00,10000.0,10307.0516379789
2024-01-11 05:00:00+00:00,10000.0,10307.0516379789
2024-01-11 05:00:00+00:00,10000.0,10307.0516379789
2024-01-11 05:00:00+00:00,10000.0,10307.0516379789
2024-01-11 05:00:00+00:00,10000.0,10307.0516379789
2024-01-11 05:00:00+00:00,10000.0,10307.0516379789
2024-01-11 05:00:00+00:00,10000.0,10307.0516379789
2024-01-11 05:00:00+00:00,10000.0,10307.0516379789
2024-01-11 05:00:00+00:00,10000.0,10307.0516379789
2024-01-11 05:00:00+00:00,10000.0,10307.0516379789
2024-01-12 05:00:00+00:00,10000.0,10318.156579677958
2024-01-12 05:00:00+00:00,10000.0,10318.156579677958
2024-01-12 05:00:00+00:00,10000.0,10318.156579677958
2024-01-12 05:00:00+00:00,10000.0,10318.156579677958
2024-01-12 05:00:00+00:00,10000.0,10318.156579677958
2024-01-12 05:00:00+00:00,10000.0,10318.156579677958
2024-01-12 05:00:00+00:00,10000.0,10318.156579677958
2024-01-12 05:00:00+00:00,10000.0,10318.156579677958
2024-01-12 05:00:00+00:00,10000.0,10318.156579677958
2024-01-12 05:00:00+00:00,10000.0,10318.156579677958
2024-01-12 05:00:00+00:00,10000.0,10318.156579677958
2024-01-12 05:00:00+00:00,10000.0,10318.156579677958
2024-01-12 05:00:00+00:00,10000.0,10318.156579677958
2024-01-12 05:00:00+00:00,10000.0,10318.156579677958
2024-01-12 05:00:00+00:00,10000.0,10318.156579677958
2024-01-12 05:00:00+00:00,10000.0,10318.156579677958
2024-01-12 05:00:00+00:00,10000.0,10318.156579677958
2024-01-12 05:00:00+00:00,10000.0,10318.156579677958
2024-01-12 05:00:00+00:00,10000.0,10318.156579677958
2024-01-12 05:00:00+00:00,10000.0,10318.156579677958
2024-01-16 05:00:00+00:00,10000.0,10192.670738478622
2024-01-16 05:00:00+00:00,10000.0,10192.670738478622
2024-01-16 05:00:00+00:00,10000.0,10192.670738478622
2024-01-16 05:00:00+00:00,10000.0,10192.670738478622
2024-01-16 05:00:00+00:00,10000.0,10192.670738478622
2024-01-16 05:00:00+00:00,10000.0,10192.670738478622
2024-01-16 05:00:00+00:00,10000.0,10192.670738478622
2024-01-16 05:00:00+00:00,10000.0,10192.670738478622
2024-01-16 05:00:00+00:00,10000.0,10192.670738478622
2024-01-16 05:00:00+00:00,10000.0,10192.670738478622
2024-01-16 05:00:00+00:00,10000.0,10192.670738478622
2024-01-16 05:00:00+00:00,10000.0,10192.670738478622
2024-01-16 05:00:00+00:00,10000.0,10192.670738478622
2024-01-16 05:00:00+00:00,10000.0,10192.670738478622
2024-01-16 05:00:00+00:00,10000.0,10192.670738478622
2024-01-16 05:00:00+00:00,10000.0,10192.670738478622
2024-01-16 05:00:00+00:00,10000.0,10192.670738478622
2024-01-16 05:00:00+00:00,10000.0,10192.670738478622
2024-01-16 05:00:00+00:00,10000.0,10192.670738478622
2024-01-16 05:00:00+00:00,10000.0,10192.670738478622
2024-01-17 05:00:00+00:00,10000.0,10141.032759578013
2024-01-17 05:00:00+00:00,10000.0,10141.032759578013
2024-01-17 05:00:00+00:00,10000.0,10141.032759578013
2024-01-17 05:00:00+00:00,10000.0,10141.032759578013
2024-01-17 05:00:00+00:00,10000.0,10141.032759578013
2024-01-17 05:00:00+00:00,10000.0,10141.032759578013
2024-01-17 05:00:00+00:00,10000.0,10141.032759578013
2024-01-17 05:00:00+00:00,10000.0,10141.032759578013
2024-01-17 05:00:00+00:00,10000.0,10141.032759578013
2024-01-17 05:00:00+00:00,10000.0,10141.032759578013
2024-01-17 05:00:00+00:00,10000.0,10141.032759578013
2024-01-17 05:00:00+00:00,10000.0,10141.032759578013
2024-01-17 05:00:00+00:00,10000.0,10141.032759578013
2024-01-17 05:00:00+00:00,10000.0,10141.032759578013
2024-01-17 05:00:00+00:00,10000.0,10141.032759578013
2024-01-17 05:00:00+00:00,10000.0,10141.032759578013
2024-01-17 05:00:00+00:00,10000.0,10141.032759578013
2024-01-17 05:00:00+00:00,10000.0,10141.032759578013
2024-01-17 05:00:00+00:00,10000.0,10141.032759578013
2024-01-17 05:00:00+00:00,10000.0,10141.032759578013
2024-01-18 05:00:00+00:00,10000.0,10477.51249305941
2024-01-18 05:00:00+00:00,10000.0,10477.51249305941
2024-01-18 05:00:00+00:00,10000.0,10477.51249305941
2024-01-18 05:00:00+00:00,10000.0,10477.51249305941
2024-01-18 05:00:00+00:00,10000.0,10477.51249305941
2024-01-18 05:00:00+00:00,10000.0,10477.51249305941
2024-01-18 05:00:00+00:00,10000.0,10477.51249305941
2024-01-18 05:00:00+00:00,10000.0,10477.51249305941
2024-01-18 05:00:00+00:00,10000.0,10477.51249305941
2024-01-18 05:00:00+00:00,10000.0,10477.51249305941
2024-01-18 05:00:00+00:00,10000.0,10477.51249305941
2024-01-18 05:00:00+00:00,10000.0,10477.51249305941
2024-01-18 05:00:00+00:00,10000.0,10477.51249305941
2024-01-18 05:00:00+00:00,10000.0,10477.51249305941
2024-01-18 05:00:00+00:00,10000.0,10477.51249305941
2024-01-18 05:00:00+00:00,10000.0,10477.51249305941
2024-01-18 05:00:00+00:00,10000.0,10477.51249305941
2024-01-18 05:00:00+00:00,10000.0,10477.51249305941
2024-01-18 05:00:00+00:00,10000.0,10477.51249305941
2024-01-18 05:00:00+00:00,10000.0,10477.51249305941
2024-01-19 05:00:00+00:00,10000.0,10635.757912270963
2024-01-19 05:00:00+00:00,10000.0,10635.757912270963
2024-01-19 05:00:00+00:00,10000.0,10635.757912270963
2024-01-19 05:00:00+00:00,10000.0,10635.757912270963
2024-01-19 05:00:00+00:00,10000.0,10635.757912270963
2024-01-19 05:00:00+00:00,10000.0,10635.757912270963
2024-01-19 05:00:00+00:00,10000.0,10635.757912270963
2024-01-19 05:00:00+00:00,10000.0,10635.757912270963
2024-01-19 05:00:00+00:00,10000.0,10635.757912270963
2024-01-19 05:00:00+00:00,10000.0,10635.757912270963
2024-01-19 05:00:00+00:00,10000.0,10635.757912270963
2024-01-19 05:00:00+00:00,10000.0,10635.757912270963
2024-01-19 05:00:00+00:00,10000.0,10635.757912270963
2024-01-19 05:00:00+00:00,10000.0,10635.757912270963
2024-01-19 05:00:00+00:00,10000.0,10635.757912270963
2024-01-19 05:00:00+00:00,10000.0,10635.757912270963
2024-01-19 05:00:00+00:00,10000.0,10635.757912270963
2024-01-19 05:00:00+00:00,10000.0,10635.757912270963
2024-01-19 05:00:00+00:00,10000.0,10635.757912270963
2024-01-19 05:00:00+00:00,10000.0,10635.757912270963
2024-01-22 05:00:00+00:00,10000.0,10765.685730149917
2024-01-22 05:00:00+00:00,10000.0,10765.685730149917
2024-01-22 05:00:00+00:00,10000.0,10765.685730149917
2024-01-22 05:00:00+00:00,10000.0,10765.685730149917
2024-01-22 05:00:00+00:00,10000.0,10765.685730149917
2024-01-22 05:00:00+00:00,10000.0,10765.685730149917
2024-01-22 05:00:00+00:00,10000.0,10765.685730149917
2024-01-22 05:00:00+00:00,10000.0,10765.685730149917
2024-01-22 05:00:00+00:00,10000.0,10765.685730149917
2024-01-22 05:00:00+00:00,10000.0,10765.685730149917
2024-01-22 05:00:00+00:00,10000.0,10765.685730149917
2024-01-22 05:00:00+00:00,10000.0,10765.685730149917
2024-01-22 05:00:00+00:00,10000.0,10765.685730149917
2024-01-22 05:00:00+00:00,10000.0,10765.685730149917
2024-01-22 05:00:00+00:00,10000.0,10765.685730149917
2024-01-22 05:00:00+00:00,10000.0,10765.685730149917
2024-01-22 05:00:00+00:00,10000.0,10765.685730149917
2024-01-22 05:00:00+00:00,10000.0,10765.685730149917
2024-01-22 05:00:00+00:00,10000.0,10765.685730149917
2024-01-22 05:00:00+00:00,10000.0,10765.685730149917
2024-01-23 05:00:00+00:00,10000.0,10834.536368684065
2024-01-23 05:00:00+00:00,10000.0,10834.536368684065
2024-01-23 05:00:00+00:00,10000.0,10834.536368684065
2024-01-23 05:00:00+00:00,10000.0,10834.536368684065
2024-01-23 05:00:00+00:00,10000.0,10834.536368684065
2024-01-23 05:00:00+00:00,10000.0,10834.536368684065
2024-01-23 05:00:00+00:00,10000.0,10834.536368684065
2024-01-23 05:00:00+00:00,10000.0,10834.536368684065
2024-01-23 05:00:00+00:00,10000.0,10834.536368684065
2024-01-23 05:00:00+00:00,10000.0,10834.536368684065
2024-01-23 05:00:00+00:00,10000.0,10834.536368684065
2024-01-23 05:00:00+00:00,10000.0,10834.536368684065
2024-01-23 05:00:00+00:00,10000.0,10834.536368684065
2024-01-23 05:00:00+00:00,10000.0,10834.536368684065
2024-01-23 05:00:00+00:00,10000.0,10834.536368684065
2024-01-23 05:00:00+00:00,10000.0,10834.536368684065
2024-01-23 05:00:00+00:00,10000.0,10834.536368684065
2024-01-23 05:00:00+00:00,10000.0,10834.536368684065
2024-01-23 05:00:00+00:00,10000.0,10834.536368684065
2024-01-23 05:00:00+00:00,10000.0,10834.536368684065
2024-01-24 05:00:00+00:00,10000.0,10803.164908384231
2024-01-24 05:00:00+00:00,10000.0,10803.164908384231
2024-01-24 05:00:00+00:00,10000.0,10803.164908384231
2024-01-24 05:00:00+00:00,10000.0,10803.164908384231
2024-01-24 05:00:00+00:00,10000.0,10803.164908384231
2024-01-24 05:00:00+00:00,10000.0,10803.164908384231
2024-01-24 05:00:00+00:00,10000.0,10803.164908384231
2024-01-24 05:00:00+00:00,10000.0,10803.164908384231
2024-01-24 05:00:00+00:00,10000.0,10803.164908384231
2024-01-24 05:00:00+00:00,10000.0,10803.164908384231
2024-01-24 05:00:00+00:00,10000.0,10803.164908384231
2024-01-24 05:00:00+00:00,10000.0,10803.164908384231
2024-01-24 05:00:00+00:00,10000.0,10803.164908384231
2024-01-24 05:00:00+00:00,10000.0,10803.164908384231
2024-01-24 05:00:00+00:00,10000.0,10803.164908384231
2024-01-24 05:00:00+00:00,10000.0,10803.164908384231
2024-01-24 05:00:00+00:00,10000.0,10803.164908384231
2024-01-24 05:00:00+00:00,10000.0,10803.164908384231
2024-01-24 05:00:00+00:00,10000.0,10803.164908384231
2024-01-24 05:00:00+00:00,10000.0,10803.164908384231
2024-01-25 05:00:00+00:00,10000.0,10782.3431426985
2024-01-25 05:00:00+00:00,10000.0,10782.3431426985
2024-01-25 05:00:00+00:00,10000.0,10782.3431426985
2024-01-25 05:00:00+00:00,10000.0,10782.3431426985
2024-01-25 05:00:00+00:00,10000.0,10782.3431426985
2024-01-25 05:00:00+00:00,10000.0,10782.3431426985
2024-01-25 05:00:00+00:00,10000.0,10782.3431426985
2024-01-25 05:00:00+00:00,10000.0,10782.3431426985
2024-01-25 05:00:00+00:00,10000.0,10782.3431426985
2024-01-25 05:00:00+00:00,10000.0,10782.3431426985
2024-01-25 05:00:00+00:00,10000.0,10782.3431426985
2024-01-25 05:00:00+00:00,10000.0,10782.3431426985
2024-01-25 05:00:00+00:00,10000.0,10782.3431426985
2024-01-25 05:00:00+00:00,10000.0,10782.3431426985
2024-01-25 05:00:00+00:00,10000.0,10782.3431426985
2024-01-25 05:00:00+00:00,10000.0,10782.3431426985
2024-01-25 05:00:00+00:00,10000.0,10782.3431426985
2024-01-25 05:00:00+00:00,10000.0,10782.3431426985
2024-01-25 05:00:00+00:00,10000.0,10782.3431426985
2024-01-25 05:00:00+00:00,10000.0,10782.3431426985
2024-01-26 05:00:00+00:00,10000.0,10681.288173237092
2024-01-26 05:00:00+00:00,10000.0,10681.288173237092
2024-01-26 05:00:00+00:00,10000.0,10681.288173237092
2024-01-26 05:00:00+00:00,10000.0,10681.288173237092
2024-01-26 05:00:00+00:00,10000.0,10681.288173237092
2024-01-26 05:00:00+00:00,10000.0,10681.288173237092
2024-01-26 05:00:00+00:00,10000.0,10681.288173237092
2024-01-26 05:00:00+00:00,10000.0,10681.288173237092
2024-01-26 05:00:00+00:00,10000.0,10681.288173237092
2024-01-26 05:00:00+00:00,10000.0,10681.288173237092
2024-01-26 05:00:00+00:00,10000.0,10681.288173237092
2024-01-26 05:00:00+00:00,10000.0,10681.288173237092
2024-01-26 05:00:00+00:00,10000.0,10681.288173237092
2024-01-26 05:00:00+00:00,10000.0,10681.288173237092
2024-01-26 05:00:00+00:00,10000.0,10681.288173237092
2024-01-26 05:00:00+00:00,10000.0,10681.288173237092
2024-01-26 05:00:00+00:00,10000.0,10681.288173237092
2024-01-26 05:00:00+00:00,10000.0,10681.288173237092
2024-01-26 05:00:00+00:00,10000.0,10681.288173237092
2024-01-26 05:00:00+00:00,10000.0,10681.288173237092
2024-01-29 05:00:00+00:00,10000.0,10647.695724597446
2024-01-29 05:00:00+00:00,10000.0,10647.695724597446
2024-01-29 05:00:00+00:00,10000.0,10647.695724597446
2024-01-29 05:00:00+00:00,10000.0,10647.695724597446
2024-01-29 05:00:00+00:00,10000.0,10647.695724597446
2024-01-29 05:00:00+00:00,10000.0,10647.695724597446
2024-01-29 05:00:00+00:00,10000.0,10647.695724597446
2024-01-29 05:00:00+00:00,10000.0,10647.695724597446
2024-01-29 05:00:00+00:00,10000.0,10647.695724597446
2024-01-29 05:00:00+00:00,10000.0,10647.695724597446
2024-01-29 05:00:00+00:00,10000.0,10647.695724597446
2024-01-29 05:00:00+00:00,10000.0,10647.695724597446
2024-01-29 05:00:00+00:00,10000.0,10647.695724597446
2024-01-29 05:00:00+00:00,10000.0,10647.695724597446
2024-01-29 05:00:00+00:00,10000.0,10647.695724597446
2024-01-29 05:00:00+00:00,10000.0,10647.695724597446
2024-01-29 05:00:00+00:00,10000.0,10647.695724597446
2024-01-29 05:00:00+00:00,10000.0,10647.695724597446
2024-01-29 05:00:00+00:00,10000.0,10647.695724597446
2024-01-30 05:00:00+00:00,10000.0,10438.645197112715
2024-01-30 05:00:00+00:00,10000.0,10438.645197112715
2024-01-30 05:00:00+00:00,10000.0,10438.645197112715
2024-01-30 05:00:00+00:00,10000.0,10438.645197112715
2024-01-30 05:00:00+00:00,10000.0,10438.645197112715
2024-01-30 05:00:00+00:00,10000.0,10438.645197112715
2024-01-30 05:00:00+00:00,10000.0,10438.645197112715
2024-01-30 05:00:00+00:00,10000.0,10438.645197112715
2024-01-30 05:00:00+00:00,10000.0,10438.645197112715
2024-01-30 05:00:00+00:00,10000.0,10438.645197112715
2024-01-30 05:00:00+00:00,10000.0,10438.645197112715
2024-01-30 05:00:00+00:00,10000.0,10438.645197112715
2024-01-30 05:00:00+00:00,10000.0,10438.645197112715
2024-01-30 05:00:00+00:00,10000.0,10438.645197112715
2024-01-30 05:00:00+00:00,10000.0,10438.645197112715
2024-01-30 05:00:00+00:00,10000.0,10438.645197112715
2024-01-30 05:00:00+00:00,10000.0,10438.645197112715
2024-01-30 05:00:00+00:00,10000.0,10438.645197112715
2024-01-30 05:00:00+00:00,10000.0,10438.645197112715
2024-01-31 05:00:00+00:00,10000.0,10239.311493614658
2024-01-31 05:00:00+00:00,10000.0,10239.311493614658
2024-01-31 05:00:00+00:00,10000.0,10239.311493614658
2024-01-31 05:00:00+00:00,10000.0,10239.311493614658
2024-01-31 05:00:00+00:00,10000.0,10239.311493614658
2024-01-31 05:00:00+00:00,10000.0,10239.311493614658
2024-01-31 05:00:00+00:00,10000.0,10239.311493614658
2024-01-31 05:00:00+00:00,10000.0,10239.311493614658
2024-01-31 05:00:00+00:00,10000.0,10239.311493614658
2024-01-31 05:00:00+00:00,10000.0,10239.311493614658
2024-01-31 05:00:00+00:00,10000.0,10239.311493614658
2024-01-31 05:00:00+00:00,10000.0,10239.311493614658
2024-01-31 05:00:00+00:00,10000.0,10239.311493614658
2024-01-31 05:00:00+00:00,10000.0,10239.311493614658
2024-01-31 05:00:00+00:00,10000.0,10239.311493614658
2024-01-31 05:00:00+00:00,10000.0,10239.311493614658
2024-01-31 05:00:00+00:00,10000.0,10239.311493614658
2024-01-31 05:00:00+00:00,10000.0,10239.311493614658
2024-01-31 05:00:00+00:00,10000.0,10239.311493614658
2024-02-01 05:00:00+00:00,10000.0,10376.457523598001
2024-02-01 05:00:00+00:00,10000.0,10376.457523598001
2024-02-01 05:00:00+00:00,10000.0,10376.457523598001
2024-02-01 05:00:00+00:00,10000.0,10376.457523598001
2024-02-01 05:00:00+00:00,10000.0,10376.457523598001
2024-02-01 05:00:00+00:00,10000.0,10376.457523598001
2024-02-01 05:00:00+00:00,10000.0,10376.457523598001
2024-02-01 05:00:00+00:00,10000.0,10376.457523598001
2024-02-01 05:00:00+00:00,10000.0,10376.457523598001
2024-02-01 05:00:00+00:00,10000.0,10376.457523598001
2024-02-01 05:00:00+00:00,10000.0,10376.457523598001
2024-02-01 05:00:00+00:00,10000.0,10376.457523598001
2024-02-01 05:00:00+00:00,10000.0,10376.457523598001
2024-02-01 05:00:00+00:00,10000.0,10376.457523598001
2024-02-01 05:00:00+00:00,10000.0,10376.457523598001
2024-02-01 05:00:00+00:00,10000.0,10376.457523598001
2024-02-01 05:00:00+00:00,10000.0,10376.457523598001
2024-02-01 05:00:00+00:00,10000.0,10376.457523598001
2024-02-01 05:00:00+00:00,10000.0,10376.457523598001
2024-02-02 05:00:00+00:00,10000.0,10318.71182676291
2024-02-02 05:00:00+00:00,10000.0,10318.71182676291
2024-02-02 05:00:00+00:00,10000.0,10318.71182676291
2024-02-02 05:00:00+00:00,10000.0,10318.71182676291
2024-02-02 05:00:00+00:00,10000.0,10318.71182676291
2024-02-02 05:00:00+00:00,10000.0,10318.71182676291
2024-02-02 05:00:00+00:00,10000.0,10318.71182676291
2024-02-02 05:00:00+00:00,10000.0,10318.71182676291
2024-02-02 05:00:00+00:00,10000.0,10318.71182676291
2024-02-02 05:00:00+00:00,10000.0,10318.71182676291
2024-02-02 05:00:00+00:00,10000.0,10318.71182676291
2024-02-02 05:00:00+00:00,10000.0,10318.71182676291
2024-02-02 05:00:00+00:00,10000.0,10318.71182676291
2024-02-02 05:00:00+00:00,10000.0,10318.71182676291
2024-02-02 05:00:00+00:00,10000.0,10318.71182676291
2024-02-02 05:00:00+00:00,10000.0,10318.71182676291
2024-02-02 05:00:00+00:00,10000.0,10318.71182676291
2024-02-02 05:00:00+00:00,10000.0,10318.71182676291
2024-02-02 05:00:00+00:00,10000.0,10318.71182676291
2024-02-05 05:00:00+00:00,10000.0,10418.656302054414
2024-02-05 05:00:00+00:00,10000.0,10418.656302054414
2024-02-05 05:00:00+00:00,10000.0,10418.656302054414
2024-02-05 05:00:00+00:00,10000.0,10418.656302054414
2024-02-05 05:00:00+00:00,10000.0,10418.656302054414
2024-02-05 05:00:00+00:00,10000.0,10418.656302054414
2024-02-05 05:00:00+00:00,10000.0,10418.656302054414
2024-02-05 05:00:00+00:00,10000.0,10418.656302054414
2024-02-05 05:00:00+00:00,10000.0,10418.656302054414
2024-02-05 05:00:00+00:00,10000.0,10418.656302054414
2024-02-05 05:00:00+00:00,10000.0,10418.656302054414
2024-02-05 05:00:00+00:00,10000.0,10418.656302054414
2024-02-05 05:00:00+00:00,10000.0,10418.656302054414
2024-02-05 05:00:00+00:00,10000.0,10418.656302054414
2024-02-05 05:00:00+00:00,10000.0,10418.656302054414
2024-02-05 05:00:00+00:00,10000.0,10418.656302054414
2024-02-05 05:00:00+00:00,10000.0,10418.656302054414
2024-02-05 05:00:00+00:00,10000.0,10418.656302054414
2024-02-05 05:00:00+00:00,10000.0,10418.656302054414
2024-02-06 05:00:00+00:00,10000.0,10510.827318156582
2024-02-06 05:00:00+00:00,10000.0,10510.827318156582
2024-02-06 05:00:00+00:00,10000.0,10510.827318156582
2024-02-06 05:00:00+00:00,10000.0,10510.827318156582
2024-02-06 05:00:00+00:00,10000.0,10510.827318156582
2024-02-06 05:00:00+00:00,10000.0,10510.827318156582
2024-02-06 05:00:00+00:00,10000.0,10510.827318156582
2024-02-06 05:00:00+00:00,10000.0,10510.827318156582
2024-02-06 05:00:00+00:00,10000.0,10510.827318156582
2024-02-06 05:00:00+00:00,10000.0,10510.827318156582
2024-02-06 05:00:00+00:00,10000.0,10510.827318156582
2024-02-06 05:00:00+00:00,10000.0,10510.827318156582
2024-02-06 05:00:00+00:00,10000.0,10510.827318156582
2024-02-06 05:00:00+00:00,10000.0,10510.827318156582
2024-02-06 05:00:00+00:00,10000.0,10510.827318156582
2024-02-06 05:00:00+00:00,10000.0,10510.827318156582
2024-02-06 05:00:00+00:00,10000.0,10510.827318156582
2024-02-06 05:00:00+00:00,10000.0,10510.827318156582
2024-02-06 05:00:00+00:00,10000.0,10510.827318156582
2024-02-07 05:00:00+00:00,10000.0,10514.71404775125
2024-02-07 05:00:00+00:00,10000.0,10514.71404775125
2024-02-07 05:00:00+00:00,10000.0,10514.71404775125
2024-02-07 05:00:00+00:00,10000.0,10514.71404775125
2024-02-07 05:00:00+00:00,10000.0,10514.71404775125
2024-02-07 05:00:00+00:00,10000.0,10514.71404775125
2024-02-07 05:00:00+00:00,10000.0,10514.71404775125
2024-02-07 05:00:00+00:00,10000.0,10514.71404775125
2024-02-07 05:00:00+00:00,10000.0,10514.71404775125
2024-02-07 05:00:00+00:00,10000.0,10514.71404775125
2024-02-07 05:00:00+00:00,10000.0,10514.71404775125
2024-02-07 05:00:00+00:00,10000.0,10514.71404775125
2024-02-07 05:00:00+00:00,10000.0,10514.71404775125
2024-02-07 05:00:00+00:00,10000.0,10514.71404775125
2024-02-07 05:00:00+00:00,10000.0,10514.71404775125
2024-02-07 05:00:00+00:00,10000.0,10514.71404775125
2024-02-07 05:00:00+00:00,10000.0,10514.71404775125
2024-02-07 05:00:00+00:00,10000.0,10514.71404775125
2024-02-07 05:00:00+00:00,10000.0,10514.71404775125
2024-02-08 05:00:00+00:00,10000.0,10459.744586340923
2024-02-08 05:00:00+00:00,10000.0,10459.744586340923
2024-02-08 05:00:00+00:00,10000.0,10459.744586340923
2024-02-08 05:00:00+00:00,10000.0,10459.744586340923
2024-02-08 05:00:00+00:00,10000.0,10459.744586340923
2024-02-08 05:00:00+00:00,10000.0,10459.744586340923
2024-02-08 05:00:00+00:00,10000.0,10459.744586340923
2024-02-08 05:00:00+00:00,10000.0,10459.744586340923
2024-02-08 05:00:00+00:00,10000.0,10459.744586340923
2024-02-08 05:00:00+00:00,10000.0,10459.744586340923
2024-02-08 05:00:00+00:00,10000.0,10459.744586340923
2024-02-08 05:00:00+00:00,10000.0,10459.744586340923
2024-02-08 05:00:00+00:00,10000.0,10459.744586340923
2024-02-08 05:00:00+00:00,10000.0,10459.744586340923
2024-02-08 05:00:00+00:00,10000.0,10459.744586340923
2024-02-08 05:00:00+00:00,10000.0,10459.744586340923
2024-02-08 05:00:00+00:00,10000.0,10459.744586340923
2024-02-08 05:00:00+00:00,10000.0,10459.744586340923
2024-02-08 05:00:00+00:00,10000.0,10459.744586340923
2024-02-09 05:00:00+00:00,10000.0,10485.008328706275
2024-02-09 05:00:00+00:00,10000.0,10485.008328706275
2024-02-09 05:00:00+00:00,10000.0,10485.008328706275
2024-02-09 05:00:00+00:00,10000.0,10485.008328706275
2024-02-09 05:00:00+00:00,10000.0,10485.008328706275
2024-02-09 05:00:00+00:00,10000.0,10485.008328706275
2024-02-09 05:00:00+00:00,10000.0,10485.008328706275
2024-02-09 05:00:00+00:00,10000.0,10485.008328706275
2024-02-09 05:00:00+00:00,10000.0,10485.008328706275
2024-02-09 05:00:00+00:00,10000.0,10485.008328706275
2024-02-09 05:00:00+00:00,10000.0,10485.008328706275
2024-02-09 05:00:00+00:00,10000.0,10485.008328706275
2024-02-09 05:00:00+00:00,10000.0,10485.008328706275
2024-02-09 05:00:00+00:00,10000.0,10485.008328706275
2024-02-09 05:00:00+00:00,10000.0,10485.008328706275
2024-02-09 05:00:00+00:00,10000.0,10485.008328706275
2024-02-09 05:00:00+00:00,10000.0,10485.008328706275
2024-02-09 05:00:00+00:00,10000.0,10485.008328706275
2024-02-09 05:00:00+00:00,10000.0,10485.008328706275
2024-02-12 05:00:00+00:00,10000.0,10394.22543031649
2024-02-12 05:00:00+00:00,10000.0,10394.22543031649
2024-02-12 05:00:00+00:00,10000.0,10394.22543031649
2024-02-12 05:00:00+00:00,10000.0,10394.22543031649
2024-02-12 05:00:00+00:00,10000.0,10394.22543031649
2024-02-12 05:00:00+00:00,10000.0,10394.22543031649
2024-02-12 05:00:00+00:00,10000.0,10394.22543031649
2024-02-12 05:00:00+00:00,10000.0,10394.22543031649
2024-02-12 05:00:00+00:00,10000.0,10394.22543031649
2024-02-12 05:00:00+00:00,10000.0,10394.22543031649
2024-02-12 05:00:00+00:00,10000.0,10394.22543031649
2024-02-12 05:00:00+00:00,10000.0,10394.22543031649
2024-02-12 05:00:00+00:00,10000.0,10394.22543031649
2024-02-12 05:00:00+00:00,10000.0,10394.22543031649
2024-02-12 05:00:00+00:00,10000.0,10394.22543031649
2024-02-12 05:00:00+00:00,10000.0,10394.22543031649
2024-02-12 05:00:00+00:00,10000.0,10394.22543031649
2024-02-12 05:00:00+00:00,10000.0,10394.22543031649
2024-02-12 05:00:00+00:00,10000.0,10394.22543031649
2024-02-13 05:00:00+00:00,10000.0,10276.790671848974
2024-02-13 05:00:00+00:00,10000.0,10276.790671848974
2024-02-13 05:00:00+00:00,10000.0,10276.790671848974
2024-02-13 05:00:00+00:00,10000.0,10276.790671848974
2024-02-13 05:00:00+00:00,10000.0,10276.790671848974
2024-02-13 05:00:00+00:00,10000.0,10276.790671848974
2024-02-13 05:00:00+00:00,10000.0,10276.790671848974
2024-02-13 05:00:00+00:00,10000.0,10276.790671848974
2024-02-13 05:00:00+00:00,10000.0,10276.790671848974
2024-02-13 05:00:00+00:00,10000.0,10276.790671848974
2024-02-13 05:00:00+00:00,10000.0,10276.790671848974
2024-02-13 05:00:00+00:00,10000.0,10276.790671848974
2024-02-13 05:00:00+00:00,10000.0,10276.790671848974
2024-02-13 05:00:00+00:00,10000.0,10276.790671848974
2024-02-13 05:00:00+00:00,10000.0,10276.790671848974
2024-02-13 05:00:00+00:00,10000.0,10276.790671848974
2024-02-13 05:00:00+00:00,10000.0,10276.790671848974
2024-02-13 05:00:00+00:00,10000.0,10276.790671848974
2024-02-13 05:00:00+00:00,10000.0,10276.790671848974
2024-02-14 05:00:00+00:00,10000.0,10217.656857301501
2024-02-14 05:00:00+00:00,10000.0,10217.656857301501
2024-02-14 05:00:00+00:00,10000.0,10217.656857301501
2024-02-14 05:00:00+00:00,10000.0,10217.656857301501
2024-02-14 05:00:00+00:00,10000.0,10217.656857301501
2024-02-14 05:00:00+00:00,10000.0,10217.656857301501
2024-02-14 05:00:00+00:00,10000.0,10217.656857301501
2024-02-14 05:00:00+00:00,10000.0,10217.656857301501
2024-02-14 05:00:00+00:00,10000.0,10217.656857301501
2024-02-14 05:00:00+00:00,10000.0,10217.656857301501
2024-02-14 05:00:00+00:00,10000.0,10217.656857301501
2024-02-14 05:00:00+00:00,10000.0,10217.656857301501
2024-02-14 05:00:00+00:00,10000.0,10217.656857301501
2024-02-14 05:00:00+00:00,10000.0,10217.656857301501
2024-02-14 05:00:00+00:00,10000.0,10217.656857301501
2024-02-14 05:00:00+00:00,10000.0,10217.656857301501
2024-02-14 05:00:00+00:00,10000.0,10217.656857301501
2024-02-14 05:00:00+00:00,10000.0,10217.656857301501
2024-02-14 05:00:00+00:00,10000.0,10217.656857301501
2024-02-15 05:00:00+00:00,10000.0,10208.772903942256
2024-02-15 05:00:00+00:00,10000.0,10208.772903942256
2024-02-15 05:00:00+00:00,10000.0,10208.772903942256
2024-02-15 05:00:00+00:00,10000.0,10208.772903942256
2024-02-15 05:00:00+00:00,10000.0,10208.772903942256
2024-02-15 05:00:00+00:00,10000.0,10208.772903942256
2024-02-15 05:00:00+00:00,10000.0,10208.772903942256
2024-02-15 05:00:00+00:00,10000.0,10208.772903942256
2024-02-15 05:00:00+00:00,10000.0,10208.772903942256
2024-02-15 05:00:00+00:00,10000.0,10208.772903942256
2024-02-15 05:00:00+00:00,10000.0,10208.772903942256
2024-02-15 05:00:00+00:00,10000.0,10208.772903942256
2024-02-15 05:00:00+00:00,10000.0,10208.772903942256
2024-02-15 05:00:00+00:00,10000.0,10208.772903942256
2024-02-15 05:00:00+00:00,10000.0,10208.772903942256
2024-02-15 05:00:00+00:00,10000.0,10208.772903942256
2024-02-15 05:00:00+00:00,10000.0,10208.772903942256
2024-02-15 05:00:00+00:00,10000.0,10208.772903942256
2024-02-15 05:00:00+00:00,10000.0,10208.772903942256
2024-02-16 05:00:00+00:00,10000.0,10122.154358689617
2024-02-16 05:00:00+00:00,10000.0,10122.154358689617
2024-02-16 05:00:00+00:00,10000.0,10122.154358689617
2024-02-16 05:00:00+00:00,10000.0,10122.154358689617
2024-02-16 05:00:00+00:00,10000.0,10122.154358689617
2024-02-16 05:00:00+00:00,10000.0,10122.154358689617
2024-02-16 05:00:00+00:00,10000.0,10122.154358689617
2024-02-16 05:00:00+00:00,10000.0,10122.154358689617
2024-02-16 05:00:00+00:00,10000.0,10122.154358689617
2024-02-16 05:00:00+00:00,10000.0,10122.154358689617
2024-02-16 05:00:00+00:00,10000.0,10122.154358689617
2024-02-16 05:00:00+00:00,10000.0,10122.154358689617
2024-02-16 05:00:00+00:00,10000.0,10122.154358689617
2024-02-16 05:00:00+00:00,10000.0,10122.154358689617
2024-02-16 05:00:00+00:00,10000.0,10122.154358689617
2024-02-16 05:00:00+00:00,10000.0,10122.154358689617
2024-02-16 05:00:00+00:00,10000.0,10122.154358689617
2024-02-16 05:00:00+00:00,10000.0,10122.154358689617
2024-02-16 05:00:00+00:00,10000.0,10122.154358689617
2024-02-20 05:00:00+00:00,10000.0,10085.508051082732
2024-02-20 05:00:00+00:00,10000.0,10085.508051082732
2024-02-20 05:00:00+00:00,10000.0,10085.508051082732
2024-02-20 05:00:00+00:00,10000.0,10085.508051082732
2024-02-20 05:00:00+00:00,10000.0,10085.508051082732
2024-02-20 05:00:00+00:00,10000.0,10085.508051082732
2024-02-20 05:00:00+00:00,10000.0,10085.508051082732
2024-02-20 05:00:00+00:00,10000.0,10085.508051082732
2024-02-20 05:00:00+00:00,10000.0,10085.508051082732
2024-02-20 05:00:00+00:00,10000.0,10085.508051082732
2024-02-20 05:00:00+00:00,10000.0,10085.508051082732
2024-02-20 05:00:00+00:00,10000.0,10085.508051082732
2024-02-20 05:00:00+00:00,10000.0,10085.508051082732
2024-02-20 05:00:00+00:00,10000.0,10085.508051082732
2024-02-20 05:00:00+00:00,10000.0,10085.508051082732
2024-02-20 05:00:00+00:00,10000.0,10085.508051082732
2024-02-20 05:00:00+00:00,10000.0,10085.508051082732
2024-02-20 05:00:00+00:00,10000.0,10085.508051082732
2024-02-20 05:00:00+00:00,10000.0,10085.508051082732
2024-02-21 05:00:00+00:00,10000.0,10123.264852859522
2024-02-21 05:00:00+00:00,10000.0,10123.264852859522
2024-02-21 05:00:00+00:00,10000.0,10123.264852859522
2024-02-21 05:00:00+00:00,10000.0,10123.264852859522
2024-02-21 05:00:00+00:00,10000.0,10123.264852859522
2024-02-21 05:00:00+00:00,10000.0,10123.264852859522
2024-02-21 05:00:00+00:00,10000.0,10123.264852859522
2024-02-21 05:00:00+00:00,10000.0,10123.264852859522
2024-02-21 05:00:00+00:00,10000.0,10123.264852859522
2024-02-21 05:00:00+00:00,10000.0,10123.264852859522
2024-02-21 05:00:00+00:00,10000.0,10123.264852859522
2024-02-21 05:00:00+00:00,10000.0,10123.264852859522
2024-02-21 05:00:00+00:00,10000.0,10123.264852859522
2024-02-21 05:00:00+00:00,10000.0,10123.264852859522
2024-02-21 05:00:00+00:00,10000.0,10123.264852859522
2024-02-21 05:00:00+00:00,10000.0,10123.264852859522
2024-02-21 05:00:00+00:00,10000.0,10123.264852859522
2024-02-21 05:00:00+00:00,10000.0,10123.264852859522
2024-02-21 05:00:00+00:00,10000.0,10123.264852859522
2024-02-22 05:00:00+00:00,10000.0,10235.424764019988
2024-02-22 05:00:00+00:00,10000.0,10235.424764019988
2024-02-22 05:00:00+00:00,10000.0,10235.424764019988
2024-02-22 05:00:00+00:00,10000.0,10235.424764019988
2024-02-22 05:00:00+00:00,10000.0,10235.424764019988
2024-02-22 05:00:00+00:00,10000.0,10235.424764019988
2024-02-22 05:00:00+00:00,10000.0,10235.424764019988
2024-02-22 05:00:00+00:00,10000.0,10235.424764019988
2024-02-22 05:00:00+00:00,10000.0,10235.424764019988
2024-02-22 05:00:00+00:00,10000.0,10235.424764019988
2024-02-22 05:00:00+00:00,10000.0,10235.424764019988
2024-02-22 05:00:00+00:00,10000.0,10235.424764019988
2024-02-22 05:00:00+00:00,10000.0,10235.424764019988
2024-02-22 05:00:00+00:00,10000.0,10235.424764019988
2024-02-22 05:00:00+00:00,10000.0,10235.424764019988
2024-02-22 05:00:00+00:00,10000.0,10235.424764019988
2024-02-22 05:00:00+00:00,10000.0,10235.424764019988
2024-02-22 05:00:00+00:00,10000.0,10235.424764019988
2024-02-22 05:00:00+00:00,10000.0,10235.424764019988
2024-02-23 05:00:00+00:00,10000.0,10133.259300388672
2024-02-23 05:00:00+00:00,10000.0,10133.259300388672
2024-02-23 05:00:00+00:00,10000.0,10133.259300388672
2024-02-23 05:00:00+00:00,10000.0,10133.259300388672
2024-02-23 05:00:00+00:00,10000.0,10133.259300388672
2024-02-23 05:00:00+00:00,10000.0,10133.259300388672
2024-02-23 05:00:00+00:00,10000.0,10133.259300388672
2024-02-23 05:00:00+00:00,10000.0,10133.259300388672
2024-02-23 05:00:00+00:00,10000.0,10133.259300388672
2024-02-23 05:00:00+00:00,10000.0,10133.259300388672
2024-02-23 05:00:00+00:00,10000.0,10133.259300388672
2024-02-23 05:00:00+00:00,10000.0,10133.259300388672
2024-02-23 05:00:00+00:00,10000.0,10133.259300388672
2024-02-23 05:00:00+00:00,10000.0,10133.259300388672
2024-02-23 05:00:00+00:00,10000.0,10133.259300388672
2024-02-23 05:00:00+00:00,10000.0,10133.259300388672
2024-02-23 05:00:00+00:00,10000.0,10133.259300388672
2024-02-23 05:00:00+00:00,10000.0,10133.259300388672
2024-02-23 05:00:00+00:00,10000.0,10133.259300388672
2024-02-26 05:00:00+00:00,10000.0,10061.077179344808
2024-02-26 05:00:00+00:00,10000.0,10061.077179344808
2024-02-26 05:00:00+00:00,10000.0,10061.077179344808
2024-02-26 05:00:00+00:00,10000.0,10061.077179344808
2024-02-26 05:00:00+00:00,10000.0,10061.077179344808
2024-02-26 05:00:00+00:00,10000.0,10061.077179344808
2024-02-26 05:00:00+00:00,10000.0,10061.077179344808
2024-02-26 05:00:00+00:00,10000.0,10061.077179344808
2024-02-26 05:00:00+00:00,10000.0,10061.077179344808
2024-02-26 05:00:00+00:00,10000.0,10061.077179344808
2024-02-26 05:00:00+00:00,10000.0,10061.077179344808
2024-02-26 05:00:00+00:00,10000.0,10061.077179344808
2024-02-26 05:00:00+00:00,10000.0,10061.077179344808
2024-02-26 05:00:00+00:00,10000.0,10061.077179344808
2024-02-26 05:00:00+00:00,10000.0,10061.077179344808
2024-02-26 05:00:00+00:00,10000.0,10061.077179344808
2024-02-26 05:00:00+00:00,10000.0,10061.077179344808
2024-02-26 05:00:00+00:00,10000.0,10061.077179344808
2024-02-26 05:00:00+00:00,10000.0,10061.077179344808
2024-02-27 05:00:00+00:00,10000.0,10142.143253747918
2024-02-27 05:00:00+00:00,10000.0,10142.143253747918
2024-02-27 05:00:00+00:00,10000.0,10142.143253747918
2024-02-27 05:00:00+00:00,10000.0,10142.143253747918
2024-02-27 05:00:00+00:00,10000.0,10142.143253747918
2024-02-27 05:00:00+00:00,10000.0,10142.143253747918
2024-02-27 05:00:00+00:00,10000.0,10142.143253747918
2024-02-27 05:00:00+00:00,10000.0,10142.143253747918
2024-02-27 05:00:00+00:00,10000.0,10142.143253747918
2024-02-27 05:00:00+00:00,10000.0,10142.143253747918
2024-02-27 05:00:00+00:00,10000.0,10142.143253747918
2024-02-27 05:00:00+00:00,10000.0,10142.143253747918
2024-02-27 05:00:00+00:00,10000.0,10142.143253747918
2024-02-27 05:00:00+00:00,10000.0,10142.143253747918
2024-02-27 05:00:00+00:00,10000.0,10142.143253747918
2024-02-27 05:00:00+00:00,10000.0,10142.143253747918
2024-02-27 05:00:00+00:00,10000.0,10142.143253747918
2024-02-27 05:00:00+00:00,10000.0,10142.143253747918
2024-02-27 05:00:00+00:00,10000.0,10142.143253747918
2024-02-28 05:00:00+00:00,10000.0,10074.958356468629
2024-02-28 05:00:00+00:00,10000.0,10074.958356468629
2024-02-28 05:00:00+00:00,10000.0,10074.958356468629
2024-02-28 05:00:00+00:00,10000.0,10074.958356468629
2024-02-28 05:00:00+00:00,10000.0,10074.958356468629
2024-02-28 05:00:00+00:00,10000.0,10074.958356468629
2024-02-28 05:00:00+00:00,10000.0,10074.958356468629
2024-02-28 05:00:00+00:00,10000.0,10074.958356468629
2024-02-28 05:00:00+00:00,10000.0,10074.958356468629
2024-02-28 05:00:00+00:00,10000.0,10074.958356468629
2024-02-28 05:00:00+00:00,10000.0,10074.958356468629
2024-02-28 05:00:00+00:00,10000.0,10074.958356468629
2024-02-28 05:00:00+00:00,10000.0,10074.958356468629
2024-02-28 05:00:00+00:00,10000.0,10074.958356468629
2024-02-28 05:00:00+00:00,10000.0,10074.958356468629
2024-02-28 05:00:00+00:00,10000.0,10074.958356468629
2024-02-28 05:00:00+00:00,10000.0,10074.958356468629
2024-02-28 05:00:00+00:00,10000.0,10074.958356468629
2024-02-29 05:00:00+00:00,10000.0,10034.980566352027
2024-02-29 05:00:00+00:00,10000.0,10034.980566352027
2024-02-29 05:00:00+00:00,10000.0,10034.980566352027
2024-02-29 05:00:00+00:00,10000.0,10034.980566352027
2024-02-29 05:00:00+00:00,10000.0,10034.980566352027
2024-02-29 05:00:00+00:00,10000.0,10034.980566352027
2024-02-29 05:00:00+00:00,10000.0,10034.980566352027
2024-02-29 05:00:00+00:00,10000.0,10034.980566352027
2024-02-29 05:00:00+00:00,10000.0,10034.980566352027
2024-02-29 05:00:00+00:00,10000.0,10034.980566352027
2024-02-29 05:00:00+00:00,10000.0,10034.980566352027
2024-02-29 05:00:00+00:00,10000.0,10034.980566352027
2024-02-29 05:00:00+00:00,10000.0,10034.980566352027
2024-02-29 05:00:00+00:00,10000.0,10034.980566352027
2024-02-29 05:00:00+00:00,10000.0,10034.980566352027
2024-02-29 05:00:00+00:00,10000.0,10034.980566352027
2024-02-29 05:00:00+00:00,10000.0,10034.980566352027
2024-02-29 05:00:00+00:00,10000.0,10034.980566352027
2024-03-01 05:00:00+00:00,10000.0,9974.45863409217
2024-03-01 05:00:00+00:00,10000.0,9974.45863409217
2024-03-01 05:00:00+00:00,10000.0,9974.45863409217
2024-03-01 05:00:00+00:00,10000.0,9974.45863409217
2024-03-01 05:00:00+00:00,10000.0,9974.45863409217
2024-03-01 05:00:00+00:00,10000.0,9974.45863409217
2024-03-01 05:00:00+00:00,10000.0,9974.45863409217
2024-03-01 05:00:00+00:00,10000.0,9974.45863409217
2024-03-01 05:00:00+00:00,10000.0,9974.45863409217
2024-03-01 05:00:00+00:00,10000.0,9974.45863409217
2024-03-01 05:00:00+00:00,10000.0,9974.45863409217
2024-03-01 05:00:00+00:00,10000.0,9974.45863409217
2024-03-01 05:00:00+00:00,10000.0,9974.45863409217
2024-03-01 05:00:00+00:00,10000.0,9974.45863409217
2024-03-01 05:00:00+00:00,10000.0,9974.45863409217
2024-03-01 05:00:00+00:00,10000.0,9974.45863409217
2024-03-01 05:00:00+00:00,10000.0,9974.45863409217
2024-03-01 05:00:00+00:00,10000.0,9974.45863409217
2024-03-04 05:00:00+00:00,10000.0,9721.821210438646
2024-03-04 05:00:00+00:00,10000.0,9721.821210438646
2024-03-04 05:00:00+00:00,10000.0,9721.821210438646
2024-03-04 05:00:00+00:00,10000.0,9721.821210438646
2024-03-04 05:00:00+00:00,10000.0,9721.821210438646
2024-03-04 05:00:00+00:00,10000.0,9721.821210438646
2024-03-04 05:00:00+00:00,10000.0,9721.821210438646
2024-03-04 05:00:00+00:00,10000.0,9721.821210438646
2024-03-04 05:00:00+00:00,10000.0,9721.821210438646
2024-03-04 05:00:00+00:00,10000.0,9721.821210438646
2024-03-04 05:00:00+00:00,10000.0,9721.821210438646
2024-03-04 05:00:00+00:00,10000.0,9721.821210438646
2024-03-04 05:00:00+00:00,10000.0,9721.821210438646
2024-03-04 05:00:00+00:00,10000.0,9721.821210438646
2024-03-04 05:00:00+00:00,10000.0,9721.821210438646
2024-03-04 05:00:00+00:00,10000.0,9721.821210438646
2024-03-04 05:00:00+00:00,10000.0,9721.821210438646
2024-03-04 05:00:00+00:00,10000.0,9721.821210438646
2024-03-05 05:00:00+00:00,10000.0,9446.418656302054
2024-03-05 05:00:00+00:00,10000.0,9446.418656302054
2024-03-05 05:00:00+00:00,10000.0,9446.418656302054
2024-03-05 05:00:00+00:00,10000.0,9446.418656302054
2024-03-05 05:00:00+00:00,10000.0,9446.418656302054
2024-03-05 05:00:00+00:00,10000.0,9446.418656302054
2024-03-05 05:00:00+00:00,10000.0,9446.418656302054
2024-03-05 05:00:00+00:00,10000.0,9446.418656302054
2024-03-05 05:00:00+00:00,10000.0,9446.418656302054
2024-03-05 05:00:00+00:00,10000.0,9446.418656302054
2024-03-05 05:00:00+00:00,10000.0,9446.418656302054
2024-03-05 05:00:00+00:00,10000.0,9446.418656302054
2024-03-05 05:00:00+00:00,10000.0,9446.418656302054
2024-03-05 05:00:00+00:00,10000.0,9446.418656302054
2024-03-05 05:00:00+00:00,10000.0,9446.418656302054
2024-03-05 05:00:00+00:00,10000.0,9446.418656302054
2024-03-05 05:00:00+00:00,10000.0,9446.418656302054
2024-03-05 05:00:00+00:00,10000.0,9446.418656302054
2024-03-06 05:00:00+00:00,10000.0,9389.78345363687
2024-03-06 05:00:00+00:00,10000.0,9389.78345363687
2024-03-06 05:00:00+00:00,10000.0,9389.78345363687
2024-03-06 05:00:00+00:00,10000.0,9389.78345363687
2024-03-06 05:00:00+00:00,10000.0,9389.78345363687
2024-03-06 05:00:00+00:00,10000.0,9389.78345363687
2024-03-06 05:00:00+00:00,10000.0,9389.78345363687
2024-03-06 05:00:00+00:00,10000.0,9389.78345363687
2024-03-06 05:00:00+00:00,10000.0,9389.78345363687
2024-03-06 05:00:00+00:00,10000.0,9389.78345363687
2024-03-06 05:00:00+00:00,10000.0,9389.78345363687
2024-03-06 05:00:00+00:00,10000.0,9389.78345363687
2024-03-06 05:00:00+00:00,10000.0,9389.78345363687
2024-03-06 05:00:00+00:00,10000.0,9389.78345363687
2024-03-06 05:00:00+00:00,10000.0,9389.78345363687
2024-03-06 05:00:00+00:00,10000.0,9389.78345363687
2024-03-06 05:00:00+00:00,10000.0,9389.78345363687
2024-03-06 05:00:00+00:00,10000.0,9389.78345363687
2024-03-07 05:00:00+00:00,10000.0,9382.00999444753
2024-03-07 05:00:00+00:00,10000.0,9382.00999444753
2024-03-07 05:00:00+00:00,10000.0,9382.00999444753
2024-03-07 05:00:00+00:00,10000.0,9382.00999444753
2024-03-07 05:00:00+00:00,10000.0,9382.00999444753
2024-03-07 05:00:00+00:00,10000.0,9382.00999444753
2024-03-07 05:00:00+00:00,10000.0,9382.00999444753
2024-03-07 05:00:00+00:00,10000.0,9382.00999444753
2024-03-07 05:00:00+00:00,10000.0,9382.00999444753
2024-03-07 05:00:00+00:00,10000.0,9382.00999444753
2024-03-07 05:00:00+00:00,10000.0,9382.00999444753
2024-03-07 05:00:00+00:00,10000.0,9382.00999444753
2024-03-07 05:00:00+00:00,10000.0,9382.00999444753
2024-03-07 05:00:00+00:00,10000.0,9382.00999444753
2024-03-07 05:00:00+00:00,10000.0,9382.00999444753
2024-03-07 05:00:00+00:00,10000.0,9382.00999444753
2024-03-07 05:00:00+00:00,10000.0,9382.00999444753
2024-03-07 05:00:00+00:00,10000.0,9382.00999444753
2024-03-08 05:00:00+00:00,10000.0,9493.614658523044
2024-03-08 05:00:00+00:00,10000.0,9493.614658523044
2024-03-08 05:00:00+00:00,10000.0,9493.614658523044
2024-03-08 05:00:00+00:00,10000.0,9493.614658523044
2024-03-08 05:00:00+00:00,10000.0,9493.614658523044
2024-03-08 05:00:00+00:00,10000.0,9493.614658523044
2024-03-08 05:00:00+00:00,10000.0,9493.614658523044
2024-03-08 05:00:00+00:00,10000.0,9493.614658523044
2024-03-08 05:00:00+00:00,10000.0,9493.614658523044
2024-03-08 05:00:00+00:00,10000.0,9493.614658523044
2024-03-08 05:00:00+00:00,10000.0,9493.614658523044
2024-03-08 05:00:00+00:00,10000.0,9493.614658523044
2024-03-08 05:00:00+00:00,10000.0,9493.614658523044
2024-03-08 05:00:00+00:00,10000.0,9493.614658523044
2024-03-08 05:00:00+00:00,10000.0,9493.614658523044
2024-03-08 05:00:00+00:00,10000.0,9493.614658523044
2024-03-08 05:00:00+00:00,10000.0,9493.614658523044
2024-03-08 05:00:00+00:00,10000.0,9493.614658523044
2024-03-11 04:00:00+00:00,10000.0,9595.224875069405
2024-03-11 04:00:00+00:00,10000.0,9595.224875069405
2024-03-11 04:00:00+00:00,10000.0,9595.224875069405
2024-03-11 04:00:00+00:00,10000.0,9595.224875069405
2024-03-11 04:00:00+00:00,10000.0,9595.224875069405
2024-03-11 04:00:00+00:00,10000.0,9595.224875069405
2024-03-11 04:00:00+00:00,10000.0,9595.224875069405
2024-03-11 04:00:00+00:00,10000.0,9595.224875069405
2024-03-11 04:00:00+00:00,10000.0,9595.224875069405
2024-03-11 04:00:00+00:00,10000.0,9595.224875069405
2024-03-11 04:00:00+00:00,10000.0,9595.224875069405
2024-03-11 04:00:00+00:00,10000.0,9595.224875069405
2024-03-11 04:00:00+00:00,10000.0,9595.224875069405
2024-03-11 04:00:00+00:00,10000.0,9595.224875069405
2024-03-11 04:00:00+00:00,10000.0,9595.224875069405
2024-03-11 04:00:00+00:00,10000.0,9595.224875069405
2024-03-11 04:00:00+00:00,10000.0,9595.224875069405
2024-03-11 04:00:00+00:00,10000.0,9595.224875069405
2024-03-12 04:00:00+00:00,10000.0,9616.879511382564
2024-03-12 04:00:00+00:00,10000.0,9616.879511382564
2024-03-12 04:00:00+00:00,10000.0,9616.879511382564
2024-03-12 04:00:00+00:00,10000.0,9616.879511382564
2024-03-12 04:00:00+00:00,10000.0,9616.879511382564
2024-03-12 04:00:00+00:00,10000.0,9616.879511382564
2024-03-12 04:00:00+00:00,10000.0,9616.879511382564
2024-03-12 04:00:00+00:00,10000.0,9616.879511382564
2024-03-12 04:00:00+00:00,10000.0,9616.879511382564
2024-03-12 04:00:00+00:00,10000.0,9616.879511382564
2024-03-12 04:00:00+00:00,10000.0,9616.879511382564
2024-03-12 04:00:00+00:00,10000.0,9616.879511382564
2024-03-12 04:00:00+00:00,10000.0,9616.879511382564
2024-03-12 04:00:00+00:00,10000.0,9616.879511382564
2024-03-12 04:00:00+00:00,10000.0,9616.879511382564
2024-03-12 04:00:00+00:00,10000.0,9616.879511382564
2024-03-12 04:00:00+00:00,10000.0,9616.879511382564
2024-03-12 04:00:00+00:00,10000.0,9616.879511382564
2024-03-13 04:00:00+00:00,10000.0,9501.943364797335
2024-03-13 04:00:00+00:00,10000.0,9501.943364797335
2024-03-13 04:00:00+00:00,10000.0,9501.943364797335
2024-03-13 04:00:00+00:00,10000.0,9501.943364797335
2024-03-13 04:00:00+00:00,10000.0,9501.943364797335
2024-03-13 04:00:00+00:00,10000.0,9501.943364797335
2024-03-13 04:00:00+00:00,10000.0,9501.943364797335
2024-03-13 04:00:00+00:00,10000.0,9501.943364797335
2024-03-13 04:00:00+00:00,10000.0,9501.943364797335
2024-03-13 04:00:00+00:00,10000.0,9501.943364797335
2024-03-13 04:00:00+00:00,10000.0,9501.943364797335
2024-03-13 04:00:00+00:00,10000.0,9501.943364797335
2024-03-13 04:00:00+00:00,10000.0,9501.943364797335
2024-03-13 04:00:00+00:00,10000.0,9501.943364797335
2024-03-13 04:00:00+00:00,10000.0,9501.943364797335
2024-03-13 04:00:00+00:00,10000.0,9501.943364797335
2024-03-13 04:00:00+00:00,10000.0,9501.943364797335
2024-03-13 04:00:00+00:00,10000.0,9501.943364797335
2024-03-14 04:00:00+00:00,10000.0,9611.327040533037
2024-03-14 04:00:00+00:00,10000.0,9611.327040533037
2024-03-14 04:00:00+00:00,10000.0,9611.327040533037
2024-03-14 04:00:00+00:00,10000.0,9611.327040533037
2024-03-14 04:00:00+00:00,10000.0,9611.327040533037
2024-03-14 04:00:00+00:00,10000.0,9611.327040533037
2024-03-14 04:00:00+00:00,10000.0,9611.327040533037
2024-03-14 04:00:00+00:00,10000.0,9611.327040533037
2024-03-14 04:00:00+00:00,10000.0,9611.327040533037
2024-03-14 04:00:00+00:00,10000.0,9611.327040533037
2024-03-14 04:00:00+00:00,10000.0,9611.327040533037
2024-03-14 04:00:00+00:00,10000.0,9611.327040533037
2024-03-14 04:00:00+00:00,10000.0,9611.327040533037
2024-03-14 04:00:00+00:00,10000.0,9611.327040533037
2024-03-14 04:00:00+00:00,10000.0,9611.327040533037
2024-03-14 04:00:00+00:00,10000.0,9611.327040533037
2024-03-14 04:00:00+00:00,10000.0,9611.327040533037
2024-03-14 04:00:00+00:00,10000.0,9611.327040533037
2024-03-15 04:00:00+00:00,10000.0,9583.009439200445
2024-03-15 04:00:00+00:00,10000.0,9583.009439200445
2024-03-15 04:00:00+00:00,10000.0,9583.009439200445
2024-03-15 04:00:00+00:00,10000.0,9583.009439200445
2024-03-15 04:00:00+00:00,10000.0,9583.009439200445
2024-03-15 04:00:00+00:00,10000.0,9583.009439200445
2024-03-15 04:00:00+00:00,10000.0,9583.009439200445
2024-03-15 04:00:00+00:00,10000.0,9583.009439200445
2024-03-15 04:00:00+00:00,10000.0,9583.009439200445
2024-03-15 04:00:00+00:00,10000.0,9583.009439200445
2024-03-15 04:00:00+00:00,10000.0,9583.009439200445
2024-03-15 04:00:00+00:00,10000.0,9583.009439200445
2024-03-15 04:00:00+00:00,10000.0,9583.009439200445
2024-03-15 04:00:00+00:00,10000.0,9583.009439200445
2024-03-15 04:00:00+00:00,10000.0,9583.009439200445
2024-03-15 04:00:00+00:00,10000.0,9583.009439200445
2024-03-15 04:00:00+00:00,10000.0,9583.009439200445
2024-03-15 04:00:00+00:00,10000.0,9583.009439200445
2024-03-18 04:00:00+00:00,10000.0,9643.531371460302
2024-03-18 04:00:00+00:00,10000.0,9643.531371460302
2024-03-18 04:00:00+00:00,10000.0,9643.531371460302
2024-03-18 04:00:00+00:00,10000.0,9643.531371460302
2024-03-18 04:00:00+00:00,10000.0,9643.531371460302
2024-03-18 04:00:00+00:00,10000.0,9643.531371460302
2024-03-18 04:00:00+00:00,10000.0,9643.531371460302
2024-03-18 04:00:00+00:00,10000.0,9643.531371460302
2024-03-18 04:00:00+00:00,10000.0,9643.531371460302
2024-03-18 04:00:00+00:00,10000.0,9643.531371460302
2024-03-18 04:00:00+00:00,10000.0,9643.531371460302
2024-03-18 04:00:00+00:00,10000.0,9643.531371460302
2024-03-18 04:00:00+00:00,10000.0,9643.531371460302
2024-03-18 04:00:00+00:00,10000.0,9643.531371460302
2024-03-18 04:00:00+00:00,10000.0,9643.531371460302
2024-03-18 04:00:00+00:00,10000.0,9643.531371460302
2024-03-18 04:00:00+00:00,10000.0,9643.531371460302
2024-03-18 04:00:00+00:00,10000.0,9643.531371460302
2024-03-19 04:00:00+00:00,10000.0,9777.901166018879
2024-03-19 04:00:00+00:00,10000.0,9777.901166018879
2024-03-19 04:00:00+00:00,10000.0,9777.901166018879
2024-03-19 04:00:00+00:00,10000.0,9777.901166018879
2024-03-19 04:00:00+00:00,10000.0,9777.901166018879
2024-03-19 04:00:00+00:00,10000.0,9777.901166018879
2024-03-19 04:00:00+00:00,10000.0,9777.901166018879
2024-03-19 04:00:00+00:00,10000.0,9777.901166018879
2024-03-19 04:00:00+00:00,10000.0,9777.901166018879
2024-03-19 04:00:00+00:00,10000.0,9777.901166018879
2024-03-19 04:00:00+00:00,10000.0,9777.901166018879
2024-03-19 04:00:00+00:00,10000.0,9777.901166018879
2024-03-19 04:00:00+00:00,10000.0,9777.901166018879
2024-03-19 04:00:00+00:00,10000.0,9777.901166018879
2024-03-19 04:00:00+00:00,10000.0,9777.901166018879
2024-03-19 04:00:00+00:00,10000.0,9777.901166018879
2024-03-19 04:00:00+00:00,10000.0,9777.901166018879
2024-03-19 04:00:00+00:00,10000.0,9777.901166018879
2024-03-20 04:00:00+00:00,10000.0,9917.268184342032
2024-03-20 04:00:00+00:00,10000.0,9917.268184342032
2024-03-20 04:00:00+00:00,10000.0,9917.268184342032
2024-03-20 04:00:00+00:00,10000.0,9917.268184342032
2024-03-20 04:00:00+00:00,10000.0,9917.268184342032
2024-03-20 04:00:00+00:00,10000.0,9917.268184342032
2024-03-20 04:00:00+00:00,10000.0,9917.268184342032
2024-03-20 04:00:00+00:00,10000.0,9917.268184342032
2024-03-20 04:00:00+00:00,10000.0,9917.268184342032
2024-03-20 04:00:00+00:00,10000.0,9917.268184342032
2024-03-20 04:00:00+00:00,10000.0,9917.268184342032
2024-03-20 04:00:00+00:00,10000.0,9917.268184342032
2024-03-20 04:00:00+00:00,10000.0,9917.268184342032
2024-03-20 04:00:00+00:00,10000.0,9917.268184342032
2024-03-20 04:00:00+00:00,10000.0,9917.268184342032
2024-03-20 04:00:00+00:00,10000.0,9917.268184342032
2024-03-20 04:00:00+00:00,10000.0,9917.268184342032
2024-03-20 04:00:00+00:00,10000.0,9917.268184342032
2024-03-21 04:00:00+00:00,10000.0,9515.824541921154
2024-03-21 04:00:00+00:00,10000.0,9515.824541921154
2024-03-21 04:00:00+00:00,10000.0,9515.824541921154
2024-03-21 04:00:00+00:00,10000.0,9515.824541921154
2024-03-21 04:00:00+00:00,10000.0,9515.824541921154
2024-03-21 04:00:00+00:00,10000.0,9515.824541921154
2024-03-21 04:00:00+00:00,10000.0,9515.824541921154
2024-03-21 04:00:00+00:00,10000.0,9515.824541921154
2024-03-21 04:00:00+00:00,10000.0,9515.824541921154
2024-03-21 04:00:00+00:00,10000.0,9515.824541921154
2024-03-21 04:00:00+00:00,10000.0,9515.824541921154
2024-03-21 04:00:00+00:00,10000.0,9515.824541921154
2024-03-21 04:00:00+00:00,10000.0,9515.824541921154
2024-03-21 04:00:00+00:00,10000.0,9515.824541921154
2024-03-21 04:00:00+00:00,10000.0,9515.824541921154
2024-03-21 04:00:00+00:00,10000.0,9515.824541921154
2024-03-21 04:00:00+00:00,10000.0,9515.824541921154
2024-03-21 04:00:00+00:00,10000.0,9515.824541921154
2024-03-22 04:00:00+00:00,10000.0,9565.241532481956
2024-03-22 04:00:00+00:00,10000.0,9565.241532481956
2024-03-22 04:00:00+00:00,10000.0,9565.241532481956
2024-03-22 04:00:00+00:00,10000.0,9565.241532481956
2024-03-22 04:00:00+00:00,10000.0,9565.241532481956
2024-03-22 04:00:00+00:00,10000.0,9565.241532481956
2024-03-22 04:00:00+00:00,10000.0,9565.241532481956
2024-03-22 04:00:00+00:00,10000.0,9565.241532481956
2024-03-22 04:00:00+00:00,10000.0,9565.241532481956
2024-03-22 04:00:00+00:00,10000.0,9565.241532481956
2024-03-22 04:00:00+00:00,10000.0,9565.241532481956
2024-03-22 04:00:00+00:00,10000.0,9565.241532481956
2024-03-22 04:00:00+00:00,10000.0,9565.241532481956
2024-03-22 04:00:00+00:00,10000.0,9565.241532481956
2024-03-22 04:00:00+00:00,10000.0,9565.241532481956
2024-03-22 04:00:00+00:00,10000.0,9565.241532481956
2024-03-22 04:00:00+00:00,10000.0,9565.241532481956
2024-03-22 04:00:00+00:00,10000.0,9565.241532481956
2024-03-25 04:00:00+00:00,10000.0,9488.617434758467
2024-03-25 04:00:00+00:00,10000.0,9488.617434758467
2024-03-25 04:00:00+00:00,10000.0,9488.617434758467
2024-03-25 04:00:00+00:00,10000.0,9488.617434758467
2024-03-25 04:00:00+00:00,10000.0,9488.617434758467
2024-03-25 04:00:00+00:00,10000.0,9488.617434758467
2024-03-25 04:00:00+00:00,10000.0,9488.617434758467
2024-03-25 04:00:00+00:00,10000.0,9488.617434758467
2024-03-25 04:00:00+00:00,10000.0,9488.617434758467
2024-03-25 04:00:00+00:00,10000.0,9488.617434758467
2024-03-25 04:00:00+00:00,10000.0,9488.617434758467
2024-03-25 04:00:00+00:00,10000.0,9488.617434758467
2024-03-25 04:00:00+00:00,10000.0,9488.617434758467
2024-03-25 04:00:00+00:00,10000.0,9488.617434758467
2024-03-25 04:00:00+00:00,10000.0,9488.617434758467
2024-03-25 04:00:00+00:00,10000.0,9488.617434758467
2024-03-25 04:00:00+00:00,10000.0,9488.617434758467
2024-03-25 04:00:00+00:00,10000.0,9488.617434758467
2024-03-26 04:00:00+00:00,10000.0,9433.092726263187
2024-03-26 04:00:00+00:00,10000.0,9433.092726263187
2024-03-26 04:00:00+00:00,10000.0,9433.092726263187
2024-03-26 04:00:00+00:00,10000.0,9433.092726263187
2024-03-26 04:00:00+00:00,10000.0,9433.092726263187
2024-03-26 04:00:00+00:00,10000.0,9433.092726263187
2024-03-26 04:00:00+00:00,10000.0,9433.092726263187
2024-03-26 04:00:00+00:00,10000.0,9433.092726263187
2024-03-26 04:00:00+00:00,10000.0,9433.092726263187
2024-03-26 04:00:00+00:00,10000.0,9433.092726263187
2024-03-26 04:00:00+00:00,10000.0,9433.092726263187
2024-03-26 04:00:00+00:00,10000.0,9433.092726263187
2024-03-26 04:00:00+00:00,10000.0,9433.092726263187
2024-03-26 04:00:00+00:00,10000.0,9433.092726263187
2024-03-26 04:00:00+00:00,10000.0,9433.092726263187
2024-03-26 04:00:00+00:00,10000.0,9433.092726263187
2024-03-26 04:00:00+00:00,10000.0,9433.092726263187
2024-03-26 04:00:00+00:00,10000.0,9433.092726263187
2024-03-27 04:00:00+00:00,10000.0,9625.485841199334
2024-03-27 04:00:00+00:00,10000.0,9625.485841199334
2024-03-27 04:00:00+00:00,10000.0,9625.485841199334
2024-03-27 04:00:00+00:00,10000.0,9625.485841199334
2024-03-27 04:00:00+00:00,10000.0,9625.485841199334
2024-03-27 04:00:00+00:00,10000.0,9625.485841199334
2024-03-27 04:00:00+00:00,10000.0,9625.485841199334
2024-03-27 04:00:00+00:00,10000.0,9625.485841199334
2024-03-27 04:00:00+00:00,10000.0,9625.485841199334
2024-03-27 04:00:00+00:00,10000.0,9625.485841199334
2024-03-27 04:00:00+00:00,10000.0,9625.485841199334
2024-03-27 04:00:00+00:00,10000.0,9625.485841199334
2024-03-27 04:00:00+00:00,10000.0,9625.485841199334
2024-03-27 04:00:00+00:00,10000.0,9625.485841199334
2024-03-27 04:00:00+00:00,10000.0,9625.485841199334
2024-03-27 04:00:00+00:00,10000.0,9625.485841199334
2024-03-27 04:00:00+00:00,10000.0,9625.485841199334
2024-03-27 04:00:00+00:00,10000.0,9625.485841199334
2024-03-28 04:00:00+00:00,10000.0,9523.04275402554
2024-03-28 04:00:00+00:00,10000.0,9523.04275402554
2024-03-28 04:00:00+00:00,10000.0,9523.04275402554
2024-03-28 04:00:00+00:00,10000.0,9523.04275402554
2024-03-28 04:00:00+00:00,10000.0,9523.04275402554
2024-03-28 04:00:00+00:00,10000.0,9523.04275402554
2024-03-28 04:00:00+00:00,10000.0,9523.04275402554
2024-03-28 04:00:00+00:00,10000.0,9523.04275402554
2024-03-28 04:00:00+00:00,10000.0,9523.04275402554
2024-03-28 04:00:00+00:00,10000.0,9523.04275402554
2024-03-28 04:00:00+00:00,10000.0,9523.04275402554
2024-03-28 04:00:00+00:00,10000.0,9523.04275402554
2024-03-28 04:00:00+00:00,10000.0,9523.04275402554
2024-03-28 04:00:00+00:00,10000.0,9523.04275402554
2024-03-28 04:00:00+00:00,10000.0,9523.04275402554
2024-03-28 04:00:00+00:00,10000.0,9523.04275402554
2024-03-28 04:00:00+00:00,10000.0,9523.04275402554
2024-03-28 04:00:00+00:00,10000.0,9523.04275402554
2024-04-01 04:00:00+00:00,10000.0,9437.53470294281
2024-04-01 04:00:00+00:00,10000.0,9437.53470294281
2024-04-01 04:00:00+00:00,10000.0,9437.53470294281
2024-04-01 04:00:00+00:00,10000.0,9437.53470294281
2024-04-01 04:00:00+00:00,10000.0,9437.53470294281
2024-04-01 04:00:00+00:00,10000.0,9437.53470294281
2024-04-01 04:00:00+00:00,10000.0,9437.53470294281
2024-04-01 04:00:00+00:00,10000.0,9437.53470294281
2024-04-01 04:00:00+00:00,10000.0,9437.53470294281
2024-04-01 04:00:00+00:00,10000.0,9437.53470294281
2024-04-01 04:00:00+00:00,10000.0,9437.53470294281
2024-04-01 04:00:00+00:00,10000.0,9437.53470294281
2024-04-01 04:00:00+00:00,10000.0,9437.53470294281
2024-04-01 04:00:00+00:00,10000.0,9437.53470294281
2024-04-01 04:00:00+00:00,10000.0,9437.53470294281
2024-04-01 04:00:00+00:00,10000.0,9437.53470294281
2024-04-01 04:00:00+00:00,10000.0,9437.53470294281
2024-04-02 04:00:00+00:00,10000.0,9379.789006107718
2024-04-02 04:00:00+00:00,10000.0,9379.789006107718
2024-04-02 04:00:00+00:00,10000.0,9379.789006107718
2024-04-02 04:00:00+00:00,10000.0,9379.789006107718
2024-04-02 04:00:00+00:00,10000.0,9379.789006107718
2024-04-02 04:00:00+00:00,10000.0,9379.789006107718
2024-04-02 04:00:00+00:00,10000.0,9379.789006107718
2024-04-02 04:00:00+00:00,10000.0,9379.789006107718
2024-04-02 04:00:00+00:00,10000.0,9379.789006107718
2024-04-02 04:00:00+00:00,10000.0,9379.789006107718
2024-04-02 04:00:00+00:00,10000.0,9379.789006107718
2024-04-02 04:00:00+00:00,10000.0,9379.789006107718
2024-04-02 04:00:00+00:00,10000.0,9379.789006107718
2024-04-02 04:00:00+00:00,10000.0,9379.789006107718
2024-04-02 04:00:00+00:00,10000.0,9379.789006107718
2024-04-02 04:00:00+00:00,10000.0,9379.789006107718
2024-04-02 04:00:00+00:00,10000.0,9379.789006107718
2024-04-03 04:00:00+00:00,10000.0,9424.764019988896
2024-04-03 04:00:00+00:00,10000.0,9424.764019988896
2024-04-03 04:00:00+00:00,10000.0,9424.764019988896
2024-04-03 04:00:00+00:00,10000.0,9424.764019988896
2024-04-03 04:00:00+00:00,10000.0,9424.764019988896
2024-04-03 04:00:00+00:00,10000.0,9424.764019988896
2024-04-03 04:00:00+00:00,10000.0,9424.764019988896
2024-04-03 04:00:00+00:00,10000.0,9424.764019988896
2024-04-03 04:00:00+00:00,10000.0,9424.764019988896
2024-04-03 04:00:00+00:00,10000.0,9424.764019988896
2024-04-03 04:00:00+00:00,10000.0,9424.764019988896
2024-04-03 04:00:00+00:00,10000.0,9424.764019988896
2024-04-03 04:00:00+00:00,10000.0,9424.764019988896
2024-04-03 04:00:00+00:00,10000.0,9424.764019988896
2024-04-03 04:00:00+00:00,10000.0,9424.764019988896
2024-04-03 04:00:00+00:00,10000.0,9424.764019988896
2024-04-03 04:00:00+00:00,10000.0,9424.764019988896
2024-04-04 04:00:00+00:00,10000.0,9375.90227651305
2024-04-04 04:00:00+00:00,10000.0,9375.90227651305
2024-04-04 04:00:00+00:00,10000.0,9375.90227651305
2024-04-04 04:00:00+00:00,10000.0,9375.90227651305
2024-04-04 04:00:00+00:00,10000.0,9375.90227651305
2024-04-04 04:00:00+00:00,10000.0,9375.90227651305
2024-04-04 04:00:00+00:00,10000.0,9375.90227651305
2024-04-04 04:00:00+00:00,10000.0,9375.90227651305
2024-04-04 04:00:00+00:00,10000.0,9375.90227651305
2024-04-04 04:00:00+00:00,10000.0,9375.90227651305
2024-04-04 04:00:00+00:00,10000.0,9375.90227651305
2024-04-04 04:00:00+00:00,10000.0,9375.90227651305
2024-04-04 04:00:00+00:00,10000.0,9375.90227651305
2024-04-04 04:00:00+00:00,10000.0,9375.90227651305
2024-04-04 04:00:00+00:00,10000.0,9375.90227651305
2024-04-04 04:00:00+00:00,10000.0,9375.90227651305
2024-04-04 04:00:00+00:00,10000.0,9375.90227651305
2024-04-05 04:00:00+00:00,10000.0,9421.432537479179
2024-04-05 04:00:00+00:00,10000.0,9421.432537479179
2024-04-05 04:00:00+00:00,10000.0,9421.432537479179
2024-04-05 04:00:00+00:00,10000.0,9421.432537479179
2024-04-05 04:00:00+00:00,10000.0,9421.432537479179
2024-04-05 04:00:00+00:00,10000.0,9421.432537479179
2024-04-05 04:00:00+00:00,10000.0,9421.432537479179
2024-04-05 04:00:00+00:00,10000.0,9421.432537479179
2024-04-05 04:00:00+00:00,10000.0,9421.432537479179
2024-04-05 04:00:00+00:00,10000.0,9421.432537479179
2024-04-05 04:00:00+00:00,10000.0,9421.432537479179
2024-04-05 04:00:00+00:00,10000.0,9421.432537479179
2024-04-05 04:00:00+00:00,10000.0,9421.432537479179
2024-04-05 04:00:00+00:00,10000.0,9421.432537479179
2024-04-05 04:00:00+00:00,10000.0,9421.432537479179
2024-04-05 04:00:00+00:00,10000.0,9421.432537479179
2024-04-05 04:00:00+00:00,10000.0,9421.432537479179
2024-04-08 04:00:00+00:00,10000.0,9358.134369794558
2024-04-08 04:00:00+00:00,10000.0,9358.134369794558
2024-04-08 04:00:00+00:00,10000.0,9358.134369794558
2024-04-08 04:00:00+00:00,10000.0,9358.134369794558
2024-04-08 04:00:00+00:00,10000.0,9358.134369794558
2024-04-08 04:00:00+00:00,10000.0,9358.134369794558
2024-04-08 04:00:00+00:00,10000.0,9358.134369794558
2024-04-08 04:00:00+00:00,10000.0,9358.134369794558
2024-04-08 04:00:00+00:00,10000.0,9358.134369794558
2024-04-08 04:00:00+00:00,10000.0,9358.134369794558
2024-04-08 04:00:00+00:00,10000.0,9358.134369794558
2024-04-08 04:00:00+00:00,10000.0,9358.134369794558
2024-04-08 04:00:00+00:00,10000.0,9358.134369794558
2024-04-08 04:00:00+00:00,10000.0,9358.134369794558
2024-04-08 04:00:00+00:00,10000.0,9358.134369794558
2024-04-08 04:00:00+00:00,10000.0,9358.134369794558
2024-04-08 04:00:00+00:00,10000.0,9358.134369794558
2024-04-09 04:00:00+00:00,10000.0,9422.543031649084
2024-04-09 04:00:00+00:00,10000.0,9422.543031649084
2024-04-09 04:00:00+00:00,10000.0,9422.543031649084
2024-04-09 04:00:00+00:00,10000.0,9422.543031649084
2024-04-09 04:00:00+00:00,10000.0,9422.543031649084
2024-04-09 04:00:00+00:00,10000.0,9422.543031649084
2024-04-09 04:00:00+00:00,10000.0,9422.543031649084
2024-04-09 04:00:00+00:00,10000.0,9422.543031649084
2024-04-09 04:00:00+00:00,10000.0,9422.543031649084
2024-04-09 04:00:00+00:00,10000.0,9422.543031649084
2024-04-09 04:00:00+00:00,10000.0,9422.543031649084
2024-04-09 04:00:00+00:00,10000.0,9422.543031649084
2024-04-09 04:00:00+00:00,10000.0,9422.543031649084
2024-04-09 04:00:00+00:00,10000.0,9422.543031649084
2024-04-09 04:00:00+00:00,10000.0,9422.543031649084
2024-04-09 04:00:00+00:00,10000.0,9422.543031649084
2024-04-09 04:00:00+00:00,10000.0,9422.543031649084
2024-04-10 04:00:00+00:00,10000.0,9313.15935591338
2024-04-10 04:00:00+00:00,10000.0,9313.15935591338
2024-04-10 04:00:00+00:00,10000.0,9313.15935591338
2024-04-10 04:00:00+00:00,10000.0,9313.15935591338
2024-04-10 04:00:00+00:00,10000.0,9313.15935591338
2024-04-10 04:00:00+00:00,10000.0,9313.15935591338
2024-04-10 04:00:00+00:00,10000.0,9313.15935591338
2024-04-10 04:00:00+00:00,10000.0,9313.15935591338
2024-04-10 04:00:00+00:00,10000.0,9313.15935591338
2024-04-10 04:00:00+00:00,10000.0,9313.15935591338
2024-04-10 04:00:00+00:00,10000.0,9313.15935591338
2024-04-10 04:00:00+00:00,10000.0,9313.15935591338
2024-04-10 04:00:00+00:00,10000.0,9313.15935591338
2024-04-10 04:00:00+00:00,10000.0,9313.15935591338
2024-04-10 04:00:00+00:00,10000.0,9313.15935591338
2024-04-10 04:00:00+00:00,10000.0,9313.15935591338
2024-04-10 04:00:00+00:00,10000.0,9313.15935591338
2024-04-11 04:00:00+00:00,10000.0,9719.044975013881
2024-04-11 04:00:00+00:00,10000.0,9719.044975013881
2024-04-11 04:00:00+00:00,10000.0,9719.044975013881
2024-04-11 04:00:00+00:00,10000.0,9719.044975013881
2024-04-11 04:00:00+00:00,10000.0,9719.044975013881
2024-04-11 04:00:00+00:00,10000.0,9719.044975013881
2024-04-11 04:00:00+00:00,10000.0,9719.044975013881
2024-04-11 04:00:00+00:00,10000.0,9719.044975013881
2024-04-11 04:00:00+00:00,10000.0,9719.044975013881
2024-04-11 04:00:00+00:00,10000.0,9719.044975013881
2024-04-11 04:00:00+00:00,10000.0,9719.044975013881
2024-04-11 04:00:00+00:00,10000.0,9719.044975013881
2024-04-11 04:00:00+00:00,10000.0,9719.044975013881
2024-04-11 04:00:00+00:00,10000.0,9719.044975013881
2024-04-11 04:00:00+00:00,10000.0,9719.044975013881
2024-04-11 04:00:00+00:00,10000.0,9719.044975013881
2024-04-11 04:00:00+00:00,10000.0,9719.044975013881
2024-04-12 04:00:00+00:00,10000.0,9806.774014436425
2024-04-12 04:00:00+00:00,10000.0,9806.774014436425
2024-04-12 04:00:00+00:00,10000.0,9806.774014436425
2024-04-12 04:00:00+00:00,10000.0,9806.774014436425
2024-04-12 04:00:00+00:00,10000.0,9806.774014436425
2024-04-12 04:00:00+00:00,10000.0,9806.774014436425
2024-04-12 04:00:00+00:00,10000.0,9806.774014436425
2024-04-12 04:00:00+00:00,10000.0,9806.774014436425
2024-04-12 04:00:00+00:00,10000.0,9806.774014436425
2024-04-12 04:00:00+00:00,10000.0,9806.774014436425
2024-04-12 04:00:00+00:00,10000.0,9806.774014436425
2024-04-12 04:00:00+00:00,10000.0,9806.774014436425
2024-04-12 04:00:00+00:00,10000.0,9806.774014436425
2024-04-12 04:00:00+00:00,10000.0,9806.774014436425
2024-04-12 04:00:00+00:00,10000.0,9806.774014436425
2024-04-12 04:00:00+00:00,10000.0,9806.774014436425
2024-04-12 04:00:00+00:00,10000.0,9806.774014436425
2024-04-15 04:00:00+00:00,10000.0,9590.782898389783
2024-04-15 04:00:00+00:00,10000.0,9590.782898389783
2024-04-15 04:00:00+00:00,10000.0,9590.782898389783
2024-04-15 04:00:00+00:00,10000.0,9590.782898389783
2024-04-15 04:00:00+00:00,10000.0,9590.782898389783
2024-04-15 04:00:00+00:00,10000.0,9590.782898389783
2024-04-15 04:00:00+00:00,10000.0,9590.782898389783
2024-04-15 04:00:00+00:00,10000.0,9590.782898389783
2024-04-15 04:00:00+00:00,10000.0,9590.782898389783
2024-04-15 04:00:00+00:00,10000.0,9590.782898389783
2024-04-15 04:00:00+00:00,10000.0,9590.782898389783
2024-04-15 04:00:00+00:00,10000.0,9590.782898389783
2024-04-15 04:00:00+00:00,10000.0,9590.782898389783
2024-04-15 04:00:00+00:00,10000.0,9590.782898389783
2024-04-15 04:00:00+00:00,10000.0,9590.782898389783
2024-04-15 04:00:00+00:00,10000.0,9590.782898389783
2024-04-15 04:00:00+00:00,10000.0,9590.782898389783
2024-04-16 04:00:00+00:00,10000.0,9402.554136590785
2024-04-16 04:00:00+00:00,10000.0,9402.554136590785
2024-04-16 04:00:00+00:00,10000.0,9402.554136590785
2024-04-16 04:00:00+00:00,10000.0,9402.554136590785
2024-04-16 04:00:00+00:00,10000.0,9402.554136590785
2024-04-16 04:00:00+00:00,10000.0,9402.554136590785
2024-04-16 04:00:00+00:00,10000.0,9402.554136590785
2024-04-16 04:00:00+00:00,10000.0,9402.554136590785
2024-04-16 04:00:00+00:00,10000.0,9402.554136590785
2024-04-16 04:00:00+00:00,10000.0,9402.554136590785
2024-04-16 04:00:00+00:00,10000.0,9402.554136590785
2024-04-16 04:00:00+00:00,10000.0,9402.554136590785
2024-04-16 04:00:00+00:00,10000.0,9402.554136590785
2024-04-16 04:00:00+00:00,10000.0,9402.554136590785
2024-04-16 04:00:00+00:00,10000.0,9402.554136590785
2024-04-16 04:00:00+00:00,10000.0,9402.554136590785
2024-04-16 04:00:00+00:00,10000.0,9402.554136590785
2024-04-17 04:00:00+00:00,10000.0,9328.70627429206
2024-04-17 04:00:00+00:00,10000.0,9328.70627429206
2024-04-17 04:00:00+00:00,10000.0,9328.70627429206
2024-04-17 04:00:00+00:00,10000.0,9328.70627429206
2024-04-17 04:00:00+00:00,10000.0,9328.70627429206
2024-04-17 04:00:00+00:00,10000.0,9328.70627429206
2024-04-17 04:00:00+00:00,10000.0,9328.70627429206
2024-04-17 04:00:00+00:00,10000.0,9328.70627429206
2024-04-17 04:00:00+00:00,10000.0,9328.70627429206
2024-04-17 04:00:00+00:00,10000.0,9328.70627429206
2024-04-17 04:00:00+00:00,10000.0,9328.70627429206
2024-04-17 04:00:00+00:00,10000.0,9328.70627429206
2024-04-17 04:00:00+00:00,10000.0,9328.70627429206
2024-04-17 04:00:00+00:00,10000.0,9328.70627429206
2024-04-17 04:00:00+00:00,10000.0,9328.70627429206
2024-04-17 04:00:00+00:00,10000.0,9328.70627429206
2024-04-17 04:00:00+00:00,10000.0,9328.70627429206
2024-04-18 04:00:00+00:00,10000.0,9274.292059966685
2024-04-18 04:00:00+00:00,10000.0,9274.292059966685
2024-04-18 04:00:00+00:00,10000.0,9274.292059966685
2024-04-18 04:00:00+00:00,10000.0,9274.292059966685
2024-04-18 04:00:00+00:00,10000.0,9274.292059966685
2024-04-18 04:00:00+00:00,10000.0,9274.292059966685
2024-04-18 04:00:00+00:00,10000.0,9274.292059966685
2024-04-18 04:00:00+00:00,10000.0,9274.292059966685
2024-04-18 04:00:00+00:00,10000.0,9274.292059966685
2024-04-18 04:00:00+00:00,10000.0,9274.292059966685
2024-04-18 04:00:00+00:00,10000.0,9274.292059966685
2024-04-18 04:00:00+00:00,10000.0,9274.292059966685
2024-04-18 04:00:00+00:00,10000.0,9274.292059966685
2024-04-18 04:00:00+00:00,10000.0,9274.292059966685
2024-04-18 04:00:00+00:00,10000.0,9274.292059966685
2024-04-18 04:00:00+00:00,10000.0,9274.292059966685
2024-04-18 04:00:00+00:00,10000.0,9274.292059966685
2024-04-19 04:00:00+00:00,10000.0,9159.355913381454
2024-04-19 04:00:00+00:00,10000.0,9159.355913381454
2024-04-19 04:00:00+00:00,10000.0,9159.355913381454
2024-04-19 04:00:00+00:00,10000.0,9159.355913381454
2024-04-19 04:00:00+00:00,10000.0,9159.355913381454
2024-04-19 04:00:00+00:00,10000.0,9159.355913381454
2024-04-19 04:00:00+00:00,10000.0,9159.355913381454
2024-04-19 04:00:00+00:00,10000.0,9159.355913381454
2024-04-19 04:00:00+00:00,10000.0,9159.355913381454
2024-04-19 04:00:00+00:00,10000.0,9159.355913381454
2024-04-19 04:00:00+00:00,10000.0,9159.355913381454
2024-04-19 04:00:00+00:00,10000.0,9159.355913381454
2024-04-19 04:00:00+00:00,10000.0,9159.355913381454
2024-04-19 04:00:00+00:00,10000.0,9159.355913381454
2024-04-19 04:00:00+00:00,10000.0,9159.355913381454
2024-04-19 04:00:00+00:00,10000.0,9159.355913381454
2024-04-19 04:00:00+00:00,10000.0,9159.355913381454
2024-04-22 04:00:00+00:00,10000.0,9212.10438645197
2024-04-22 04:00:00+00:00,10000.0,9212.10438645197
2024-04-22 04:00:00+00:00,10000.0,9212.10438645197
2024-04-22 04:00:00+00:00,10000.0,9212.10438645197
2024-04-22 04:00:00+00:00,10000.0,9212.10438645197
2024-04-22 04:00:00+00:00,10000.0,9212.10438645197
2024-04-22 04:00:00+00:00,10000.0,9212.10438645197
2024-04-22 04:00:00+00:00,10000.0,9212.10438645197
2024-04-22 04:00:00+00:00,10000.0,9212.10438645197
2024-04-22 04:00:00+00:00,10000.0,9212.10438645197
2024-04-22 04:00:00+00:00,10000.0,9212.10438645197
2024-04-22 04:00:00+00:00,10000.0,9212.10438645197
2024-04-22 04:00:00+00:00,10000.0,9212.10438645197
2024-04-22 04:00:00+00:00,10000.0,9212.10438645197
2024-04-22 04:00:00+00:00,10000.0,9212.10438645197
2024-04-22 04:00:00+00:00,10000.0,9212.10438645197
2024-04-22 04:00:00+00:00,10000.0,9212.10438645197
2024-04-23 04:00:00+00:00,10000.0,9262.076624097725
2024-04-23 04:00:00+00:00,10000.0,9262.076624097725
2024-04-23 04:00:00+00:00,10000.0,9262.076624097725
2024-04-23 04:00:00+00:00,10000.0,9262.076624097725
2024-04-23 04:00:00+00:00,10000.0,9262.076624097725
2024-04-23 04:00:00+00:00,10000.0,9262.076624097725
2024-04-23 04:00:00+00:00,10000.0,9262.076624097725
2024-04-23 04:00:00+00:00,10000.0,9262.076624097725
2024-04-23 04:00:00+00:00,10000.0,9262.076624097725
2024-04-23 04:00:00+00:00,10000.0,9262.076624097725
2024-04-23 04:00:00+00:00,10000.0,9262.076624097725
2024-04-23 04:00:00+00:00,10000.0,9262.076624097725
2024-04-23 04:00:00+00:00,10000.0,9262.076624097725
2024-04-23 04:00:00+00:00,10000.0,9262.076624097725
2024-04-23 04:00:00+00:00,10000.0,9262.076624097725
2024-04-23 04:00:00+00:00,10000.0,9262.076624097725
2024-04-23 04:00:00+00:00,10000.0,9262.076624097725
2024-04-24 04:00:00+00:00,10000.0,9387.840088839534
2024-04-24 04:00:00+00:00,10000.0,9387.840088839534
2024-04-24 04:00:00+00:00,10000.0,9387.840088839534
2024-04-24 04:00:00+00:00,10000.0,9387.840088839534
2024-04-24 04:00:00+00:00,10000.0,9387.840088839534
2024-04-24 04:00:00+00:00,10000.0,9387.840088839534
2024-04-24 04:00:00+00:00,10000.0,9387.840088839534
2024-04-24 04:00:00+00:00,10000.0,9387.840088839534
2024-04-24 04:00:00+00:00,10000.0,9387.840088839534
2024-04-24 04:00:00+00:00,10000.0,9387.840088839534
2024-04-24 04:00:00+00:00,10000.0,9387.840088839534
2024-04-24 04:00:00+00:00,10000.0,9387.840088839534
2024-04-24 04:00:00+00:00,10000.0,9387.840088839534
2024-04-24 04:00:00+00:00,10000.0,9387.840088839534
2024-04-24 04:00:00+00:00,10000.0,9387.840088839534
2024-04-24 04:00:00+00:00,10000.0,9387.840088839534
2024-04-24 04:00:00+00:00,10000.0,9387.840088839534
2024-04-25 04:00:00+00:00,10000.0,9435.868961687951
2024-04-25 04:00:00+00:00,10000.0,9435.868961687951
2024-04-25 04:00:00+00:00,10000.0,9435.868961687951
2024-04-25 04:00:00+00:00,10000.0,9435.868961687951
2024-04-25 04:00:00+00:00,10000.0,9435.868961687951
2024-04-25 04:00:00+00:00,10000.0,9435.868961687951
2024-04-25 04:00:00+00:00,10000.0,9435.868961687951
2024-04-25 04:00:00+00:00,10000.0,9435.868961687951
2024-04-25 04:00:00+00:00,10000.0,9435.868961687951
2024-04-25 04:00:00+00:00,10000.0,9435.868961687951
2024-04-25 04:00:00+00:00,10000.0,9435.868961687951
2024-04-25 04:00:00+00:00,10000.0,9435.868961687951
2024-04-25 04:00:00+00:00,10000.0,9435.868961687951
2024-04-25 04:00:00+00:00,10000.0,9435.868961687951
2024-04-25 04:00:00+00:00,10000.0,9435.868961687951
2024-04-25 04:00:00+00:00,10000.0,9435.868961687951
2024-04-25 04:00:00+00:00,10000.0,9435.868961687951
2024-04-26 04:00:00+00:00,10000.0,9394.22543031649
2024-04-26 04:00:00+00:00,10000.0,9394.22543031649
2024-04-26 04:00:00+00:00,10000.0,9394.22543031649
2024-04-26 04:00:00+00:00,10000.0,9394.22543031649
2024-04-26 04:00:00+00:00,10000.0,9394.22543031649
2024-04-26 04:00:00+00:00,10000.0,9394.22543031649
2024-04-26 04:00:00+00:00,10000.0,9394.22543031649
2024-04-26 04:00:00+00:00,10000.0,9394.22543031649
2024-04-26 04:00:00+00:00,10000.0,9394.22543031649
2024-04-26 04:00:00+00:00,10000.0,9394.22543031649
2024-04-26 04:00:00+00:00,10000.0,9394.22543031649
2024-04-26 04:00:00+00:00,10000.0,9394.22543031649
2024-04-26 04:00:00+00:00,10000.0,9394.22543031649
2024-04-26 04:00:00+00:00,10000.0,9394.22543031649
2024-04-26 04:00:00+00:00,10000.0,9394.22543031649
2024-04-26 04:00:00+00:00,10000.0,9394.22543031649
2024-04-26 04:00:00+00:00,10000.0,9394.22543031649
2024-04-29 04:00:00+00:00,10000.0,9632.426429761244
2024-04-29 04:00:00+00:00,10000.0,9632.426429761244
2024-04-29 04:00:00+00:00,10000.0,9632.426429761244
2024-04-29 04:00:00+00:00,10000.0,9632.426429761244
2024-04-29 04:00:00+00:00,10000.0,9632.426429761244
2024-04-29 04:00:00+00:00,10000.0,9632.426429761244
2024-04-29 04:00:00+00:00,10000.0,9632.426429761244
2024-04-29 04:00:00+00:00,10000.0,9632.426429761244
2024-04-29 04:00:00+00:00,10000.0,9632.426429761244
2024-04-29 04:00:00+00:00,10000.0,9632.426429761244
2024-04-29 04:00:00+00:00,10000.0,9632.426429761244
2024-04-29 04:00:00+00:00,10000.0,9632.426429761244
2024-04-29 04:00:00+00:00,10000.0,9632.426429761244
2024-04-29 04:00:00+00:00,10000.0,9632.426429761244
2024-04-29 04:00:00+00:00,10000.0,9632.426429761244
2024-04-29 04:00:00+00:00,10000.0,9632.426429761244
2024-04-29 04:00:00+00:00,10000.0,9632.426429761244
2024-04-30 04:00:00+00:00,10000.0,9441.976679622432
2024-04-30 04:00:00+00:00,10000.0,9441.976679622432
2024-04-30 04:00:00+00:00,10000.0,9441.976679622432
2024-04-30 04:00:00+00:00,10000.0,9441.976679622432
2024-04-30 04:00:00+00:00,10000.0,9441.976679622432
2024-04-30 04:00:00+00:00,10000.0,9441.976679622432
2024-04-30 04:00:00+00:00,10000.0,9441.976679622432
2024-04-30 04:00:00+00:00,10000.0,9441.976679622432
2024-04-30 04:00:00+00:00,10000.0,9441.976679622432
2024-04-30 04:00:00+00:00,10000.0,9441.976679622432
2024-04-30 04:00:00+00:00,10000.0,9441.976679622432
2024-04-30 04:00:00+00:00,10000.0,9441.976679622432
2024-04-30 04:00:00+00:00,10000.0,9441.976679622432
2024-04-30 04:00:00+00:00,10000.0,9441.976679622432
2024-04-30 04:00:00+00:00,10000.0,9441.976679622432
2024-04-30 04:00:00+00:00,10000.0,9441.976679622432
2024-05-01 04:00:00+00:00,10000.0,9402.554136590785
2024-05-01 04:00:00+00:00,10000.0,9402.554136590785
2024-05-01 04:00:00+00:00,10000.0,9402.554136590785
2024-05-01 04:00:00+00:00,10000.0,9402.554136590785
2024-05-01 04:00:00+00:00,10000.0,9402.554136590785
2024-05-01 04:00:00+00:00,10000.0,9402.554136590785
2024-05-01 04:00:00+00:00,10000.0,9402.554136590785
2024-05-01 04:00:00+00:00,10000.0,9402.554136590785
2024-05-01 04:00:00+00:00,10000.0,9402.554136590785
2024-05-01 04:00:00+00:00,10000.0,9402.554136590785
2024-05-01 04:00:00+00:00,10000.0,9402.554136590785
2024-05-01 04:00:00+00:00,10000.0,9402.554136590785
2024-05-01 04:00:00+00:00,10000.0,9402.554136590785
2024-05-01 04:00:00+00:00,10000.0,9402.554136590785
2024-05-01 04:00:00+00:00,10000.0,9402.554136590785
2024-05-01 04:00:00+00:00,10000.0,9402.554136590785
2024-05-02 04:00:00+00:00,10000.0,9612.992781787896
2024-05-02 04:00:00+00:00,10000.0,9612.992781787896
2024-05-02 04:00:00+00:00,10000.0,9612.992781787896
2024-05-02 04:00:00+00:00,10000.0,9612.992781787896
2024-05-02 04:00:00+00:00,10000.0,9612.992781787896
2024-05-02 04:00:00+00:00,10000.0,9612.992781787896
2024-05-02 04:00:00+00:00,10000.0,9612.992781787896
2024-05-02 04:00:00+00:00,10000.0,9612.992781787896
2024-05-02 04:00:00+00:00,10000.0,9612.992781787896
2024-05-02 04:00:00+00:00,10000.0,9612.992781787896
2024-05-02 04:00:00+00:00,10000.0,9612.992781787896
2024-05-02 04:00:00+00:00,10000.0,9612.992781787896
2024-05-02 04:00:00+00:00,10000.0,9612.992781787896
2024-05-02 04:00:00+00:00,10000.0,9612.992781787896
2024-05-02 04:00:00+00:00,10000.0,9612.992781787896
2024-05-02 04:00:00+00:00,10000.0,9612.992781787896
2024-05-03 04:00:00+00:00,10000.0,10181.010549694616
2024-05-03 04:00:00+00:00,10000.0,10181.010549694616
2024-05-03 04:00:00+00:00,10000.0,10181.010549694616
2024-05-03 04:00:00+00:00,10000.0,10181.010549694616
2024-05-03 04:00:00+00:00,10000.0,10181.010549694616
2024-05-03 04:00:00+00:00,10000.0,10181.010549694616
2024-05-03 04:00:00+00:00,10000.0,10181.010549694616
2024-05-03 04:00:00+00:00,10000.0,10181.010549694616
2024-05-03 04:00:00+00:00,10000.0,10181.010549694616
2024-05-03 04:00:00+00:00,10000.0,10181.010549694616
2024-05-03 04:00:00+00:00,10000.0,10181.010549694616
2024-05-03 04:00:00+00:00,10000.0,10181.010549694616
2024-05-03 04:00:00+00:00,10000.0,10181.010549694616
2024-05-03 04:00:00+00:00,10000.0,10181.010549694616
2024-05-03 04:00:00+00:00,10000.0,10181.010549694616
2024-05-03 04:00:00+00:00,10000.0,10181.010549694616
2024-05-06 04:00:00+00:00,10000.0,10084.397556912827
2024-05-06 04:00:00+00:00,10000.0,10084.397556912827
2024-05-06 04:00:00+00:00,10000.0,10084.397556912827
2024-05-06 04:00:00+00:00,10000.0,10084.397556912827
2024-05-06 04:00:00+00:00,10000.0,10084.397556912827
2024-05-06 04:00:00+00:00,10000.0,10084.397556912827
2024-05-06 04:00:00+00:00,10000.0,10084.397556912827
2024-05-06 04:00:00+00:00,10000.0,10084.397556912827
2024-05-06 04:00:00+00:00,10000.0,10084.397556912827
2024-05-06 04:00:00+00:00,10000.0,10084.397556912827
2024-05-06 04:00:00+00:00,10000.0,10084.397556912827
2024-05-06 04:00:00+00:00,10000.0,10084.397556912827
2024-05-06 04:00:00+00:00,10000.0,10084.397556912827
2024-05-06 04:00:00+00:00,10000.0,10084.397556912827
2024-05-06 04:00:00+00:00,10000.0,10084.397556912827
2024-05-06 04:00:00+00:00,10000.0,10084.397556912827
2024-05-07 04:00:00+00:00,10000.0,10124.930594114381
2024-05-07 04:00:00+00:00,10000.0,10124.930594114381
2024-05-07 04:00:00+00:00,10000.0,10124.930594114381
2024-05-07 04:00:00+00:00,10000.0,10124.930594114381
2024-05-07 04:00:00+00:00,10000.0,10124.930594114381
2024-05-07 04:00:00+00:00,10000.0,10124.930594114381
2024-05-07 04:00:00+00:00,10000.0,10124.930594114381
2024-05-07 04:00:00+00:00,10000.0,10124.930594114381
2024-05-07 04:00:00+00:00,10000.0,10124.930594114381
2024-05-07 04:00:00+00:00,10000.0,10124.930594114381
2024-05-07 04:00:00+00:00,10000.0,10124.930594114381
2024-05-07 04:00:00+00:00,10000.0,10124.930594114381
2024-05-07 04:00:00+00:00,10000.0,10124.930594114381
2024-05-07 04:00:00+00:00,10000.0,10124.930594114381
2024-05-07 04:00:00+00:00,10000.0,10124.930594114381
2024-05-07 04:00:00+00:00,10000.0,10124.930594114381
2024-05-08 04:00:00+00:00,10000.0,10146.029983342589
2024-05-08 04:00:00+00:00,10000.0,10146.029983342589
2024-05-08 04:00:00+00:00,10000.0,10146.029983342589
2024-05-08 04:00:00+00:00,10000.0,10146.029983342589
2024-05-08 04:00:00+00:00,10000.0,10146.029983342589
2024-05-08 04:00:00+00:00,10000.0,10146.029983342589
2024-05-08 04:00:00+00:00,10000.0,10146.029983342589
2024-05-08 04:00:00+00:00,10000.0,10146.029983342589
2024-05-08 04:00:00+00:00,10000.0,10146.029983342589
2024-05-08 04:00:00+00:00,10000.0,10146.029983342589
2024-05-08 04:00:00+00:00,10000.0,10146.029983342589
2024-05-08 04:00:00+00:00,10000.0,10146.029983342589
2024-05-08 04:00:00+00:00,10000.0,10146.029983342589
2024-05-08 04:00:00+00:00,10000.0,10146.029983342589
2024-05-08 04:00:00+00:00,10000.0,10146.029983342589
2024-05-08 04:00:00+00:00,10000.0,10146.029983342589
2024-05-09 04:00:00+00:00,10000.0,10250.97168239867
2024-05-09 04:00:00+00:00,10000.0,10250.97168239867
2024-05-09 04:00:00+00:00,10000.0,10250.97168239867
2024-05-09 04:00:00+00:00,10000.0,10250.97168239867
2024-05-09 04:00:00+00:00,10000.0,10250.97168239867
2024-05-09 04:00:00+00:00,10000.0,10250.97168239867
2024-05-09 04:00:00+00:00,10000.0,10250.97168239867
2024-05-09 04:00:00+00:00,10000.0,10250.97168239867
2024-05-09 04:00:00+00:00,10000.0,10250.97168239867
2024-05-09 04:00:00+00:00,10000.0,10250.97168239867
2024-05-09 04:00:00+00:00,10000.0,10250.97168239867
2024-05-09 04:00:00+00:00,10000.0,10250.97168239867
2024-05-09 04:00:00+00:00,10000.0,10250.97168239867
2024-05-09 04:00:00+00:00,10000.0,10250.97168239867
2024-05-09 04:00:00+00:00,10000.0,10250.97168239867
2024-05-09 04:00:00+00:00,10000.0,10250.97168239867
2024-05-10 04:00:00+00:00,10000.0,10161.576901721266
2024-05-10 04:00:00+00:00,10000.0,10161.576901721266
2024-05-10 04:00:00+00:00,10000.0,10161.576901721266
2024-05-10 04:00:00+00:00,10000.0,10161.576901721266
2024-05-10 04:00:00+00:00,10000.0,10161.576901721266
2024-05-10 04:00:00+00:00,10000.0,10161.576901721266
2024-05-10 04:00:00+00:00,10000.0,10161.576901721266
2024-05-10 04:00:00+00:00,10000.0,10161.576901721266
2024-05-10 04:00:00+00:00,10000.0,10161.576901721266
2024-05-10 04:00:00+00:00,10000.0,10161.576901721266
2024-05-10 04:00:00+00:00,10000.0,10161.576901721266
2024-05-10 04:00:00+00:00,10000.0,10161.576901721266
2024-05-10 04:00:00+00:00,10000.0,10161.576901721266
2024-05-10 04:00:00+00:00,10000.0,10161.576901721266
2024-05-10 04:00:00+00:00,10000.0,10161.576901721266
2024-05-10 04:00:00+00:00,10000.0,10161.576901721266
2024-05-13 04:00:00+00:00,10000.0,10343.142698500833
2024-05-13 04:00:00+00:00,10000.0,10343.142698500833
2024-05-13 04:00:00+00:00,10000.0,10343.142698500833
2024-05-13 04:00:00+00:00,10000.0,10343.142698500833
2024-05-13 04:00:00+00:00,10000.0,10343.142698500833
2024-05-13 04:00:00+00:00,10000.0,10343.142698500833
2024-05-13 04:00:00+00:00,10000.0,10343.142698500833
2024-05-13 04:00:00+00:00,10000.0,10343.142698500833
2024-05-13 04:00:00+00:00,10000.0,10343.142698500833
2024-05-13 04:00:00+00:00,10000.0,10343.142698500833
2024-05-13 04:00:00+00:00,10000.0,10343.142698500833
2024-05-13 04:00:00+00:00,10000.0,10343.142698500833
2024-05-13 04:00:00+00:00,10000.0,10343.142698500833
2024-05-13 04:00:00+00:00,10000.0,10343.142698500833
2024-05-13 04:00:00+00:00,10000.0,10343.142698500833
2024-05-13 04:00:00+00:00,10000.0,10343.142698500833
2024-05-14 04:00:00+00:00,10000.0,10404.219877845642
2024-05-14 04:00:00+00:00,10000.0,10404.219877845642
2024-05-14 04:00:00+00:00,10000.0,10404.219877845642
2024-05-14 04:00:00+00:00,10000.0,10404.219877845642
2024-05-14 04:00:00+00:00,10000.0,10404.219877845642
2024-05-14 04:00:00+00:00,10000.0,10404.219877845642
2024-05-14 04:00:00+00:00,10000.0,10404.219877845642
2024-05-14 04:00:00+00:00,10000.0,10404.219877845642
2024-05-14 04:00:00+00:00,10000.0,10404.219877845642
2024-05-14 04:00:00+00:00,10000.0,10404.219877845642
2024-05-14 04:00:00+00:00,10000.0,10404.219877845642
2024-05-14 04:00:00+00:00,10000.0,10404.219877845642
2024-05-14 04:00:00+00:00,10000.0,10404.219877845642
2024-05-14 04:00:00+00:00,10000.0,10404.219877845642
2024-05-14 04:00:00+00:00,10000.0,10404.219877845642
2024-05-14 04:00:00+00:00,10000.0,10404.219877845642
2024-05-15 04:00:00+00:00,10000.0,10534.70294280955
2024-05-15 04:00:00+00:00,10000.0,10534.70294280955
2024-05-15 04:00:00+00:00,10000.0,10534.70294280955
2024-05-15 04:00:00+00:00,10000.0,10534.70294280955
2024-05-15 04:00:00+00:00,10000.0,10534.70294280955
2024-05-15 04:00:00+00:00,10000.0,10534.70294280955
2024-05-15 04:00:00+00:00,10000.0,10534.70294280955
2024-05-15 04:00:00+00:00,10000.0,10534.70294280955
2024-05-15 04:00:00+00:00,10000.0,10534.70294280955
2024-05-15 04:00:00+00:00,10000.0,10534.70294280955
2024-05-15 04:00:00+00:00,10000.0,10534.70294280955
2024-05-15 04:00:00+00:00,10000.0,10534.70294280955
2024-05-15 04:00:00+00:00,10000.0,10534.70294280955
2024-05-15 04:00:00+00:00,10000.0,10534.70294280955
2024-05-15 04:00:00+00:00,10000.0,10534.70294280955
2024-05-15 04:00:00+00:00,10000.0,10534.70294280955
2024-05-16 04:00:00+00:00,10000.0,10545.807884508607
2024-05-16 04:00:00+00:00,10000.0,10545.807884508607
2024-05-16 04:00:00+00:00,10000.0,10545.807884508607
2024-05-16 04:00:00+00:00,10000.0,10545.807884508607
2024-05-16 04:00:00+00:00,10000.0,10545.807884508607
2024-05-16 04:00:00+00:00,10000.0,10545.807884508607
2024-05-16 04:00:00+00:00,10000.0,10545.807884508607
2024-05-16 04:00:00+00:00,10000.0,10545.807884508607
2024-05-16 04:00:00+00:00,10000.0,10545.807884508607
2024-05-16 04:00:00+00:00,10000.0,10545.807884508607
2024-05-16 04:00:00+00:00,10000.0,10545.807884508607
2024-05-16 04:00:00+00:00,10000.0,10545.807884508607
2024-05-16 04:00:00+00:00,10000.0,10545.807884508607
2024-05-16 04:00:00+00:00,10000.0,10545.807884508607
2024-05-16 04:00:00+00:00,10000.0,10545.807884508607
2024-05-16 04:00:00+00:00,10000.0,10545.807884508607
2024-05-17 04:00:00+00:00,10000.0,10542.198778456413
2024-05-17 04:00:00+00:00,10000.0,10542.198778456413
2024-05-17 04:00:00+00:00,10000.0,10542.198778456413
2024-05-17 04:00:00+00:00,10000.0,10542.198778456413
2024-05-17 04:00:00+00:00,10000.0,10542.198778456413
2024-05-17 04:00:00+00:00,10000.0,10542.198778456413
2024-05-17 04:00:00+00:00,10000.0,10542.198778456413
2024-05-17 04:00:00+00:00,10000.0,10542.198778456413
2024-05-17 04:00:00+00:00,10000.0,10542.198778456413
2024-05-17 04:00:00+00:00,10000.0,10542.198778456413
2024-05-17 04:00:00+00:00,10000.0,10542.198778456413
2024-05-17 04:00:00+00:00,10000.0,10542.198778456413
2024-05-17 04:00:00+00:00,10000.0,10542.198778456413
2024-05-17 04:00:00+00:00,10000.0,10542.198778456413
2024-05-17 04:00:00+00:00,10000.0,10542.198778456413
2024-05-17 04:00:00+00:00,10000.0,10542.198778456413
2024-05-20 04:00:00+00:00,10000.0,10607.717934480843
2024-05-20 04:00:00+00:00,10000.0,10607.717934480843
2024-05-20 04:00:00+00:00,10000.0,10607.717934480843
2024-05-20 04:00:00+00:00,10000.0,10607.717934480843
2024-05-20 04:00:00+00:00,10000.0,10607.717934480843
2024-05-20 04:00:00+00:00,10000.0,10607.717934480843
2024-05-20 04:00:00+00:00,10000.0,10607.717934480843
2024-05-20 04:00:00+00:00,10000.0,10607.717934480843
2024-05-20 04:00:00+00:00,10000.0,10607.717934480843
2024-05-20 04:00:00+00:00,10000.0,10607.717934480843
2024-05-20 04:00:00+00:00,10000.0,10607.717934480843
2024-05-20 04:00:00+00:00,10000.0,10607.717934480843
2024-05-20 04:00:00+00:00,10000.0,10607.717934480843
2024-05-20 04:00:00+00:00,10000.0,10607.717934480843
2024-05-20 04:00:00+00:00,10000.0,10607.717934480843
2024-05-20 04:00:00+00:00,10000.0,10607.717934480843
2024-05-21 04:00:00+00:00,10000.0,10681.288173237092
2024-05-21 04:00:00+00:00,10000.0,10681.288173237092
2024-05-21 04:00:00+00:00,10000.0,10681.288173237092
2024-05-21 04:00:00+00:00,10000.0,10681.288173237092
2024-05-21 04:00:00+00:00,10000.0,10681.288173237092
2024-05-21 04:00:00+00:00,10000.0,10681.288173237092
2024-05-21 04:00:00+00:00,10000.0,10681.288173237092
2024-05-21 04:00:00+00:00,10000.0,10681.288173237092
2024-05-21 04:00:00+00:00,10000.0,10681.288173237092
2024-05-21 04:00:00+00:00,10000.0,10681.288173237092
2024-05-21 04:00:00+00:00,10000.0,10681.288173237092
2024-05-21 04:00:00+00:00,10000.0,10681.288173237092
2024-05-21 04:00:00+00:00,10000.0,10681.288173237092
2024-05-21 04:00:00+00:00,10000.0,10681.288173237092
2024-05-21 04:00:00+00:00,10000.0,10681.288173237092
2024-05-21 04:00:00+00:00,10000.0,10681.288173237092
2024-05-22 04:00:00+00:00,10000.0,10601.054969461413
2024-05-22 04:00:00+00:00,10000.0,10601.054969461413
2024-05-22 04:00:00+00:00,10000.0,10601.054969461413
2024-05-22 04:00:00+00:00,10000.0,10601.054969461413
2024-05-22 04:00:00+00:00,10000.0,10601.054969461413
2024-05-22 04:00:00+00:00,10000.0,10601.054969461413
2024-05-22 04:00:00+00:00,10000.0,10601.054969461413
2024-05-22 04:00:00+00:00,10000.0,10601.054969461413
2024-05-22 04:00:00+00:00,10000.0,10601.054969461413
2024-05-22 04:00:00+00:00,10000.0,10601.054969461413
2024-05-22 04:00:00+00:00,10000.0,10601.054969461413
2024-05-22 04:00:00+00:00,10000.0,10601.054969461413
2024-05-22 04:00:00+00:00,10000.0,10601.054969461413
2024-05-22 04:00:00+00:00,10000.0,10601.054969461413
2024-05-22 04:00:00+00:00,10000.0,10601.054969461413
2024-05-22 04:00:00+00:00,10000.0,10601.054969461413
2024-05-23 04:00:00+00:00,10000.0,10378.123264852858
2024-05-23 04:00:00+00:00,10000.0,10378.123264852858
2024-05-23 04:00:00+00:00,10000.0,10378.123264852858
2024-05-23 04:00:00+00:00,10000.0,10378.123264852858
2024-05-23 04:00:00+00:00,10000.0,10378.123264852858
2024-05-23 04:00:00+00:00,10000.0,10378.123264852858
2024-05-23 04:00:00+00:00,10000.0,10378.123264852858
2024-05-23 04:00:00+00:00,10000.0,10378.123264852858
2024-05-23 04:00:00+00:00,10000.0,10378.123264852858
2024-05-23 04:00:00+00:00,10000.0,10378.123264852858
2024-05-23 04:00:00+00:00,10000.0,10378.123264852858
2024-05-23 04:00:00+00:00,10000.0,10378.123264852858
2024-05-23 04:00:00+00:00,10000.0,10378.123264852858
2024-05-23 04:00:00+00:00,10000.0,10378.123264852858
2024-05-23 04:00:00+00:00,10000.0,10378.123264852858
2024-05-23 04:00:00+00:00,10000.0,10378.123264852858
2024-05-24 04:00:00+00:00,10000.0,10549.694614103275
2024-05-24 04:00:00+00:00,10000.0,10549.694614103275
2024-05-24 04:00:00+00:00,10000.0,10549.694614103275
2024-05-24 04:00:00+00:00,10000.0,10549.694614103275
2024-05-24 04:00:00+00:00,10000.0,10549.694614103275
2024-05-24 04:00:00+00:00,10000.0,10549.694614103275
2024-05-24 04:00:00+00:00,10000.0,10549.694614103275
2024-05-24 04:00:00+00:00,10000.0,10549.694614103275
2024-05-24 04:00:00+00:00,10000.0,10549.694614103275
2024-05-24 04:00:00+00:00,10000.0,10549.694614103275
2024-05-24 04:00:00+00:00,10000.0,10549.694614103275
2024-05-24 04:00:00+00:00,10000.0,10549.694614103275
2024-05-24 04:00:00+00:00,10000.0,10549.694614103275
2024-05-24 04:00:00+00:00,10000.0,10549.694614103275
2024-05-24 04:00:00+00:00,10000.0,10549.694614103275
2024-05-24 04:00:00+00:00,10000.0,10549.694614103275
2024-05-28 04:00:00+00:00,10000.0,10555.247084952804
2024-05-28 04:00:00+00:00,10000.0,10555.247084952804
2024-05-28 04:00:00+00:00,10000.0,10555.247084952804
2024-05-28 04:00:00+00:00,10000.0,10555.247084952804
2024-05-28 04:00:00+00:00,10000.0,10555.247084952804
2024-05-28 04:00:00+00:00,10000.0,10555.247084952804
2024-05-28 04:00:00+00:00,10000.0,10555.247084952804
2024-05-28 04:00:00+00:00,10000.0,10555.247084952804
2024-05-28 04:00:00+00:00,10000.0,10555.247084952804
2024-05-28 04:00:00+00:00,10000.0,10555.247084952804
2024-05-28 04:00:00+00:00,10000.0,10555.247084952804
2024-05-28 04:00:00+00:00,10000.0,10555.247084952804
2024-05-28 04:00:00+00:00,10000.0,10555.247084952804
2024-05-28 04:00:00+00:00,10000.0,10555.247084952804
2024-05-28 04:00:00+00:00,10000.0,10555.247084952804
2024-05-28 04:00:00+00:00,10000.0,10555.247084952804
2024-05-29 04:00:00+00:00,10000.0,10570.23875624653
2024-05-29 04:00:00+00:00,10000.0,10570.23875624653
2024-05-29 04:00:00+00:00,10000.0,10570.23875624653
2024-05-29 04:00:00+00:00,10000.0,10570.23875624653
2024-05-29 04:00:00+00:00,10000.0,10570.23875624653
2024-05-29 04:00:00+00:00,10000.0,10570.23875624653
2024-05-29 04:00:00+00:00,10000.0,10570.23875624653
2024-05-29 04:00:00+00:00,10000.0,10570.23875624653
2024-05-29 04:00:00+00:00,10000.0,10570.23875624653
2024-05-29 04:00:00+00:00,10000.0,10570.23875624653
2024-05-29 04:00:00+00:00,10000.0,10570.23875624653
2024-05-29 04:00:00+00:00,10000.0,10570.23875624653
2024-05-29 04:00:00+00:00,10000.0,10570.23875624653
2024-05-29 04:00:00+00:00,10000.0,10570.23875624653
2024-05-29 04:00:00+00:00,10000.0,10570.23875624653
2024-05-29 04:00:00+00:00,10000.0,10570.23875624653
2024-05-30 04:00:00+00:00,10000.0,10620.766240977235
2024-05-30 04:00:00+00:00,10000.0,10620.766240977235
2024-05-30 04:00:00+00:00,10000.0,10620.766240977235
2024-05-30 04:00:00+00:00,10000.0,10620.766240977235
2024-05-30 04:00:00+00:00,10000.0,10620.766240977235
2024-05-30 04:00:00+00:00,10000.0,10620.766240977235
2024-05-30 04:00:00+00:00,10000.0,10620.766240977235
2024-05-30 04:00:00+00:00,10000.0,10620.766240977235
2024-05-30 04:00:00+00:00,10000.0,10620.766240977235
2024-05-30 04:00:00+00:00,10000.0,10620.766240977235
2024-05-30 04:00:00+00:00,10000.0,10620.766240977235
2024-05-30 04:00:00+00:00,10000.0,10620.766240977235
2024-05-30 04:00:00+00:00,10000.0,10620.766240977235
2024-05-30 04:00:00+00:00,10000.0,10620.766240977235
2024-05-30 04:00:00+00:00,10000.0,10620.766240977235
2024-05-30 04:00:00+00:00,10000.0,10620.766240977235
2024-05-31 04:00:00+00:00,10000.0,10677.956690727375
2024-05-31 04:00:00+00:00,10000.0,10677.956690727375
2024-05-31 04:00:00+00:00,10000.0,10677.956690727375
2024-05-31 04:00:00+00:00,10000.0,10677.956690727375
2024-05-31 04:00:00+00:00,10000.0,10677.956690727375
2024-05-31 04:00:00+00:00,10000.0,10677.956690727375
2024-05-31 04:00:00+00:00,10000.0,10677.956690727375
2024-05-31 04:00:00+00:00,10000.0,10677.956690727375
2024-05-31 04:00:00+00:00,10000.0,10677.956690727375
2024-05-31 04:00:00+00:00,10000.0,10677.956690727375
2024-05-31 04:00:00+00:00,10000.0,10677.956690727375
2024-05-31 04:00:00+00:00,10000.0,10677.956690727375
2024-05-31 04:00:00+00:00,10000.0,10677.956690727375
2024-05-31 04:00:00+00:00,10000.0,10677.956690727375
2024-05-31 04:00:00+00:00,10000.0,10677.956690727375
2024-06-03 04:00:00+00:00,10000.0,10771.238200999445
2024-06-03 04:00:00+00:00,10000.0,10771.238200999445
2024-06-03 04:00:00+00:00,10000.0,10771.238200999445
2024-06-03 04:00:00+00:00,10000.0,10771.238200999445
2024-06-03 04:00:00+00:00,10000.0,10771.238200999445
2024-06-03 04:00:00+00:00,10000.0,10771.238200999445
2024-06-03 04:00:00+00:00,10000.0,10771.238200999445
2024-06-03 04:00:00+00:00,10000.0,10771.238200999445
2024-06-03 04:00:00+00:00,10000.0,10771.238200999445
2024-06-03 04:00:00+00:00,10000.0,10771.238200999445
2024-06-03 04:00:00+00:00,10000.0,10771.238200999445
2024-06-03 04:00:00+00:00,10000.0,10771.238200999445
2024-06-03 04:00:00+00:00,10000.0,10771.238200999445
2024-06-03 04:00:00+00:00,10000.0,10771.238200999445
2024-06-03 04:00:00+00:00,10000.0,10771.238200999445
2024-06-04 04:00:00+00:00,10000.0,10789.006107717936
2024-06-04 04:00:00+00:00,10000.0,10789.006107717936
2024-06-04 04:00:00+00:00,10000.0,10789.006107717936
2024-06-04 04:00:00+00:00,10000.0,10789.006107717936
2024-06-04 04:00:00+00:00,10000.0,10789.006107717936
2024-06-04 04:00:00+00:00,10000.0,10789.006107717936
2024-06-04 04:00:00+00:00,10000.0,10789.006107717936
2024-06-04 04:00:00+00:00,10000.0,10789.006107717936
2024-06-04 04:00:00+00:00,10000.0,10789.006107717936
2024-06-04 04:00:00+00:00,10000.0,10789.006107717936
2024-06-04 04:00:00+00:00,10000.0,10789.006107717936
2024-06-04 04:00:00+00:00,10000.0,10789.006107717936
2024-06-04 04:00:00+00:00,10000.0,10789.006107717936
2024-06-04 04:00:00+00:00,10000.0,10789.006107717936
2024-06-04 04:00:00+00:00,10000.0,10789.006107717936
2024-06-05 04:00:00+00:00,10000.0,10875.624652970573
2024-06-05 04:00:00+00:00,10000.0,10875.624652970573
2024-06-05 04:00:00+00:00,10000.0,10875.624652970573
2024-06-05 04:00:00+00:00,10000.0,10875.624652970573
2024-06-05 04:00:00+00:00,10000.0,10875.624652970573
2024-06-05 04:00:00+00:00,10000.0,10875.624652970573
2024-06-05 04:00:00+00:00,10000.0,10875.624652970573
2024-06-05 04:00:00+00:00,10000.0,10875.624652970573
2024-06-05 04:00:00+00:00,10000.0,10875.624652970573
2024-06-05 04:00:00+00:00,10000.0,10875.624652970573
2024-06-05 04:00:00+00:00,10000.0,10875.624652970573
2024-06-05 04:00:00+00:00,10000.0,10875.624652970573
2024-06-05 04:00:00+00:00,10000.0,10875.624652970573
2024-06-05 04:00:00+00:00,10000.0,10875.624652970573
2024-06-05 04:00:00+00:00,10000.0,10875.624652970573
2024-06-06 04:00:00+00:00,10000.0,10795.946696279845
2024-06-06 04:00:00+00:00,10000.0,10795.946696279845
2024-06-06 04:00:00+00:00,10000.0,10795.946696279845
2024-06-06 04:00:00+00:00,10000.0,10795.946696279845
2024-06-06 04:00:00+00:00,10000.0,10795.946696279845
2024-06-06 04:00:00+00:00,10000.0,10795.946696279845
2024-06-06 04:00:00+00:00,10000.0,10795.946696279845
2024-06-06 04:00:00+00:00,10000.0,10795.946696279845
2024-06-06 04:00:00+00:00,10000.0,10795.946696279845
2024-06-06 04:00:00+00:00,10000.0,10795.946696279845
2024-06-06 04:00:00+00:00,10000.0,10795.946696279845
2024-06-06 04:00:00+00:00,10000.0,10795.946696279845
2024-06-06 04:00:00+00:00,10000.0,10795.946696279845
2024-06-06 04:00:00+00:00,10000.0,10795.946696279845
2024-06-06 04:00:00+00:00,10000.0,10795.946696279845
2024-06-07 04:00:00+00:00,10000.0,10931.704608550805
2024-06-07 04:00:00+00:00,10000.0,10931.704608550805
2024-06-07 04:00:00+00:00,10000.0,10931.704608550805
2024-06-07 04:00:00+00:00,10000.0,10931.704608550805
2024-06-07 04:00:00+00:00,10000.0,10931.704608550805
2024-06-07 04:00:00+00:00,10000.0,10931.704608550805
2024-06-07 04:00:00+00:00,10000.0,10931.704608550805
2024-06-07 04:00:00+00:00,10000.0,10931.704608550805
2024-06-07 04:00:00+00:00,10000.0,10931.704608550805
2024-06-07 04:00:00+00:00,10000.0,10931.704608550805
2024-06-07 04:00:00+00:00,10000.0,10931.704608550805
2024-06-07 04:00:00+00:00,10000.0,10931.704608550805
2024-06-07 04:00:00+00:00,10000.0,10931.704608550805
2024-06-07 04:00:00+00:00,10000.0,10931.704608550805
2024-06-07 04:00:00+00:00,10000.0,10931.704608550805
2024-06-10 04:00:00+00:00,10000.0,10724.59744586341
2024-06-10 04:00:00+00:00,10000.0,10724.59744586341
2024-06-10 04:00:00+00:00,10000.0,10724.59744586341
2024-06-10 04:00:00+00:00,10000.0,10724.59744586341
2024-06-10 04:00:00+00:00,10000.0,10724.59744586341
2024-06-10 04:00:00+00:00,10000.0,10724.59744586341
2024-06-10 04:00:00+00:00,10000.0,10724.59744586341
2024-06-10 04:00:00+00:00,10000.0,10724.59744586341
2024-06-10 04:00:00+00:00,10000.0,10724.59744586341
2024-06-10 04:00:00+00:00,10000.0,10724.59744586341
2024-06-10 04:00:00+00:00,10000.0,10724.59744586341
2024-06-10 04:00:00+00:00,10000.0,10724.59744586341
2024-06-10 04:00:00+00:00,10000.0,10724.59744586341
2024-06-10 04:00:00+00:00,10000.0,10724.59744586341
2024-06-10 04:00:00+00:00,10000.0,10724.59744586341
2024-06-11 04:00:00+00:00,10000.0,11501.943364797336
2024-06-11 04:00:00+00:00,10000.0,11501.943364797336
2024-06-11 04:00:00+00:00,10000.0,11501.943364797336
2024-06-11 04:00:00+00:00,10000.0,11501.943364797336
2024-06-11 04:00:00+00:00,10000.0,11501.943364797336
2024-06-11 04:00:00+00:00,10000.0,11501.943364797336
2024-06-11 04:00:00+00:00,10000.0,11501.943364797336
2024-06-11 04:00:00+00:00,10000.0,11501.943364797336
2024-06-11 04:00:00+00:00,10000.0,11501.943364797336
2024-06-11 04:00:00+00:00,10000.0,11501.943364797336
2024-06-11 04:00:00+00:00,10000.0,11501.943364797336
2024-06-11 04:00:00+00:00,10000.0,11501.943364797336
2024-06-11 04:00:00+00:00,10000.0,11501.943364797336
2024-06-11 04:00:00+00:00,10000.0,11501.943364797336
2024-06-11 04:00:00+00:00,10000.0,11501.943364797336
2024-06-12 04:00:00+00:00,10000.0,11836.202109938922
2024-06-12 04:00:00+00:00,10000.0,11836.202109938922
2024-06-12 04:00:00+00:00,10000.0,11836.202109938922
2024-06-12 04:00:00+00:00,10000.0,11836.202109938922
2024-06-12 04:00:00+00:00,10000.0,11836.202109938922
2024-06-12 04:00:00+00:00,10000.0,11836.202109938922
2024-06-12 04:00:00+00:00,10000.0,11836.202109938922
2024-06-12 04:00:00+00:00,10000.0,11836.202109938922
2024-06-12 04:00:00+00:00,10000.0,11836.202109938922
2024-06-12 04:00:00+00:00,10000.0,11836.202109938922
2024-06-12 04:00:00+00:00,10000.0,11836.202109938922
2024-06-12 04:00:00+00:00,10000.0,11836.202109938922
2024-06-12 04:00:00+00:00,10000.0,11836.202109938922
2024-06-12 04:00:00+00:00,10000.0,11836.202109938922
2024-06-12 04:00:00+00:00,10000.0,11836.202109938922
2024-06-13 04:00:00+00:00,10000.0,11894.503053858967
2024-06-13 04:00:00+00:00,10000.0,11894.503053858967
2024-06-13 04:00:00+00:00,10000.0,11894.503053858967
2024-06-13 04:00:00+00:00,10000.0,11894.503053858967
2024-06-13 04:00:00+00:00,10000.0,11894.503053858967
2024-06-13 04:00:00+00:00,10000.0,11894.503053858967
2024-06-13 04:00:00+00:00,10000.0,11894.503053858967
2024-06-13 04:00:00+00:00,10000.0,11894.503053858967
2024-06-13 04:00:00+00:00,10000.0,11894.503053858967
2024-06-13 04:00:00+00:00,10000.0,11894.503053858967
2024-06-13 04:00:00+00:00,10000.0,11894.503053858967
2024-06-13 04:00:00+00:00,10000.0,11894.503053858967
2024-06-13 04:00:00+00:00,10000.0,11894.503053858967
2024-06-13 04:00:00+00:00,10000.0,11894.503053858967
2024-06-13 04:00:00+00:00,10000.0,11894.503053858967
2024-06-14 04:00:00+00:00,10000.0,11802.887284841754
2024-06-14 04:00:00+00:00,10000.0,11802.887284841754
2024-06-14 04:00:00+00:00,10000.0,11802.887284841754
2024-06-14 04:00:00+00:00,10000.0,11802.887284841754
2024-06-14 04:00:00+00:00,10000.0,11802.887284841754
2024-06-14 04:00:00+00:00,10000.0,11802.887284841754
2024-06-14 04:00:00+00:00,10000.0,11802.887284841754
2024-06-14 04:00:00+00:00,10000.0,11802.887284841754
2024-06-14 04:00:00+00:00,10000.0,11802.887284841754
2024-06-14 04:00:00+00:00,10000.0,11802.887284841754
2024-06-14 04:00:00+00:00,10000.0,11802.887284841754
2024-06-14 04:00:00+00:00,10000.0,11802.887284841754
2024-06-14 04:00:00+00:00,10000.0,11802.887284841754
2024-06-14 04:00:00+00:00,10000.0,11802.887284841754
2024-06-14 04:00:00+00:00,10000.0,11802.887284841754
2024-06-17 04:00:00+00:00,10000.0,12030.538589672404
2024-06-17 04:00:00+00:00,10000.0,12030.538589672404
2024-06-17 04:00:00+00:00,10000.0,12030.538589672404
2024-06-17 04:00:00+00:00,10000.0,12030.538589672404
2024-06-17 04:00:00+00:00,10000.0,12030.538589672404
2024-06-17 04:00:00+00:00,10000.0,12030.538589672404
2024-06-17 04:00:00+00:00,10000.0,12030.538589672404
2024-06-17 04:00:00+00:00,10000.0,12030.538589672404
2024-06-17 04:00:00+00:00,10000.0,12030.538589672404
2024-06-17 04:00:00+00:00,10000.0,12030.538589672404
2024-06-17 04:00:00+00:00,10000.0,12030.538589672404
2024-06-17 04:00:00+00:00,10000.0,12030.538589672404
2024-06-17 04:00:00+00:00,10000.0,12030.538589672404
2024-06-17 04:00:00+00:00,10000.0,12030.538589672404
2024-06-17 04:00:00+00:00,10000.0,12030.538589672404
2024-06-18 04:00:00+00:00,10000.0,11903.38700721821
2024-06-18 04:00:00+00:00,10000.0,11903.38700721821
2024-06-18 04:00:00+00:00,10000.0,11903.38700721821
2024-06-18 04:00:00+00:00,10000.0,11903.38700721821
2024-06-18 04:00:00+00:00,10000.0,11903.38700721821
2024-06-18 04:00:00+00:00,10000.0,11903.38700721821
2024-06-18 04:00:00+00:00,10000.0,11903.38700721821
2024-06-18 04:00:00+00:00,10000.0,11903.38700721821
2024-06-18 04:00:00+00:00,10000.0,11903.38700721821
2024-06-18 04:00:00+00:00,10000.0,11903.38700721821
2024-06-18 04:00:00+00:00,10000.0,11903.38700721821
2024-06-18 04:00:00+00:00,10000.0,11903.38700721821
2024-06-18 04:00:00+00:00,10000.0,11903.38700721821
2024-06-18 04:00:00+00:00,10000.0,11903.38700721821
2024-06-18 04:00:00+00:00,10000.0,11903.38700721821
2024-06-20 04:00:00+00:00,10000.0,11635.202665186009
2024-06-20 04:00:00+00:00,10000.0,11635.202665186009
2024-06-20 04:00:00+00:00,10000.0,11635.202665186009
2024-06-20 04:00:00+00:00,10000.0,11635.202665186009
2024-06-20 04:00:00+00:00,10000.0,11635.202665186009
2024-06-20 04:00:00+00:00,10000.0,11635.202665186009
2024-06-20 04:00:00+00:00,10000.0,11635.202665186009
2024-06-20 04:00:00+00:00,10000.0,11635.202665186009
2024-06-20 04:00:00+00:00,10000.0,11635.202665186009
2024-06-20 04:00:00+00:00,10000.0,11635.202665186009
2024-06-20 04:00:00+00:00,10000.0,11635.202665186009
2024-06-20 04:00:00+00:00,10000.0,11635.202665186009
2024-06-20 04:00:00+00:00,10000.0,11635.202665186009
2024-06-20 04:00:00+00:00,10000.0,11635.202665186009
2024-06-20 04:00:00+00:00,10000.0,11635.202665186009
2024-06-21 04:00:00+00:00,10000.0,11505.552470849529
2024-06-21 04:00:00+00:00,10000.0,11505.552470849529
2024-06-21 04:00:00+00:00,10000.0,11505.552470849529
2024-06-21 04:00:00+00:00,10000.0,11505.552470849529
2024-06-21 04:00:00+00:00,10000.0,11505.552470849529
2024-06-21 04:00:00+00:00,10000.0,11505.552470849529
2024-06-21 04:00:00+00:00,10000.0,11505.552470849529
2024-06-21 04:00:00+00:00,10000.0,11505.552470849529
2024-06-21 04:00:00+00:00,10000.0,11505.552470849529
2024-06-21 04:00:00+00:00,10000.0,11505.552470849529
2024-06-21 04:00:00+00:00,10000.0,11505.552470849529
2024-06-21 04:00:00+00:00,10000.0,11505.552470849529
2024-06-21 04:00:00+00:00,10000.0,11505.552470849529
2024-06-21 04:00:00+00:00,10000.0,11505.552470849529
2024-06-21 04:00:00+00:00,10000.0,11505.552470849529
2024-06-24 04:00:00+00:00,10000.0,11565.241532481954
2024-06-24 04:00:00+00:00,10000.0,11565.241532481954
2024-06-24 04:00:00+00:00,10000.0,11565.241532481954
2024-06-24 04:00:00+00:00,10000.0,11565.241532481954
2024-06-24 04:00:00+00:00,10000.0,11565.241532481954
2024-06-24 04:00:00+00:00,10000.0,11565.241532481954
2024-06-24 04:00:00+00:00,10000.0,11565.241532481954
2024-06-24 04:00:00+00:00,10000.0,11565.241532481954
2024-06-24 04:00:00+00:00,10000.0,11565.241532481954
2024-06-24 04:00:00+00:00,10000.0,11565.241532481954
2024-06-24 04:00:00+00:00,10000.0,11565.241532481954
2024-06-24 04:00:00+00:00,10000.0,11565.241532481954
2024-06-24 04:00:00+00:00,10000.0,11565.241532481954
2024-06-24 04:00:00+00:00,10000.0,11565.241532481954
2024-06-24 04:00:00+00:00,10000.0,11565.241532481954
2024-06-25 04:00:00+00:00,10000.0,11614.103275957801
2024-06-25 04:00:00+00:00,10000.0,11614.103275957801
2024-06-25 04:00:00+00:00,10000.0,11614.103275957801
2024-06-25 04:00:00+00:00,10000.0,11614.103275957801
2024-06-25 04:00:00+00:00,10000.0,11614.103275957801
2024-06-25 04:00:00+00:00,10000.0,11614.103275957801
2024-06-25 04:00:00+00:00,10000.0,11614.103275957801
2024-06-25 04:00:00+00:00,10000.0,11614.103275957801
2024-06-25 04:00:00+00:00,10000.0,11614.103275957801
2024-06-25 04:00:00+00:00,10000.0,11614.103275957801
2024-06-25 04:00:00+00:00,10000.0,11614.103275957801
2024-06-25 04:00:00+00:00,10000.0,11614.103275957801
2024-06-25 04:00:00+00:00,10000.0,11614.103275957801
2024-06-25 04:00:00+00:00,10000.0,11614.103275957801
2024-06-25 04:00:00+00:00,10000.0,11614.103275957801
2024-06-26 04:00:00+00:00,10000.0,11836.202109938922
2024-06-26 04:00:00+00:00,10000.0,11836.202109938922
2024-06-26 04:00:00+00:00,10000.0,11836.202109938922
2024-06-26 04:00:00+00:00,10000.0,11836.202109938922
2024-06-26 04:00:00+00:00,10000.0,11836.202109938922
2024-06-26 04:00:00+00:00,10000.0,11836.202109938922
2024-06-26 04:00:00+00:00,10000.0,11836.202109938922
2024-06-26 04:00:00+00:00,10000.0,11836.202109938922
2024-06-26 04:00:00+00:00,10000.0,11836.202109938922
2024-06-26 04:00:00+00:00,10000.0,11836.202109938922
2024-06-26 04:00:00+00:00,10000.0,11836.202109938922
2024-06-26 04:00:00+00:00,10000.0,11836.202109938922
2024-06-26 04:00:00+00:00,10000.0,11836.202109938922
2024-06-26 04:00:00+00:00,10000.0,11836.202109938922
2024-06-26 04:00:00+00:00,10000.0,11836.202109938922
2024-06-27 04:00:00+00:00,10000.0,11888.395335924486
2024-06-27 04:00:00+00:00,10000.0,11888.395335924486
2024-06-27 04:00:00+00:00,10000.0,11888.395335924486
2024-06-27 04:00:00+00:00,10000.0,11888.395335924486
2024-06-27 04:00:00+00:00,10000.0,11888.395335924486
2024-06-27 04:00:00+00:00,10000.0,11888.395335924486
2024-06-27 04:00:00+00:00,10000.0,11888.395335924486
2024-06-27 04:00:00+00:00,10000.0,11888.395335924486
2024-06-27 04:00:00+00:00,10000.0,11888.395335924486
2024-06-27 04:00:00+00:00,10000.0,11888.395335924486
2024-06-27 04:00:00+00:00,10000.0,11888.395335924486
2024-06-27 04:00:00+00:00,10000.0,11888.395335924486
2024-06-27 04:00:00+00:00,10000.0,11888.395335924486
2024-06-27 04:00:00+00:00,10000.0,11888.395335924486
2024-06-27 04:00:00+00:00,10000.0,11888.395335924486
2024-06-28 04:00:00+00:00,10000.0,11694.058856191004
2024-06-28 04:00:00+00:00,10000.0,11694.058856191004
2024-06-28 04:00:00+00:00,10000.0,11694.058856191004
2024-06-28 04:00:00+00:00,10000.0,11694.058856191004
2024-06-28 04:00:00+00:00,10000.0,11694.058856191004
2024-06-28 04:00:00+00:00,10000.0,11694.058856191004
2024-06-28 04:00:00+00:00,10000.0,11694.058856191004
2024-06-28 04:00:00+00:00,10000.0,11694.058856191004
2024-06-28 04:00:00+00:00,10000.0,11694.058856191004
2024-06-28 04:00:00+00:00,10000.0,11694.058856191004
2024-06-28 04:00:00+00:00,10000.0,11694.058856191004
2024-06-28 04:00:00+00:00,10000.0,11694.058856191004
2024-06-28 04:00:00+00:00,10000.0,11694.058856191004
2024-06-28 04:00:00+00:00,10000.0,11694.058856191004
2024-06-28 04:00:00+00:00,10000.0,11694.058856191004
2024-07-01 04:00:00+00:00,10000.0,12032.204330927263
2024-07-01 04:00:00+00:00,10000.0,12032.204330927263
2024-07-01 04:00:00+00:00,10000.0,12032.204330927263
2024-07-01 04:00:00+00:00,10000.0,12032.204330927263
2024-07-01 04:00:00+00:00,10000.0,12032.204330927263
2024-07-01 04:00:00+00:00,10000.0,12032.204330927263
2024-07-01 04:00:00+00:00,10000.0,12032.204330927263
2024-07-01 04:00:00+00:00,10000.0,12032.204330927263
2024-07-01 04:00:00+00:00,10000.0,12032.204330927263
2024-07-01 04:00:00+00:00,10000.0,12032.204330927263
2024-07-01 04:00:00+00:00,10000.0,12032.204330927263
2024-07-01 04:00:00+00:00,10000.0,12032.204330927263
2024-07-01 04:00:00+00:00,10000.0,12032.204330927263
2024-07-01 04:00:00+00:00,10000.0,12032.204330927263
2024-07-02 04:00:00+00:00,10000.0,12234.869516935036
2024-07-02 04:00:00+00:00,10000.0,12234.869516935036
2024-07-02 04:00:00+00:00,10000.0,12234.869516935036
2024-07-02 04:00:00+00:00,10000.0,12234.869516935036
2024-07-02 04:00:00+00:00,10000.0,12234.869516935036
2024-07-02 04:00:00+00:00,10000.0,12234.869516935036
2024-07-02 04:00:00+00:00,10000.0,12234.869516935036
2024-07-02 04:00:00+00:00,10000.0,12234.869516935036
2024-07-02 04:00:00+00:00,10000.0,12234.869516935036
2024-07-02 04:00:00+00:00,10000.0,12234.869516935036
2024-07-02 04:00:00+00:00,10000.0,12234.869516935036
2024-07-02 04:00:00+00:00,10000.0,12234.869516935036
2024-07-02 04:00:00+00:00,10000.0,12234.869516935036
2024-07-02 04:00:00+00:00,10000.0,12234.869516935036
2024-07-03 04:00:00+00:00,10000.0,12300.388672959469
2024-07-03 04:00:00+00:00,10000.0,12300.388672959469
2024-07-03 04:00:00+00:00,10000.0,12300.388672959469
2024-07-03 04:00:00+00:00,10000.0,12300.388672959469
2024-07-03 04:00:00+00:00,10000.0,12300.388672959469
2024-07-03 04:00:00+00:00,10000.0,12300.388672959469
2024-07-03 04:00:00+00:00,10000.0,12300.388672959469
2024-07-03 04:00:00+00:00,10000.0,12300.388672959469
2024-07-03 04:00:00+00:00,10000.0,12300.388672959469
2024-07-03 04:00:00+00:00,10000.0,12300.388672959469
2024-07-03 04:00:00+00:00,10000.0,12300.388672959469
2024-07-03 04:00:00+00:00,10000.0,12300.388672959469
2024-07-03 04:00:00+00:00,10000.0,12300.388672959469
2024-07-03 04:00:00+00:00,10000.0,12300.388672959469
2024-07-05 04:00:00+00:00,10000.0,12568.017767906718
2024-07-05 04:00:00+00:00,10000.0,12568.017767906718
2024-07-05 04:00:00+00:00,10000.0,12568.017767906718
2024-07-05 04:00:00+00:00,10000.0,12568.017767906718
2024-07-05 04:00:00+00:00,10000.0,12568.017767906718
2024-07-05 04:00:00+00:00,10000.0,12568.017767906718
2024-07-05 04:00:00+00:00,10000.0,12568.017767906718
2024-07-05 04:00:00+00:00,10000.0,12568.017767906718
2024-07-05 04:00:00+00:00,10000.0,12568.017767906718
2024-07-05 04:00:00+00:00,10000.0,12568.017767906718
2024-07-05 04:00:00+00:00,10000.0,12568.017767906718
2024-07-05 04:00:00+00:00,10000.0,12568.017767906718
2024-07-05 04:00:00+00:00,10000.0,12568.017767906718
2024-07-05 04:00:00+00:00,10000.0,12568.017767906718
2024-07-08 04:00:00+00:00,10000.0,12649.083842309827
2024-07-08 04:00:00+00:00,10000.0,12649.083842309827
2024-07-08 04:00:00+00:00,10000.0,12649.083842309827
2024-07-08 04:00:00+00:00,10000.0,12649.083842309827
2024-07-08 04:00:00+00:00,10000.0,12649.083842309827
2024-07-08 04:00:00+00:00,10000.0,12649.083842309827
2024-07-08 04:00:00+00:00,10000.0,12649.083842309827
2024-07-08 04:00:00+00:00,10000.0,12649.083842309827
2024-07-08 04:00:00+00:00,10000.0,12649.083842309827
2024-07-08 04:00:00+00:00,10000.0,12649.083842309827
2024-07-08 04:00:00+00:00,10000.0,12649.083842309827
2024-07-08 04:00:00+00:00,10000.0,12649.083842309827
2024-07-08 04:00:00+00:00,10000.0,12649.083842309827
2024-07-08 04:00:00+00:00,10000.0,12649.083842309827
2024-07-09 04:00:00+00:00,10000.0,12697.945585785676
2024-07-09 04:00:00+00:00,10000.0,12697.945585785676
2024-07-09 04:00:00+00:00,10000.0,12697.945585785676
2024-07-09 04:00:00+00:00,10000.0,12697.945585785676
2024-07-09 04:00:00+00:00,10000.0,12697.945585785676
2024-07-09 04:00:00+00:00,10000.0,12697.945585785676
2024-07-09 04:00:00+00:00,10000.0,12697.945585785676
2024-07-09 04:00:00+00:00,10000.0,12697.945585785676
2024-07-09 04:00:00+00:00,10000.0,12697.945585785676
2024-07-09 04:00:00+00:00,10000.0,12697.945585785676
2024-07-09 04:00:00+00:00,10000.0,12697.945585785676
2024-07-09 04:00:00+00:00,10000.0,12697.945585785676
2024-07-09 04:00:00+00:00,10000.0,12697.945585785676
2024-07-09 04:00:00+00:00,10000.0,12697.945585785676
2024-07-10 04:00:00+00:00,10000.0,12933.370349805664
2024-07-10 04:00:00+00:00,10000.0,12933.370349805664
2024-07-10 04:00:00+00:00,10000.0,12933.370349805664
2024-07-10 04:00:00+00:00,10000.0,12933.370349805664
2024-07-10 04:00:00+00:00,10000.0,12933.370349805664
2024-07-10 04:00:00+00:00,10000.0,12933.370349805664
2024-07-10 04:00:00+00:00,10000.0,12933.370349805664
2024-07-10 04:00:00+00:00,10000.0,12933.370349805664
2024-07-10 04:00:00+00:00,10000.0,12933.370349805664
2024-07-10 04:00:00+00:00,10000.0,12933.370349805664
2024-07-10 04:00:00+00:00,10000.0,12933.370349805664
2024-07-10 04:00:00+00:00,10000.0,12933.370349805664
2024-07-10 04:00:00+00:00,10000.0,12933.370349805664
2024-07-10 04:00:00+00:00,10000.0,12933.370349805664
2024-07-11 04:00:00+00:00,10000.0,12640.755136035536
2024-07-11 04:00:00+00:00,10000.0,12640.755136035536
2024-07-11 04:00:00+00:00,10000.0,12640.755136035536
2024-07-11 04:00:00+00:00,10000.0,12640.755136035536
2024-07-11 04:00:00+00:00,10000.0,12640.755136035536
2024-07-11 04:00:00+00:00,10000.0,12640.755136035536
2024-07-11 04:00:00+00:00,10000.0,12640.755136035536
2024-07-11 04:00:00+00:00,10000.0,12640.755136035536
2024-07-11 04:00:00+00:00,10000.0,12640.755136035536
2024-07-11 04:00:00+00:00,10000.0,12640.755136035536
2024-07-11 04:00:00+00:00,10000.0,12640.755136035536
2024-07-11 04:00:00+00:00,10000.0,12640.755136035536
2024-07-11 04:00:00+00:00,10000.0,12640.755136035536
2024-07-11 04:00:00+00:00,10000.0,12640.755136035536
2024-07-12 04:00:00+00:00,10000.0,12785.67462520822
2024-07-12 04:00:00+00:00,10000.0,12785.67462520822
2024-07-12 04:00:00+00:00,10000.0,12785.67462520822
2024-07-12 04:00:00+00:00,10000.0,12785.67462520822
2024-07-12 04:00:00+00:00,10000.0,12785.67462520822
2024-07-12 04:00:00+00:00,10000.0,12785.67462520822
2024-07-12 04:00:00+00:00,10000.0,12785.67462520822
2024-07-12 04:00:00+00:00,10000.0,12785.67462520822
2024-07-12 04:00:00+00:00,10000.0,12785.67462520822
2024-07-12 04:00:00+00:00,10000.0,12785.67462520822
2024-07-12 04:00:00+00:00,10000.0,12785.67462520822
2024-07-12 04:00:00+00:00,10000.0,12785.67462520822
2024-07-12 04:00:00+00:00,10000.0,12785.67462520822
2024-07-12 04:00:00+00:00,10000.0,12785.67462520822
2024-07-15 04:00:00+00:00,10000.0,13016.657412548584
2024-07-15 04:00:00+00:00,10000.0,13016.657412548584
2024-07-15 04:00:00+00:00,10000.0,13016.657412548584
2024-07-15 04:00:00+00:00,10000.0,13016.657412548584
2024-07-15 04:00:00+00:00,10000.0,13016.657412548584
2024-07-15 04:00:00+00:00,10000.0,13016.657412548584
2024-07-15 04:00:00+00:00,10000.0,13016.657412548584
2024-07-15 04:00:00+00:00,10000.0,13016.657412548584
2024-07-15 04:00:00+00:00,10000.0,13016.657412548584
2024-07-15 04:00:00+00:00,10000.0,13016.657412548584
2024-07-15 04:00:00+00:00,10000.0,13016.657412548584
2024-07-15 04:00:00+00:00,10000.0,13016.657412548584
2024-07-15 04:00:00+00:00,10000.0,13016.657412548584
2024-07-15 04:00:00+00:00,10000.0,13016.657412548584
2024-07-16 04:00:00+00:00,10000.0,13038.867295946697
2024-07-16 04:00:00+00:00,10000.0,13038.867295946697
2024-07-16 04:00:00+00:00,10000.0,13038.867295946697
2024-07-16 04:00:00+00:00,10000.0,13038.867295946697
2024-07-16 04:00:00+00:00,10000.0,13038.867295946697
2024-07-16 04:00:00+00:00,10000.0,13038.867295946697
2024-07-16 04:00:00+00:00,10000.0,13038.867295946697
2024-07-16 04:00:00+00:00,10000.0,13038.867295946697
2024-07-16 04:00:00+00:00,10000.0,13038.867295946697
2024-07-16 04:00:00+00:00,10000.0,13038.867295946697
2024-07-16 04:00:00+00:00,10000.0,13038.867295946697
2024-07-16 04:00:00+00:00,10000.0,13038.867295946697
2024-07-16 04:00:00+00:00,10000.0,13038.867295946697
2024-07-16 04:00:00+00:00,10000.0,13038.867295946697
2024-07-17 04:00:00+00:00,10000.0,12712.937257079402
2024-07-17 04:00:00+00:00,10000.0,12712.937257079402
2024-07-17 04:00:00+00:00,10000.0,12712.937257079402
2024-07-17 04:00:00+00:00,10000.0,12712.937257079402
2024-07-17 04:00:00+00:00,10000.0,12712.937257079402
2024-07-17 04:00:00+00:00,10000.0,12712.937257079402
2024-07-17 04:00:00+00:00,10000.0,12712.937257079402
2024-07-17 04:00:00+00:00,10000.0,12712.937257079402
2024-07-17 04:00:00+00:00,10000.0,12712.937257079402
2024-07-17 04:00:00+00:00,10000.0,12712.937257079402
2024-07-17 04:00:00+00:00,10000.0,12712.937257079402
2024-07-17 04:00:00+00:00,10000.0,12712.937257079402
2024-07-17 04:00:00+00:00,10000.0,12712.937257079402
2024-07-17 04:00:00+00:00,10000.0,12712.937257079402
2024-07-18 04:00:00+00:00,10000.0,12449.19489172682
2024-07-18 04:00:00+00:00,10000.0,12449.19489172682
2024-07-18 04:00:00+00:00,10000.0,12449.19489172682
2024-07-18 04:00:00+00:00,10000.0,12449.19489172682
2024-07-18 04:00:00+00:00,10000.0,12449.19489172682
2024-07-18 04:00:00+00:00,10000.0,12449.19489172682
2024-07-18 04:00:00+00:00,10000.0,12449.19489172682
2024-07-18 04:00:00+00:00,10000.0,12449.19489172682
2024-07-18 04:00:00+00:00,10000.0,12449.19489172682
2024-07-18 04:00:00+00:00,10000.0,12449.19489172682
2024-07-18 04:00:00+00:00,10000.0,12449.19489172682
2024-07-18 04:00:00+00:00,10000.0,12449.19489172682
2024-07-18 04:00:00+00:00,10000.0,12449.19489172682
2024-07-18 04:00:00+00:00,10000.0,12449.19489172682
2024-07-19 04:00:00+00:00,10000.0,12461.965574680733
2024-07-19 04:00:00+00:00,10000.0,12461.965574680733
2024-07-19 04:00:00+00:00,10000.0,12461.965574680733
2024-07-19 04:00:00+00:00,10000.0,12461.965574680733
2024-07-19 04:00:00+00:00,10000.0,12461.965574680733
2024-07-19 04:00:00+00:00,10000.0,12461.965574680733
2024-07-19 04:00:00+00:00,10000.0,12461.965574680733
2024-07-19 04:00:00+00:00,10000.0,12461.965574680733
2024-07-19 04:00:00+00:00,10000.0,12461.965574680733
2024-07-19 04:00:00+00:00,10000.0,12461.965574680733
2024-07-19 04:00:00+00:00,10000.0,12461.965574680733
2024-07-19 04:00:00+00:00,10000.0,12461.965574680733
2024-07-19 04:00:00+00:00,10000.0,12461.965574680733
2024-07-19 04:00:00+00:00,10000.0,12461.965574680733
2024-07-22 04:00:00+00:00,10000.0,12446.418656302054
2024-07-22 04:00:00+00:00,10000.0,12446.418656302054
2024-07-22 04:00:00+00:00,10000.0,12446.418656302054
2024-07-22 04:00:00+00:00,10000.0,12446.418656302054
2024-07-22 04:00:00+00:00,10000.0,12446.418656302054
2024-07-22 04:00:00+00:00,10000.0,12446.418656302054
2024-07-22 04:00:00+00:00,10000.0,12446.418656302054
2024-07-22 04:00:00+00:00,10000.0,12446.418656302054
2024-07-22 04:00:00+00:00,10000.0,12446.418656302054
2024-07-22 04:00:00+00:00,10000.0,12446.418656302054
2024-07-22 04:00:00+00:00,10000.0,12446.418656302054
2024-07-22 04:00:00+00:00,10000.0,12446.418656302054
2024-07-22 04:00:00+00:00,10000.0,12446.418656302054
2024-07-22 04:00:00+00:00,10000.0,12446.418656302054
2024-07-23 04:00:00+00:00,10000.0,12488.617434758467
2024-07-23 04:00:00+00:00,10000.0,12488.617434758467
2024-07-23 04:00:00+00:00,10000.0,12488.617434758467
2024-07-23 04:00:00+00:00,10000.0,12488.617434758467
2024-07-23 04:00:00+00:00,10000.0,12488.617434758467
2024-07-23 04:00:00+00:00,10000.0,12488.617434758467
2024-07-23 04:00:00+00:00,10000.0,12488.617434758467
2024-07-23 04:00:00+00:00,10000.0,12488.617434758467
2024-07-23 04:00:00+00:00,10000.0,12488.617434758467
2024-07-23 04:00:00+00:00,10000.0,12488.617434758467
2024-07-23 04:00:00+00:00,10000.0,12488.617434758467
2024-07-23 04:00:00+00:00,10000.0,12488.617434758467
2024-07-23 04:00:00+00:00,10000.0,12488.617434758467
2024-07-23 04:00:00+00:00,10000.0,12488.617434758467
2024-07-24 04:00:00+00:00,10000.0,12136.868406440866
2024-07-24 04:00:00+00:00,10000.0,12136.868406440866
2024-07-24 04:00:00+00:00,10000.0,12136.868406440866
2024-07-24 04:00:00+00:00,10000.0,12136.868406440866
2024-07-24 04:00:00+00:00,10000.0,12136.868406440866
2024-07-24 04:00:00+00:00,10000.0,12136.868406440866
2024-07-24 04:00:00+00:00,10000.0,12136.868406440866
2024-07-24 04:00:00+00:00,10000.0,12136.868406440866
2024-07-24 04:00:00+00:00,10000.0,12136.868406440866
2024-07-24 04:00:00+00:00,10000.0,12136.868406440866
2024-07-24 04:00:00+00:00,10000.0,12136.868406440866
2024-07-24 04:00:00+00:00,10000.0,12136.868406440866
2024-07-24 04:00:00+00:00,10000.0,12136.868406440866
2024-07-24 04:00:00+00:00,10000.0,12136.868406440866
2024-07-25 04:00:00+00:00,10000.0,12072.182121043865
2024-07-25 04:00:00+00:00,10000.0,12072.182121043865
2024-07-25 04:00:00+00:00,10000.0,12072.182121043865
2024-07-25 04:00:00+00:00,10000.0,12072.182121043865
2024-07-25 04:00:00+00:00,10000.0,12072.182121043865
2024-07-25 04:00:00+00:00,10000.0,12072.182121043865
2024-07-25 04:00:00+00:00,10000.0,12072.182121043865
2024-07-25 04:00:00+00:00,10000.0,12072.182121043865
2024-07-25 04:00:00+00:00,10000.0,12072.182121043865
2024-07-25 04:00:00+00:00,10000.0,12072.182121043865
2024-07-25 04:00:00+00:00,10000.0,12072.182121043865
2024-07-25 04:00:00+00:00,10000.0,12072.182121043865
2024-07-25 04:00:00+00:00,10000.0,12072.182121043865
2024-07-25 04:00:00+00:00,10000.0,12072.182121043865
2024-07-26 04:00:00+00:00,10000.0,12106.052193225987
2024-07-26 04:00:00+00:00,10000.0,12106.052193225987
2024-07-26 04:00:00+00:00,10000.0,12106.052193225987
2024-07-26 04:00:00+00:00,10000.0,12106.052193225987
2024-07-26 04:00:00+00:00,10000.0,12106.052193225987
2024-07-26 04:00:00+00:00,10000.0,12106.052193225987
2024-07-26 04:00:00+00:00,10000.0,12106.052193225987
2024-07-26 04:00:00+00:00,10000.0,12106.052193225987
2024-07-26 04:00:00+00:00,10000.0,12106.052193225987
2024-07-26 04:00:00+00:00,10000.0,12106.052193225987
2024-07-26 04:00:00+00:00,10000.0,12106.052193225987
2024-07-26 04:00:00+00:00,10000.0,12106.052193225987
2024-07-26 04:00:00+00:00,10000.0,12106.052193225987
2024-07-26 04:00:00+00:00,10000.0,12106.052193225987
2024-07-29 04:00:00+00:00,10000.0,12114.658523042754
2024-07-29 04:00:00+00:00,10000.0,12114.658523042754
2024-07-29 04:00:00+00:00,10000.0,12114.658523042754
2024-07-29 04:00:00+00:00,10000.0,12114.658523042754
2024-07-29 04:00:00+00:00,10000.0,12114.658523042754
2024-07-29 04:00:00+00:00,10000.0,12114.658523042754
2024-07-29 04:00:00+00:00,10000.0,12114.658523042754
2024-07-29 04:00:00+00:00,10000.0,12114.658523042754
2024-07-29 04:00:00+00:00,10000.0,12114.658523042754
2024-07-29 04:00:00+00:00,10000.0,12114.658523042754
2024-07-29 04:00:00+00:00,10000.0,12114.658523042754
2024-07-29 04:00:00+00:00,10000.0,12114.658523042754
2024-07-29 04:00:00+00:00,10000.0,12114.658523042754
2024-07-29 04:00:00+00:00,10000.0,12114.658523042754
2024-07-30 04:00:00+00:00,10000.0,12142.14325374792
2024-07-30 04:00:00+00:00,10000.0,12142.14325374792
2024-07-30 04:00:00+00:00,10000.0,12142.14325374792
2024-07-30 04:00:00+00:00,10000.0,12142.14325374792
2024-07-30 04:00:00+00:00,10000.0,12142.14325374792
2024-07-30 04:00:00+00:00,10000.0,12142.14325374792
2024-07-30 04:00:00+00:00,10000.0,12142.14325374792
2024-07-30 04:00:00+00:00,10000.0,12142.14325374792
2024-07-30 04:00:00+00:00,10000.0,12142.14325374792
2024-07-30 04:00:00+00:00,10000.0,12142.14325374792
2024-07-30 04:00:00+00:00,10000.0,12142.14325374792
2024-07-30 04:00:00+00:00,10000.0,12142.14325374792
2024-07-30 04:00:00+00:00,10000.0,12142.14325374792
2024-07-30 04:00:00+00:00,10000.0,12142.14325374792
2024-07-31 04:00:00+00:00,10000.0,12336.479733481401
2024-07-31 04:00:00+00:00,10000.0,12336.479733481401
2024-07-31 04:00:00+00:00,10000.0,12336.479733481401
2024-07-31 04:00:00+00:00,10000.0,12336.479733481401
2024-07-31 04:00:00+00:00,10000.0,12336.479733481401
2024-07-31 04:00:00+00:00,10000.0,12336.479733481401
2024-07-31 04:00:00+00:00,10000.0,12336.479733481401
2024-07-31 04:00:00+00:00,10000.0,12336.479733481401
2024-07-31 04:00:00+00:00,10000.0,12336.479733481401
2024-07-31 04:00:00+00:00,10000.0,12336.479733481401
2024-07-31 04:00:00+00:00,10000.0,12336.479733481401
2024-07-31 04:00:00+00:00,10000.0,12336.479733481401
2024-07-31 04:00:00+00:00,10000.0,12336.479733481401
2024-07-31 04:00:00+00:00,10000.0,12336.479733481401
2024-08-01 04:00:00+00:00,10000.0,12132.70405330372
2024-08-01 04:00:00+00:00,10000.0,12132.70405330372
2024-08-01 04:00:00+00:00,10000.0,12132.70405330372
2024-08-01 04:00:00+00:00,10000.0,12132.70405330372
2024-08-01 04:00:00+00:00,10000.0,12132.70405330372
2024-08-01 04:00:00+00:00,10000.0,12132.70405330372
2024-08-01 04:00:00+00:00,10000.0,12132.70405330372
2024-08-01 04:00:00+00:00,10000.0,12132.70405330372
2024-08-01 04:00:00+00:00,10000.0,12132.70405330372
2024-08-01 04:00:00+00:00,10000.0,12132.70405330372
2024-08-01 04:00:00+00:00,10000.0,12132.70405330372
2024-08-01 04:00:00+00:00,10000.0,12132.70405330372
2024-08-01 04:00:00+00:00,10000.0,12132.70405330372
2024-08-02 04:00:00+00:00,10000.0,12204.886174347585
2024-08-02 04:00:00+00:00,10000.0,12204.886174347585
2024-08-02 04:00:00+00:00,10000.0,12204.886174347585
2024-08-02 04:00:00+00:00,10000.0,12204.886174347585
2024-08-02 04:00:00+00:00,10000.0,12204.886174347585
2024-08-02 04:00:00+00:00,10000.0,12204.886174347585
2024-08-02 04:00:00+00:00,10000.0,12204.886174347585
2024-08-02 04:00:00+00:00,10000.0,12204.886174347585
2024-08-02 04:00:00+00:00,10000.0,12204.886174347585
2024-08-02 04:00:00+00:00,10000.0,12204.886174347585
2024-08-02 04:00:00+00:00,10000.0,12204.886174347585
2024-08-02 04:00:00+00:00,10000.0,12204.886174347585
2024-08-02 04:00:00+00:00,10000.0,12204.886174347585
2024-08-05 04:00:00+00:00,10000.0,11617.434758467518
2024-08-05 04:00:00+00:00,10000.0,11617.434758467518
2024-08-05 04:00:00+00:00,10000.0,11617.434758467518
2024-08-05 04:00:00+00:00,10000.0,11617.434758467518
2024-08-05 04:00:00+00:00,10000.0,11617.434758467518
2024-08-05 04:00:00+00:00,10000.0,11617.434758467518
2024-08-05 04:00:00+00:00,10000.0,11617.434758467518
2024-08-05 04:00:00+00:00,10000.0,11617.434758467518
2024-08-05 04:00:00+00:00,10000.0,11617.434758467518
2024-08-05 04:00:00+00:00,10000.0,11617.434758467518
2024-08-05 04:00:00+00:00,10000.0,11617.434758467518
2024-08-05 04:00:00+00:00,10000.0,11617.434758467518
2024-08-05 04:00:00+00:00,10000.0,11617.434758467518
2024-08-06 04:00:00+00:00,10000.0,11501.38811771238
2024-08-06 04:00:00+00:00,10000.0,11501.38811771238
2024-08-06 04:00:00+00:00,10000.0,11501.38811771238
2024-08-06 04:00:00+00:00,10000.0,11501.38811771238
2024-08-06 04:00:00+00:00,10000.0,11501.38811771238
2024-08-06 04:00:00+00:00,10000.0,11501.38811771238
2024-08-06 04:00:00+00:00,10000.0,11501.38811771238
2024-08-06 04:00:00+00:00,10000.0,11501.38811771238
2024-08-06 04:00:00+00:00,10000.0,11501.38811771238
2024-08-06 04:00:00+00:00,10000.0,11501.38811771238
2024-08-06 04:00:00+00:00,10000.0,11501.38811771238
2024-08-06 04:00:00+00:00,10000.0,11501.38811771238
2024-08-06 04:00:00+00:00,10000.0,11501.38811771238
2024-08-07 04:00:00+00:00,10000.0,11649.639089394781
2024-08-07 04:00:00+00:00,10000.0,11649.639089394781
2024-08-07 04:00:00+00:00,10000.0,11649.639089394781
2024-08-07 04:00:00+00:00,10000.0,11649.639089394781
2024-08-07 04:00:00+00:00,10000.0,11649.639089394781
2024-08-07 04:00:00+00:00,10000.0,11649.639089394781
2024-08-07 04:00:00+00:00,10000.0,11649.639089394781
2024-08-07 04:00:00+00:00,10000.0,11649.639089394781
2024-08-07 04:00:00+00:00,10000.0,11649.639089394781
2024-08-07 04:00:00+00:00,10000.0,11649.639089394781
2024-08-07 04:00:00+00:00,10000.0,11649.639089394781
2024-08-07 04:00:00+00:00,10000.0,11649.639089394781
2024-08-07 04:00:00+00:00,10000.0,11649.639089394781
2024-08-08 04:00:00+00:00,10000.0,11846.196557468074
2024-08-08 04:00:00+00:00,10000.0,11846.196557468074
2024-08-08 04:00:00+00:00,10000.0,11846.196557468074
2024-08-08 04:00:00+00:00,10000.0,11846.196557468074
2024-08-08 04:00:00+00:00,10000.0,11846.196557468074
2024-08-08 04:00:00+00:00,10000.0,11846.196557468074
2024-08-08 04:00:00+00:00,10000.0,11846.196557468074
2024-08-08 04:00:00+00:00,10000.0,11846.196557468074
2024-08-08 04:00:00+00:00,10000.0,11846.196557468074
2024-08-08 04:00:00+00:00,10000.0,11846.196557468074
2024-08-08 04:00:00+00:00,10000.0,11846.196557468074
2024-08-08 04:00:00+00:00,10000.0,11846.196557468074
2024-08-08 04:00:00+00:00,10000.0,11846.196557468074
2024-08-09 04:00:00+00:00,10000.0,12002.220988339812
2024-08-09 04:00:00+00:00,10000.0,12002.220988339812
2024-08-09 04:00:00+00:00,10000.0,12002.220988339812
2024-08-09 04:00:00+00:00,10000.0,12002.220988339812
2024-08-09 04:00:00+00:00,10000.0,12002.220988339812
2024-08-09 04:00:00+00:00,10000.0,12002.220988339812
2024-08-09 04:00:00+00:00,10000.0,12002.220988339812
2024-08-09 04:00:00+00:00,10000.0,12002.220988339812
2024-08-09 04:00:00+00:00,10000.0,12002.220988339812
2024-08-09 04:00:00+00:00,10000.0,12002.220988339812
2024-08-09 04:00:00+00:00,10000.0,12002.220988339812
2024-08-09 04:00:00+00:00,10000.0,12002.220988339812
2024-08-09 04:00:00+00:00,10000.0,12002.220988339812
2024-08-12 04:00:00+00:00,10000.0,12082.176568573015
2024-08-12 04:00:00+00:00,10000.0,12082.176568573015
2024-08-12 04:00:00+00:00,10000.0,12082.176568573015
2024-08-12 04:00:00+00:00,10000.0,12082.176568573015
2024-08-12 04:00:00+00:00,10000.0,12082.176568573015
2024-08-12 04:00:00+00:00,10000.0,12082.176568573015
2024-08-12 04:00:00+00:00,10000.0,12082.176568573015
2024-08-12 04:00:00+00:00,10000.0,12082.176568573015
2024-08-12 04:00:00+00:00,10000.0,12082.176568573015
2024-08-12 04:00:00+00:00,10000.0,12082.176568573015
2024-08-12 04:00:00+00:00,10000.0,12082.176568573015
2024-08-12 04:00:00+00:00,10000.0,12082.176568573015
2024-08-12 04:00:00+00:00,10000.0,12082.176568573015
2024-08-13 04:00:00+00:00,10000.0,12282.620766240976
2024-08-13 04:00:00+00:00,10000.0,12282.620766240976
2024-08-13 04:00:00+00:00,10000.0,12282.620766240976
2024-08-13 04:00:00+00:00,10000.0,12282.620766240976
2024-08-13 04:00:00+00:00,10000.0,12282.620766240976
2024-08-13 04:00:00+00:00,10000.0,12282.620766240976
2024-08-13 04:00:00+00:00,10000.0,12282.620766240976
2024-08-13 04:00:00+00:00,10000.0,12282.620766240976
2024-08-13 04:00:00+00:00,10000.0,12282.620766240976
2024-08-13 04:00:00+00:00,10000.0,12282.620766240976
2024-08-13 04:00:00+00:00,10000.0,12282.620766240976
2024-08-13 04:00:00+00:00,10000.0,12282.620766240976
2024-08-13 04:00:00+00:00,10000.0,12282.620766240976
2024-08-14 04:00:00+00:00,10000.0,12305.941143808996
2024-08-14 04:00:00+00:00,10000.0,12305.941143808996
2024-08-14 04:00:00+00:00,10000.0,12305.941143808996
2024-08-14 04:00:00+00:00,10000.0,12305.941143808996
2024-08-14 04:00:00+00:00,10000.0,12305.941143808996
2024-08-14 04:00:00+00:00,10000.0,12305.941143808996
2024-08-14 04:00:00+00:00,10000.0,12305.941143808996
2024-08-14 04:00:00+00:00,10000.0,12305.941143808996
2024-08-14 04:00:00+00:00,10000.0,12305.941143808996
2024-08-14 04:00:00+00:00,10000.0,12305.941143808996
2024-08-14 04:00:00+00:00,10000.0,12305.941143808996
2024-08-14 04:00:00+00:00,10000.0,12305.941143808996
2024-08-14 04:00:00+00:00,10000.0,12305.941143808996
2024-08-15 04:00:00+00:00,10000.0,12475.846751804553
2024-08-15 04:00:00+00:00,10000.0,12475.846751804553
2024-08-15 04:00:00+00:00,10000.0,12475.846751804553
2024-08-15 04:00:00+00:00,10000.0,12475.846751804553
2024-08-15 04:00:00+00:00,10000.0,12475.846751804553
2024-08-15 04:00:00+00:00,10000.0,12475.846751804553
2024-08-15 04:00:00+00:00,10000.0,12475.846751804553
2024-08-15 04:00:00+00:00,10000.0,12475.846751804553
2024-08-15 04:00:00+00:00,10000.0,12475.846751804553
2024-08-15 04:00:00+00:00,10000.0,12475.846751804553
2024-08-15 04:00:00+00:00,10000.0,12475.846751804553
2024-08-15 04:00:00+00:00,10000.0,12475.846751804553
2024-08-15 04:00:00+00:00,10000.0,12475.846751804553
2024-08-16 04:00:00+00:00,10000.0,12551.915602443087
2024-08-16 04:00:00+00:00,10000.0,12551.915602443087
2024-08-16 04:00:00+00:00,10000.0,12551.915602443087
2024-08-16 04:00:00+00:00,10000.0,12551.915602443087
2024-08-16 04:00:00+00:00,10000.0,12551.915602443087
2024-08-16 04:00:00+00:00,10000.0,12551.915602443087
2024-08-16 04:00:00+00:00,10000.0,12551.915602443087
2024-08-16 04:00:00+00:00,10000.0,12551.915602443087
2024-08-16 04:00:00+00:00,10000.0,12551.915602443087
2024-08-16 04:00:00+00:00,10000.0,12551.915602443087
2024-08-16 04:00:00+00:00,10000.0,12551.915602443087
2024-08-16 04:00:00+00:00,10000.0,12551.915602443087
2024-08-16 04:00:00+00:00,10000.0,12551.915602443087
2024-08-19 04:00:00+00:00,10000.0,12538.58967240422
2024-08-19 04:00:00+00:00,10000.0,12538.58967240422
2024-08-19 04:00:00+00:00,10000.0,12538.58967240422
2024-08-19 04:00:00+00:00,10000.0,12538.58967240422
2024-08-19 04:00:00+00:00,10000.0,12538.58967240422
2024-08-19 04:00:00+00:00,10000.0,12538.58967240422
2024-08-19 04:00:00+00:00,10000.0,12538.58967240422
2024-08-19 04:00:00+00:00,10000.0,12538.58967240422
2024-08-19 04:00:00+00:00,10000.0,12538.58967240422
2024-08-19 04:00:00+00:00,10000.0,12538.58967240422
2024-08-19 04:00:00+00:00,10000.0,12538.58967240422
2024-08-19 04:00:00+00:00,10000.0,12538.58967240422
2024-08-19 04:00:00+00:00,10000.0,12538.58967240422
2024-08-20 04:00:00+00:00,10000.0,12578.01221543587
2024-08-20 04:00:00+00:00,10000.0,12578.01221543587
2024-08-20 04:00:00+00:00,10000.0,12578.01221543587
2024-08-20 04:00:00+00:00,10000.0,12578.01221543587
2024-08-20 04:00:00+00:00,10000.0,12578.01221543587
2024-08-20 04:00:00+00:00,10000.0,12578.01221543587
2024-08-20 04:00:00+00:00,10000.0,12578.01221543587
2024-08-20 04:00:00+00:00,10000.0,12578.01221543587
2024-08-20 04:00:00+00:00,10000.0,12578.01221543587
2024-08-20 04:00:00+00:00,10000.0,12578.01221543587
2024-08-20 04:00:00+00:00,10000.0,12578.01221543587
2024-08-20 04:00:00+00:00,10000.0,12578.01221543587
2024-08-20 04:00:00+00:00,10000.0,12578.01221543587
2024-08-21 04:00:00+00:00,10000.0,12566.352026651859
2024-08-21 04:00:00+00:00,10000.0,12566.352026651859
2024-08-21 04:00:00+00:00,10000.0,12566.352026651859
2024-08-21 04:00:00+00:00,10000.0,12566.352026651859
2024-08-21 04:00:00+00:00,10000.0,12566.352026651859
2024-08-21 04:00:00+00:00,10000.0,12566.352026651859
2024-08-21 04:00:00+00:00,10000.0,12566.352026651859
2024-08-21 04:00:00+00:00,10000.0,12566.352026651859
2024-08-21 04:00:00+00:00,10000.0,12566.352026651859
2024-08-21 04:00:00+00:00,10000.0,12566.352026651859
2024-08-21 04:00:00+00:00,10000.0,12566.352026651859
2024-08-21 04:00:00+00:00,10000.0,12566.352026651859
2024-08-21 04:00:00+00:00,10000.0,12566.352026651859
2024-08-22 04:00:00+00:00,10000.0,12476.401998889505
2024-08-22 04:00:00+00:00,10000.0,12476.401998889505
2024-08-22 04:00:00+00:00,10000.0,12476.401998889505
2024-08-22 04:00:00+00:00,10000.0,12476.401998889505
2024-08-22 04:00:00+00:00,10000.0,12476.401998889505
2024-08-22 04:00:00+00:00,10000.0,12476.401998889505
2024-08-22 04:00:00+00:00,10000.0,12476.401998889505
2024-08-22 04:00:00+00:00,10000.0,12476.401998889505
2024-08-22 04:00:00+00:00,10000.0,12476.401998889505
2024-08-22 04:00:00+00:00,10000.0,12476.401998889505
2024-08-22 04:00:00+00:00,10000.0,12476.401998889505
2024-08-22 04:00:00+00:00,10000.0,12476.401998889505
2024-08-22 04:00:00+00:00,10000.0,12476.401998889505
2024-08-23 04:00:00+00:00,10000.0,12593.003886729597
2024-08-23 04:00:00+00:00,10000.0,12593.003886729597
2024-08-23 04:00:00+00:00,10000.0,12593.003886729597
2024-08-23 04:00:00+00:00,10000.0,12593.003886729597
2024-08-23 04:00:00+00:00,10000.0,12593.003886729597
2024-08-23 04:00:00+00:00,10000.0,12593.003886729597
2024-08-23 04:00:00+00:00,10000.0,12593.003886729597
2024-08-23 04:00:00+00:00,10000.0,12593.003886729597
2024-08-23 04:00:00+00:00,10000.0,12593.003886729597
2024-08-23 04:00:00+00:00,10000.0,12593.003886729597
2024-08-23 04:00:00+00:00,10000.0,12593.003886729597
2024-08-23 04:00:00+00:00,10000.0,12593.003886729597
2024-08-23 04:00:00+00:00,10000.0,12593.003886729597
2024-08-26 04:00:00+00:00,10000.0,12617.434758467518
2024-08-26 04:00:00+00:00,10000.0,12617.434758467518
2024-08-26 04:00:00+00:00,10000.0,12617.434758467518
2024-08-26 04:00:00+00:00,10000.0,12617.434758467518
2024-08-26 04:00:00+00:00,10000.0,12617.434758467518
2024-08-26 04:00:00+00:00,10000.0,12617.434758467518
2024-08-26 04:00:00+00:00,10000.0,12617.434758467518
2024-08-26 04:00:00+00:00,10000.0,12617.434758467518
2024-08-26 04:00:00+00:00,10000.0,12617.434758467518
2024-08-26 04:00:00+00:00,10000.0,12617.434758467518
2024-08-26 04:00:00+00:00,10000.0,12617.434758467518
2024-08-26 04:00:00+00:00,10000.0,12617.434758467518
2024-08-26 04:00:00+00:00,10000.0,12617.434758467518
2024-08-27 04:00:00+00:00,10000.0,12666.851749028317
2024-08-27 04:00:00+00:00,10000.0,12666.851749028317
2024-08-27 04:00:00+00:00,10000.0,12666.851749028317
2024-08-27 04:00:00+00:00,10000.0,12666.851749028317
2024-08-27 04:00:00+00:00,10000.0,12666.851749028317
2024-08-27 04:00:00+00:00,10000.0,12666.851749028317
2024-08-27 04:00:00+00:00,10000.0,12666.851749028317
2024-08-27 04:00:00+00:00,10000.0,12666.851749028317
2024-08-27 04:00:00+00:00,10000.0,12666.851749028317
2024-08-27 04:00:00+00:00,10000.0,12666.851749028317
2024-08-27 04:00:00+00:00,10000.0,12666.851749028317
2024-08-27 04:00:00+00:00,10000.0,12666.851749028317
2024-08-27 04:00:00+00:00,10000.0,12666.851749028317
2024-08-28 04:00:00+00:00,10000.0,12570.516379789007
2024-08-28 04:00:00+00:00,10000.0,12570.516379789007
2024-08-28 04:00:00+00:00,10000.0,12570.516379789007
2024-08-28 04:00:00+00:00,10000.0,12570.516379789007
2024-08-28 04:00:00+00:00,10000.0,12570.516379789007
2024-08-28 04:00:00+00:00,10000.0,12570.516379789007
2024-08-28 04:00:00+00:00,10000.0,12570.516379789007
2024-08-28 04:00:00+00:00,10000.0,12570.516379789007
2024-08-28 04:00:00+00:00,10000.0,12570.516379789007
2024-08-28 04:00:00+00:00,10000.0,12570.516379789007
2024-08-28 04:00:00+00:00,10000.0,12570.516379789007
2024-08-28 04:00:00+00:00,10000.0,12570.516379789007
2024-08-28 04:00:00+00:00,10000.0,12570.516379789007
2024-08-29 04:00:00+00:00,10000.0,12761.243753470295
2024-08-29 04:00:00+00:00,10000.0,12761.243753470295
2024-08-29 04:00:00+00:00,10000.0,12761.243753470295
2024-08-29 04:00:00+00:00,10000.0,12761.243753470295
2024-08-29 04:00:00+00:00,10000.0,12761.243753470295
2024-08-29 04:00:00+00:00,10000.0,12761.243753470295
2024-08-29 04:00:00+00:00,10000.0,12761.243753470295
2024-08-29 04:00:00+00:00,10000.0,12761.243753470295
2024-08-29 04:00:00+00:00,10000.0,12761.243753470295
2024-08-29 04:00:00+00:00,10000.0,12761.243753470295
2024-08-29 04:00:00+00:00,10000.0,12761.243753470295
2024-08-29 04:00:00+00:00,10000.0,12761.243753470295
2024-08-29 04:00:00+00:00,10000.0,12761.243753470295
2024-08-30 04:00:00+00:00,10000.0,12708.495280399778
2024-08-30 04:00:00+00:00,10000.0,12708.495280399778
2024-08-30 04:00:00+00:00,10000.0,12708.495280399778
2024-08-30 04:00:00+00:00,10000.0,12708.495280399778
2024-08-30 04:00:00+00:00,10000.0,12708.495280399778
2024-08-30 04:00:00+00:00,10000.0,12708.495280399778
2024-08-30 04:00:00+00:00,10000.0,12708.495280399778
2024-08-30 04:00:00+00:00,10000.0,12708.495280399778
2024-08-30 04:00:00+00:00,10000.0,12708.495280399778
2024-08-30 04:00:00+00:00,10000.0,12708.495280399778
2024-08-30 04:00:00+00:00,10000.0,12708.495280399778
2024-08-30 04:00:00+00:00,10000.0,12708.495280399778
2024-08-30 04:00:00+00:00,10000.0,12708.495280399778
2024-09-03 04:00:00+00:00,10000.0,12366.46307606885
2024-09-03 04:00:00+00:00,10000.0,12366.46307606885
2024-09-03 04:00:00+00:00,10000.0,12366.46307606885
2024-09-03 04:00:00+00:00,10000.0,12366.46307606885
2024-09-03 04:00:00+00:00,10000.0,12366.46307606885
2024-09-03 04:00:00+00:00,10000.0,12366.46307606885
2024-09-03 04:00:00+00:00,10000.0,12366.46307606885
2024-09-03 04:00:00+00:00,10000.0,12366.46307606885
2024-09-03 04:00:00+00:00,10000.0,12366.46307606885
2024-09-03 04:00:00+00:00,10000.0,12366.46307606885
2024-09-03 04:00:00+00:00,10000.0,12366.46307606885
2024-09-03 04:00:00+00:00,10000.0,12366.46307606885
2024-09-04 04:00:00+00:00,10000.0,12255.968906163242
2024-09-04 04:00:00+00:00,10000.0,12255.968906163242
2024-09-04 04:00:00+00:00,10000.0,12255.968906163242
2024-09-04 04:00:00+00:00,10000.0,12255.968906163242
2024-09-04 04:00:00+00:00,10000.0,12255.968906163242
2024-09-04 04:00:00+00:00,10000.0,12255.968906163242
2024-09-04 04:00:00+00:00,10000.0,12255.968906163242
2024-09-04 04:00:00+00:00,10000.0,12255.968906163242
2024-09-04 04:00:00+00:00,10000.0,12255.968906163242
2024-09-04 04:00:00+00:00,10000.0,12255.968906163242
2024-09-04 04:00:00+00:00,10000.0,12255.968906163242
2024-09-04 04:00:00+00:00,10000.0,12255.968906163242
2024-09-05 04:00:00+00:00,10000.0,12342.58745141588
2024-09-05 04:00:00+00:00,10000.0,12342.58745141588
2024-09-05 04:00:00+00:00,10000.0,12342.58745141588
2024-09-05 04:00:00+00:00,10000.0,12342.58745141588
2024-09-05 04:00:00+00:00,10000.0,12342.58745141588
2024-09-05 04:00:00+00:00,10000.0,12342.58745141588
2024-09-05 04:00:00+00:00,10000.0,12342.58745141588
2024-09-05 04:00:00+00:00,10000.0,12342.58745141588
2024-09-05 04:00:00+00:00,10000.0,12342.58745141588
2024-09-05 04:00:00+00:00,10000.0,12342.58745141588
2024-09-05 04:00:00+00:00,10000.0,12342.58745141588
2024-09-05 04:00:00+00:00,10000.0,12342.58745141588
2024-09-06 04:00:00+00:00,10000.0,12268.184342032204
2024-09-06 04:00:00+00:00,10000.0,12268.184342032204
2024-09-06 04:00:00+00:00,10000.0,12268.184342032204
2024-09-06 04:00:00+00:00,10000.0,12268.184342032204
2024-09-06 04:00:00+00:00,10000.0,12268.184342032204
2024-09-06 04:00:00+00:00,10000.0,12268.184342032204
2024-09-06 04:00:00+00:00,10000.0,12268.184342032204
2024-09-06 04:00:00+00:00,10000.0,12268.184342032204
2024-09-06 04:00:00+00:00,10000.0,12268.184342032204
2024-09-06 04:00:00+00:00,10000.0,12268.184342032204
2024-09-06 04:00:00+00:00,10000.0,12268.184342032204
2024-09-06 04:00:00+00:00,10000.0,12268.184342032204
2024-09-09 04:00:00+00:00,10000.0,12268.184342032204
2024-09-09 04:00:00+00:00,10000.0,12268.184342032204
2024-09-09 04:00:00+00:00,10000.0,12268.184342032204
2024-09-09 04:00:00+00:00,10000.0,12268.184342032204
2024-09-09 04:00:00+00:00,10000.0,12268.184342032204
2024-09-09 04:00:00+00:00,10000.0,12268.184342032204
2024-09-09 04:00:00+00:00,10000.0,12268.184342032204
2024-09-09 04:00:00+00:00,10000.0,12268.184342032204
2024-09-09 04:00:00+00:00,10000.0,12268.184342032204
2024-09-09 04:00:00+00:00,10000.0,12268.184342032204
2024-09-09 04:00:00+00:00,10000.0,12268.184342032204
2024-09-09 04:00:00+00:00,10000.0,12268.184342032204
2024-09-10 04:00:00+00:00,10000.0,12220.988339811216
2024-09-10 04:00:00+00:00,10000.0,12220.988339811216
2024-09-10 04:00:00+00:00,10000.0,12220.988339811216
2024-09-10 04:00:00+00:00,10000.0,12220.988339811216
2024-09-10 04:00:00+00:00,10000.0,12220.988339811216
2024-09-10 04:00:00+00:00,10000.0,12220.988339811216
2024-09-10 04:00:00+00:00,10000.0,12220.988339811216
2024-09-10 04:00:00+00:00,10000.0,12220.988339811216
2024-09-10 04:00:00+00:00,10000.0,12220.988339811216
2024-09-10 04:00:00+00:00,10000.0,12220.988339811216
2024-09-10 04:00:00+00:00,10000.0,12220.988339811216
2024-09-10 04:00:00+00:00,10000.0,12220.988339811216
2024-09-11 04:00:00+00:00,10000.0,12357.579122709605
2024-09-11 04:00:00+00:00,10000.0,12357.579122709605
2024-09-11 04:00:00+00:00,10000.0,12357.579122709605
2024-09-11 04:00:00+00:00,10000.0,12357.579122709605
2024-09-11 04:00:00+00:00,10000.0,12357.579122709605
2024-09-11 04:00:00+00:00,10000.0,12357.579122709605
2024-09-11 04:00:00+00:00,10000.0,12357.579122709605
2024-09-11 04:00:00+00:00,10000.0,12357.579122709605
2024-09-11 04:00:00+00:00,10000.0,12357.579122709605
2024-09-11 04:00:00+00:00,10000.0,12357.579122709605
2024-09-11 04:00:00+00:00,10000.0,12357.579122709605
2024-09-11 04:00:00+00:00,10000.0,12357.579122709605
2024-09-12 04:00:00+00:00,10000.0,12373.681288173237
2024-09-12 04:00:00+00:00,10000.0,12373.681288173237
2024-09-12 04:00:00+00:00,10000.0,12373.681288173237
2024-09-12 04:00:00+00:00,10000.0,12373.681288173237
2024-09-12 04:00:00+00:00,10000.0,12373.681288173237
2024-09-12 04:00:00+00:00,10000.0,12373.681288173237
2024-09-12 04:00:00+00:00,10000.0,12373.681288173237
2024-09-12 04:00:00+00:00,10000.0,12373.681288173237
2024-09-12 04:00:00+00:00,10000.0,12373.681288173237
2024-09-12 04:00:00+00:00,10000.0,12373.681288173237
2024-09-12 04:00:00+00:00,10000.0,12373.681288173237
2024-09-12 04:00:00+00:00,10000.0,12373.681288173237
2024-09-13 04:00:00+00:00,10000.0,12349.805663520267
2024-09-13 04:00:00+00:00,10000.0,12349.805663520267
2024-09-13 04:00:00+00:00,10000.0,12349.805663520267
2024-09-13 04:00:00+00:00,10000.0,12349.805663520267
2024-09-13 04:00:00+00:00,10000.0,12349.805663520267
2024-09-13 04:00:00+00:00,10000.0,12349.805663520267
2024-09-13 04:00:00+00:00,10000.0,12349.805663520267
2024-09-13 04:00:00+00:00,10000.0,12349.805663520267
2024-09-13 04:00:00+00:00,10000.0,12349.805663520267
2024-09-13 04:00:00+00:00,10000.0,12349.805663520267
2024-09-13 04:00:00+00:00,10000.0,12349.805663520267
2024-09-13 04:00:00+00:00,10000.0,12349.805663520267
2024-09-16 04:00:00+00:00,10000.0,12018.878400888396
2024-09-16 04:00:00+00:00,10000.0,12018.878400888396
2024-09-16 04:00:00+00:00,10000.0,12018.878400888396
2024-09-16 04:00:00+00:00,10000.0,12018.878400888396
2024-09-16 04:00:00+00:00,10000.0,12018.878400888396
2024-09-16 04:00:00+00:00,10000.0,12018.878400888396
2024-09-16 04:00:00+00:00,10000.0,12018.878400888396
2024-09-16 04:00:00+00:00,10000.0,12018.878400888396
2024-09-16 04:00:00+00:00,10000.0,12018.878400888396
2024-09-16 04:00:00+00:00,10000.0,12018.878400888396
2024-09-16 04:00:00+00:00,10000.0,12018.878400888396
2024-09-16 04:00:00+00:00,10000.0,12018.878400888396
2024-09-17 04:00:00+00:00,10000.0,12040.533037201556
2024-09-17 04:00:00+00:00,10000.0,12040.533037201556
2024-09-17 04:00:00+00:00,10000.0,12040.533037201556
2024-09-17 04:00:00+00:00,10000.0,12040.533037201556
2024-09-17 04:00:00+00:00,10000.0,12040.533037201556
2024-09-17 04:00:00+00:00,10000.0,12040.533037201556
2024-09-17 04:00:00+00:00,10000.0,12040.533037201556
2024-09-17 04:00:00+00:00,10000.0,12040.533037201556
2024-09-17 04:00:00+00:00,10000.0,12040.533037201556
2024-09-17 04:00:00+00:00,10000.0,12040.533037201556
2024-09-17 04:00:00+00:00,10000.0,12040.533037201556
2024-09-17 04:00:00+00:00,10000.0,12040.533037201556
2024-09-18 04:00:00+00:00,10000.0,12261.521377012772
2024-09-18 04:00:00+00:00,10000.0,12261.521377012772
2024-09-18 04:00:00+00:00,10000.0,12261.521377012772
2024-09-18 04:00:00+00:00,10000.0,12261.521377012772
2024-09-18 04:00:00+00:00,10000.0,12261.521377012772
2024-09-18 04:00:00+00:00,10000.0,12261.521377012772
2024-09-18 04:00:00+00:00,10000.0,12261.521377012772
2024-09-18 04:00:00+00:00,10000.0,12261.521377012772
2024-09-18 04:00:00+00:00,10000.0,12261.521377012772
2024-09-18 04:00:00+00:00,10000.0,12261.521377012772
2024-09-18 04:00:00+00:00,10000.0,12261.521377012772
2024-09-18 04:00:00+00:00,10000.0,12261.521377012772
2024-09-19 04:00:00+00:00,10000.0,12709.88339811216
2024-09-19 04:00:00+00:00,10000.0,12709.88339811216
2024-09-19 04:00:00+00:00,10000.0,12709.88339811216
2024-09-19 04:00:00+00:00,10000.0,12709.88339811216
2024-09-19 04:00:00+00:00,10000.0,12709.88339811216
2024-09-19 04:00:00+00:00,10000.0,12709.88339811216
2024-09-19 04:00:00+00:00,10000.0,12709.88339811216
2024-09-19 04:00:00+00:00,10000.0,12709.88339811216
2024-09-19 04:00:00+00:00,10000.0,12709.88339811216
2024-09-19 04:00:00+00:00,10000.0,12709.88339811216
2024-09-19 04:00:00+00:00,10000.0,12709.88339811216
2024-09-19 04:00:00+00:00,10000.0,12709.88339811216
2024-09-20 04:00:00+00:00,10000.0,12689.339255968905
2024-09-20 04:00:00+00:00,10000.0,12689.339255968905
2024-09-20 04:00:00+00:00,10000.0,12689.339255968905
2024-09-20 04:00:00+00:00,10000.0,12689.339255968905
2024-09-20 04:00:00+00:00,10000.0,12689.339255968905
2024-09-20 04:00:00+00:00,10000.0,12689.339255968905
2024-09-20 04:00:00+00:00,10000.0,12689.339255968905
2024-09-20 04:00:00+00:00,10000.0,12689.339255968905
2024-09-20 04:00:00+00:00,10000.0,12689.339255968905
2024-09-20 04:00:00+00:00,10000.0,12689.339255968905
2024-09-20 04:00:00+00:00,10000.0,12689.339255968905
2024-09-20 04:00:00+00:00,10000.0,12689.339255968905
2024-09-23 04:00:00+00:00,10000.0,12575.791227096059
2024-09-23 04:00:00+00:00,10000.0,12575.791227096059
2024-09-23 04:00:00+00:00,10000.0,12575.791227096059
2024-09-23 04:00:00+00:00,10000.0,12575.791227096059
2024-09-23 04:00:00+00:00,10000.0,12575.791227096059
2024-09-23 04:00:00+00:00,10000.0,12575.791227096059
2024-09-23 04:00:00+00:00,10000.0,12575.791227096059
2024-09-23 04:00:00+00:00,10000.0,12575.791227096059
2024-09-23 04:00:00+00:00,10000.0,12575.791227096059
2024-09-23 04:00:00+00:00,10000.0,12575.791227096059
2024-09-23 04:00:00+00:00,10000.0,12575.791227096059
2024-09-23 04:00:00+00:00,10000.0,12575.791227096059
2024-09-24 04:00:00+00:00,10000.0,12629.650194336482
2024-09-24 04:00:00+00:00,10000.0,12629.650194336482
2024-09-24 04:00:00+00:00,10000.0,12629.650194336482
2024-09-24 04:00:00+00:00,10000.0,12629.650194336482
2024-09-24 04:00:00+00:00,10000.0,12629.650194336482
2024-09-24 04:00:00+00:00,10000.0,12629.650194336482
2024-09-24 04:00:00+00:00,10000.0,12629.650194336482
2024-09-24 04:00:00+00:00,10000.0,12629.650194336482
2024-09-24 04:00:00+00:00,10000.0,12629.650194336482
2024-09-24 04:00:00+00:00,10000.0,12629.650194336482
2024-09-24 04:00:00+00:00,10000.0,12629.650194336482
2024-09-24 04:00:00+00:00,10000.0,12629.650194336482
2024-09-25 04:00:00+00:00,10000.0,12568.573014991673
2024-09-25 04:00:00+00:00,10000.0,12568.573014991673
2024-09-25 04:00:00+00:00,10000.0,12568.573014991673
2024-09-25 04:00:00+00:00,10000.0,12568.573014991673
2024-09-25 04:00:00+00:00,10000.0,12568.573014991673
2024-09-25 04:00:00+00:00,10000.0,12568.573014991673
2024-09-25 04:00:00+00:00,10000.0,12568.573014991673
2024-09-25 04:00:00+00:00,10000.0,12568.573014991673
2024-09-25 04:00:00+00:00,10000.0,12568.573014991673
2024-09-25 04:00:00+00:00,10000.0,12568.573014991673
2024-09-25 04:00:00+00:00,10000.0,12568.573014991673
2024-09-25 04:00:00+00:00,10000.0,12568.573014991673
2024-09-26 04:00:00+00:00,10000.0,12641.032759578013
2024-09-26 04:00:00+00:00,10000.0,12641.032759578013
2024-09-26 04:00:00+00:00,10000.0,12641.032759578013
2024-09-26 04:00:00+00:00,10000.0,12641.032759578013
2024-09-26 04:00:00+00:00,10000.0,12641.032759578013
2024-09-26 04:00:00+00:00,10000.0,12641.032759578013
2024-09-26 04:00:00+00:00,10000.0,12641.032759578013
2024-09-26 04:00:00+00:00,10000.0,12641.032759578013
2024-09-26 04:00:00+00:00,10000.0,12641.032759578013
2024-09-26 04:00:00+00:00,10000.0,12641.032759578013
2024-09-26 04:00:00+00:00,10000.0,12641.032759578013
2024-09-26 04:00:00+00:00,10000.0,12641.032759578013
2024-09-27 04:00:00+00:00,10000.0,12644.641865630207
2024-09-27 04:00:00+00:00,10000.0,12644.641865630207
2024-09-27 04:00:00+00:00,10000.0,12644.641865630207
2024-09-27 04:00:00+00:00,10000.0,12644.641865630207
2024-09-27 04:00:00+00:00,10000.0,12644.641865630207
2024-09-27 04:00:00+00:00,10000.0,12644.641865630207
2024-09-27 04:00:00+00:00,10000.0,12644.641865630207
2024-09-27 04:00:00+00:00,10000.0,12644.641865630207
2024-09-27 04:00:00+00:00,10000.0,12644.641865630207
2024-09-27 04:00:00+00:00,10000.0,12644.641865630207
2024-09-27 04:00:00+00:00,10000.0,12644.641865630207
2024-09-27 04:00:00+00:00,10000.0,12644.641865630207
2024-09-30 04:00:00+00:00,10000.0,12928.92837312604
2024-09-30 04:00:00+00:00,10000.0,12928.92837312604
2024-09-30 04:00:00+00:00,10000.0,12928.92837312604
2024-09-30 04:00:00+00:00,10000.0,12928.92837312604
2024-09-30 04:00:00+00:00,10000.0,12928.92837312604
2024-09-30 04:00:00+00:00,10000.0,12928.92837312604
2024-09-30 04:00:00+00:00,10000.0,12928.92837312604
2024-09-30 04:00:00+00:00,10000.0,12928.92837312604
2024-09-30 04:00:00+00:00,10000.0,12928.92837312604
2024-09-30 04:00:00+00:00,10000.0,12928.92837312604
2024-09-30 04:00:00+00:00,10000.0,12928.92837312604
2024-09-30 04:00:00+00:00,10000.0,12928.92837312604
2024-10-01 04:00:00+00:00,10000.0,12559.966685174904
2024-10-01 04:00:00+00:00,10000.0,12559.966685174904
2024-10-01 04:00:00+00:00,10000.0,12559.966685174904
2024-10-01 04:00:00+00:00,10000.0,12559.966685174904
2024-10-01 04:00:00+00:00,10000.0,12559.966685174904
2024-10-01 04:00:00+00:00,10000.0,12559.966685174904
2024-10-01 04:00:00+00:00,10000.0,12559.966685174904
2024-10-01 04:00:00+00:00,10000.0,12559.966685174904
2024-10-01 04:00:00+00:00,10000.0,12559.966685174904
2024-10-01 04:00:00+00:00,10000.0,12559.966685174904
2024-10-01 04:00:00+00:00,10000.0,12559.966685174904
2024-10-01 04:00:00+00:00,10000.0,12559.966685174904
2024-10-02 04:00:00+00:00,10000.0,12591.338145474738
2024-10-02 04:00:00+00:00,10000.0,12591.338145474738
2024-10-02 04:00:00+00:00,10000.0,12591.338145474738
2024-10-02 04:00:00+00:00,10000.0,12591.338145474738
2024-10-02 04:00:00+00:00,10000.0,12591.338145474738
2024-10-02 04:00:00+00:00,10000.0,12591.338145474738
2024-10-02 04:00:00+00:00,10000.0,12591.338145474738
2024-10-02 04:00:00+00:00,10000.0,12591.338145474738
2024-10-02 04:00:00+00:00,10000.0,12591.338145474738
2024-10-02 04:00:00+00:00,10000.0,12591.338145474738
2024-10-02 04:00:00+00:00,10000.0,12591.338145474738
2024-10-03 04:00:00+00:00,10000.0,12526.374236535257
2024-10-03 04:00:00+00:00,10000.0,12526.374236535257
2024-10-03 04:00:00+00:00,10000.0,12526.374236535257
2024-10-03 04:00:00+00:00,10000.0,12526.374236535257
2024-10-03 04:00:00+00:00,10000.0,12526.374236535257
2024-10-03 04:00:00+00:00,10000.0,12526.374236535257
2024-10-03 04:00:00+00:00,10000.0,12526.374236535257
2024-10-03 04:00:00+00:00,10000.0,12526.374236535257
2024-10-03 04:00:00+00:00,10000.0,12526.374236535257
2024-10-03 04:00:00+00:00,10000.0,12526.374236535257
2024-10-03 04:00:00+00:00,10000.0,12526.374236535257
2024-10-04 04:00:00+00:00,10000.0,12586.896168795114
2024-10-04 04:00:00+00:00,10000.0,12586.896168795114
2024-10-04 04:00:00+00:00,10000.0,12586.896168795114
2024-10-04 04:00:00+00:00,10000.0,12586.896168795114
2024-10-04 04:00:00+00:00,10000.0,12586.896168795114
2024-10-04 04:00:00+00:00,10000.0,12586.896168795114
2024-10-04 04:00:00+00:00,10000.0,12586.896168795114
2024-10-04 04:00:00+00:00,10000.0,12586.896168795114
2024-10-04 04:00:00+00:00,10000.0,12586.896168795114
2024-10-04 04:00:00+00:00,10000.0,12586.896168795114
2024-10-04 04:00:00+00:00,10000.0,12586.896168795114
2024-10-07 04:00:00+00:00,10000.0,12312.048861743477
2024-10-07 04:00:00+00:00,10000.0,12312.048861743477
2024-10-07 04:00:00+00:00,10000.0,12312.048861743477
2024-10-07 04:00:00+00:00,10000.0,12312.048861743477
2024-10-07 04:00:00+00:00,10000.0,12312.048861743477
2024-10-07 04:00:00+00:00,10000.0,12312.048861743477
2024-10-07 04:00:00+00:00,10000.0,12312.048861743477
2024-10-07 04:00:00+00:00,10000.0,12312.048861743477
2024-10-07 04:00:00+00:00,10000.0,12312.048861743477
2024-10-07 04:00:00+00:00,10000.0,12312.048861743477
2024-10-07 04:00:00+00:00,10000.0,12312.048861743477
2024-10-08 04:00:00+00:00,10000.0,12536.923931149362
2024-10-08 04:00:00+00:00,10000.0,12536.923931149362
2024-10-08 04:00:00+00:00,10000.0,12536.923931149362
2024-10-08 04:00:00+00:00,10000.0,12536.923931149362
2024-10-08 04:00:00+00:00,10000.0,12536.923931149362
2024-10-08 04:00:00+00:00,10000.0,12536.923931149362
2024-10-08 04:00:00+00:00,10000.0,12536.923931149362
2024-10-08 04:00:00+00:00,10000.0,12536.923931149362
2024-10-08 04:00:00+00:00,10000.0,12536.923931149362
2024-10-08 04:00:00+00:00,10000.0,12536.923931149362
2024-10-08 04:00:00+00:00,10000.0,12536.923931149362
2024-10-09 04:00:00+00:00,10000.0,12743.475846751804
2024-10-09 04:00:00+00:00,10000.0,12743.475846751804
2024-10-09 04:00:00+00:00,10000.0,12743.475846751804
2024-10-09 04:00:00+00:00,10000.0,12743.475846751804
2024-10-09 04:00:00+00:00,10000.0,12743.475846751804
2024-10-09 04:00:00+00:00,10000.0,12743.475846751804
2024-10-09 04:00:00+00:00,10000.0,12743.475846751804
2024-10-09 04:00:00+00:00,10000.0,12743.475846751804
2024-10-09 04:00:00+00:00,10000.0,12743.475846751804
2024-10-09 04:00:00+00:00,10000.0,12743.475846751804
2024-10-09 04:00:00+00:00,10000.0,12743.475846751804
2024-10-10 04:00:00+00:00,10000.0,12716.823986674071
2024-10-10 04:00:00+00:00,10000.0,12716.823986674071
2024-10-10 04:00:00+00:00,10000.0,12716.823986674071
2024-10-10 04:00:00+00:00,10000.0,12716.823986674071
2024-10-10 04:00:00+00:00,10000.0,12716.823986674071
2024-10-10 04:00:00+00:00,10000.0,12716.823986674071
2024-10-10 04:00:00+00:00,10000.0,12716.823986674071
2024-10-10 04:00:00+00:00,10000.0,12716.823986674071
2024-10-10 04:00:00+00:00,10000.0,12716.823986674071
2024-10-10 04:00:00+00:00,10000.0,12716.823986674071
2024-10-10 04:00:00+00:00,10000.0,12716.823986674071
2024-10-11 04:00:00+00:00,10000.0,12632.426429761243
2024-10-11 04:00:00+00:00,10000.0,12632.426429761243
2024-10-11 04:00:00+00:00,10000.0,12632.426429761243
2024-10-11 04:00:00+00:00,10000.0,12632.426429761243
2024-10-11 04:00:00+00:00,10000.0,12632.426429761243
2024-10-11 04:00:00+00:00,10000.0,12632.426429761243
2024-10-11 04:00:00+00:00,10000.0,12632.426429761243
2024-10-11 04:00:00+00:00,10000.0,12632.426429761243
2024-10-11 04:00:00+00:00,10000.0,12632.426429761243
2024-10-11 04:00:00+00:00,10000.0,12632.426429761243
2024-10-11 04:00:00+00:00,10000.0,12632.426429761243
2024-10-14 04:00:00+00:00,10000.0,12842.865074958358
2024-10-14 04:00:00+00:00,10000.0,12842.865074958358
2024-10-14 04:00:00+00:00,10000.0,12842.865074958358
2024-10-14 04:00:00+00:00,10000.0,12842.865074958358
2024-10-14 04:00:00+00:00,10000.0,12842.865074958358
2024-10-14 04:00:00+00:00,10000.0,12842.865074958358
2024-10-14 04:00:00+00:00,10000.0,12842.865074958358
2024-10-14 04:00:00+00:00,10000.0,12842.865074958358
2024-10-14 04:00:00+00:00,10000.0,12842.865074958358
2024-10-14 04:00:00+00:00,10000.0,12842.865074958358
2024-10-14 04:00:00+00:00,10000.0,12842.865074958358
2024-10-15 04:00:00+00:00,10000.0,12988.895058300945
2024-10-15 04:00:00+00:00,10000.0,12988.895058300945
2024-10-15 04:00:00+00:00,10000.0,12988.895058300945
2024-10-15 04:00:00+00:00,10000.0,12988.895058300945
2024-10-15 04:00:00+00:00,10000.0,12988.895058300945
2024-10-15 04:00:00+00:00,10000.0,12988.895058300945
2024-10-15 04:00:00+00:00,10000.0,12988.895058300945
2024-10-15 04:00:00+00:00,10000.0,12988.895058300945
2024-10-15 04:00:00+00:00,10000.0,12988.895058300945
2024-10-15 04:00:00+00:00,10000.0,12988.895058300945
2024-10-15 04:00:00+00:00,10000.0,12988.895058300945
2024-10-16 04:00:00+00:00,10000.0,12866.185452526375
2024-10-16 04:00:00+00:00,10000.0,12866.185452526375
2024-10-16 04:00:00+00:00,10000.0,12866.185452526375
2024-10-16 04:00:00+00:00,10000.0,12866.185452526375
2024-10-16 04:00:00+00:00,10000.0,12866.185452526375
2024-10-16 04:00:00+00:00,10000.0,12866.185452526375
2024-10-16 04:00:00+00:00,10000.0,12866.185452526375
2024-10-16 04:00:00+00:00,10000.0,12866.185452526375
2024-10-16 04:00:00+00:00,10000.0,12866.185452526375
2024-10-16 04:00:00+00:00,10000.0,12866.185452526375
2024-10-16 04:00:00+00:00,10000.0,12866.185452526375
2024-10-17 04:00:00+00:00,10000.0,12891.171571349249
2024-10-17 04:00:00+00:00,10000.0,12891.171571349249
2024-10-17 04:00:00+00:00,10000.0,12891.171571349249
2024-10-17 04:00:00+00:00,10000.0,12891.171571349249
2024-10-17 04:00:00+00:00,10000.0,12891.171571349249
2024-10-17 04:00:00+00:00,10000.0,12891.171571349249
2024-10-17 04:00:00+00:00,10000.0,12891.171571349249
2024-10-17 04:00:00+00:00,10000.0,12891.171571349249
2024-10-17 04:00:00+00:00,10000.0,12891.171571349249
2024-10-17 04:00:00+00:00,10000.0,12891.171571349249
2024-10-17 04:00:00+00:00,10000.0,12891.171571349249
2024-10-18 04:00:00+00:00,10000.0,13045.53026096613
2024-10-18 04:00:00+00:00,10000.0,13045.53026096613
2024-10-18 04:00:00+00:00,10000.0,13045.53026096613
2024-10-18 04:00:00+00:00,10000.0,13045.53026096613
2024-10-18 04:00:00+00:00,10000.0,13045.53026096613
2024-10-18 04:00:00+00:00,10000.0,13045.53026096613
2024-10-18 04:00:00+00:00,10000.0,13045.53026096613
2024-10-18 04:00:00+00:00,10000.0,13045.53026096613
2024-10-18 04:00:00+00:00,10000.0,13045.53026096613
2024-10-18 04:00:00+00:00,10000.0,13045.53026096613
2024-10-18 04:00:00+00:00,10000.0,13045.53026096613
2024-10-21 04:00:00+00:00,10000.0,13130.48306496391
2024-10-21 04:00:00+00:00,10000.0,13130.48306496391
2024-10-21 04:00:00+00:00,10000.0,13130.48306496391
2024-10-21 04:00:00+00:00,10000.0,13130.48306496391
2024-10-21 04:00:00+00:00,10000.0,13130.48306496391
2024-10-21 04:00:00+00:00,10000.0,13130.48306496391
2024-10-21 04:00:00+00:00,10000.0,13130.48306496391
2024-10-21 04:00:00+00:00,10000.0,13130.48306496391
2024-10-21 04:00:00+00:00,10000.0,13130.48306496391
2024-10-21 04:00:00+00:00,10000.0,13130.48306496391
2024-10-21 04:00:00+00:00,10000.0,13130.48306496391
2024-10-22 04:00:00+00:00,10000.0,13097.723486951694
2024-10-22 04:00:00+00:00,10000.0,13097.723486951694
2024-10-22 04:00:00+00:00,10000.0,13097.723486951694
2024-10-22 04:00:00+00:00,10000.0,13097.723486951694
2024-10-22 04:00:00+00:00,10000.0,13097.723486951694
2024-10-22 04:00:00+00:00,10000.0,13097.723486951694
2024-10-22 04:00:00+00:00,10000.0,13097.723486951694
2024-10-22 04:00:00+00:00,10000.0,13097.723486951694
2024-10-22 04:00:00+00:00,10000.0,13097.723486951694
2024-10-22 04:00:00+00:00,10000.0,13097.723486951694
2024-10-22 04:00:00+00:00,10000.0,13097.723486951694
2024-10-23 04:00:00+00:00,10000.0,12808.162132148807
2024-10-23 04:00:00+00:00,10000.0,12808.162132148807
2024-10-23 04:00:00+00:00,10000.0,12808.162132148807
2024-10-23 04:00:00+00:00,10000.0,12808.162132148807
2024-10-23 04:00:00+00:00,10000.0,12808.162132148807
2024-10-23 04:00:00+00:00,10000.0,12808.162132148807
2024-10-23 04:00:00+00:00,10000.0,12808.162132148807
2024-10-23 04:00:00+00:00,10000.0,12808.162132148807
2024-10-23 04:00:00+00:00,10000.0,12808.162132148807
2024-10-23 04:00:00+00:00,10000.0,12808.162132148807
2024-10-23 04:00:00+00:00,10000.0,12808.162132148807
2024-10-24 04:00:00+00:00,10000.0,12803.997779011659
2024-10-24 04:00:00+00:00,10000.0,12803.997779011659
2024-10-24 04:00:00+00:00,10000.0,12803.997779011659
2024-10-24 04:00:00+00:00,10000.0,12803.997779011659
2024-10-24 04:00:00+00:00,10000.0,12803.997779011659
2024-10-24 04:00:00+00:00,10000.0,12803.997779011659
2024-10-24 04:00:00+00:00,10000.0,12803.997779011659
2024-10-24 04:00:00+00:00,10000.0,12803.997779011659
2024-10-24 04:00:00+00:00,10000.0,12803.997779011659
2024-10-24 04:00:00+00:00,10000.0,12803.997779011659
2024-10-24 04:00:00+00:00,10000.0,12803.997779011659
2024-10-25 04:00:00+00:00,10000.0,12838.423098278736
2024-10-25 04:00:00+00:00,10000.0,12838.423098278736
2024-10-25 04:00:00+00:00,10000.0,12838.423098278736
2024-10-25 04:00:00+00:00,10000.0,12838.423098278736
2024-10-25 04:00:00+00:00,10000.0,12838.423098278736
2024-10-25 04:00:00+00:00,10000.0,12838.423098278736
2024-10-25 04:00:00+00:00,10000.0,12838.423098278736
2024-10-25 04:00:00+00:00,10000.0,12838.423098278736
2024-10-25 04:00:00+00:00,10000.0,12838.423098278736
2024-10-25 04:00:00+00:00,10000.0,12838.423098278736
2024-10-25 04:00:00+00:00,10000.0,12838.423098278736
2024-10-28 04:00:00+00:00,10000.0,12965.574680732925
2024-10-28 04:00:00+00:00,10000.0,12965.574680732925
2024-10-28 04:00:00+00:00,10000.0,12965.574680732925
2024-10-28 04:00:00+00:00,10000.0,12965.574680732925
2024-10-28 04:00:00+00:00,10000.0,12965.574680732925
2024-10-28 04:00:00+00:00,10000.0,12965.574680732925
2024-10-28 04:00:00+00:00,10000.0,12965.574680732925
2024-10-28 04:00:00+00:00,10000.0,12965.574680732925
2024-10-28 04:00:00+00:00,10000.0,12965.574680732925
2024-10-28 04:00:00+00:00,10000.0,12965.574680732925
2024-10-28 04:00:00+00:00,10000.0,12965.574680732925
2024-10-29 04:00:00+00:00,10000.0,12977.79011660189
2024-10-29 04:00:00+00:00,10000.0,12977.79011660189
2024-10-29 04:00:00+00:00,10000.0,12977.79011660189
2024-10-29 04:00:00+00:00,10000.0,12977.79011660189
2024-10-29 04:00:00+00:00,10000.0,12977.79011660189
2024-10-29 04:00:00+00:00,10000.0,12977.79011660189
2024-10-29 04:00:00+00:00,10000.0,12977.79011660189
2024-10-29 04:00:00+00:00,10000.0,12977.79011660189
2024-10-29 04:00:00+00:00,10000.0,12977.79011660189
2024-10-29 04:00:00+00:00,10000.0,12977.79011660189
2024-10-29 04:00:00+00:00,10000.0,12977.79011660189
2024-10-30 04:00:00+00:00,10000.0,12779.566907273736
2024-10-30 04:00:00+00:00,10000.0,12779.566907273736
2024-10-30 04:00:00+00:00,10000.0,12779.566907273736
2024-10-30 04:00:00+00:00,10000.0,12779.566907273736
2024-10-30 04:00:00+00:00,10000.0,12779.566907273736
2024-10-30 04:00:00+00:00,10000.0,12779.566907273736
2024-10-30 04:00:00+00:00,10000.0,12779.566907273736
2024-10-30 04:00:00+00:00,10000.0,12779.566907273736
2024-10-30 04:00:00+00:00,10000.0,12779.566907273736
2024-10-30 04:00:00+00:00,10000.0,12779.566907273736
2024-10-30 04:00:00+00:00,10000.0,12779.566907273736
2024-10-31 04:00:00+00:00,10000.0,12533.592448639645
2024-10-31 04:00:00+00:00,10000.0,12533.592448639645
2024-10-31 04:00:00+00:00,10000.0,12533.592448639645
2024-10-31 04:00:00+00:00,10000.0,12533.592448639645
2024-10-31 04:00:00+00:00,10000.0,12533.592448639645
2024-10-31 04:00:00+00:00,10000.0,12533.592448639645
2024-10-31 04:00:00+00:00,10000.0,12533.592448639645
2024-10-31 04:00:00+00:00,10000.0,12533.592448639645
2024-10-31 04:00:00+00:00,10000.0,12533.592448639645
2024-10-31 04:00:00+00:00,10000.0,12533.592448639645
2024-10-31 04:00:00+00:00,10000.0,12533.592448639645
2024-11-01 04:00:00+00:00,10000.0,12374.236535258191
2024-11-01 04:00:00+00:00,10000.0,12374.236535258191
2024-11-01 04:00:00+00:00,10000.0,12374.236535258191
2024-11-01 04:00:00+00:00,10000.0,12374.236535258191
2024-11-01 04:00:00+00:00,10000.0,12374.236535258191
2024-11-01 04:00:00+00:00,10000.0,12374.236535258191
2024-11-01 04:00:00+00:00,10000.0,12374.236535258191
2024-11-01 04:00:00+00:00,10000.0,12374.236535258191
2024-11-01 04:00:00+00:00,10000.0,12374.236535258191
2024-11-01 04:00:00+00:00,10000.0,12374.236535258191
2024-11-01 04:00:00+00:00,10000.0,12374.236535258191
2024-11-04 05:00:00+00:00,10000.0,12330.372015546918
2024-11-04 05:00:00+00:00,10000.0,12330.372015546918
2024-11-04 05:00:00+00:00,10000.0,12330.372015546918
2024-11-04 05:00:00+00:00,10000.0,12330.372015546918
2024-11-04 05:00:00+00:00,10000.0,12330.372015546918
2024-11-04 05:00:00+00:00,10000.0,12330.372015546918
2024-11-04 05:00:00+00:00,10000.0,12330.372015546918
2024-11-04 05:00:00+00:00,10000.0,12330.372015546918
2024-11-04 05:00:00+00:00,10000.0,12330.372015546918
2024-11-04 05:00:00+00:00,10000.0,12330.372015546918
2024-11-05 05:00:00+00:00,10000.0,12408.661854525262
2024-11-05 05:00:00+00:00,10000.0,12408.661854525262
2024-11-05 05:00:00+00:00,10000.0,12408.661854525262
2024-11-05 05:00:00+00:00,10000.0,12408.661854525262
2024-11-05 05:00:00+00:00,10000.0,12408.661854525262
2024-11-05 05:00:00+00:00,10000.0,12408.661854525262
2024-11-05 05:00:00+00:00,10000.0,12408.661854525262
2024-11-05 05:00:00+00:00,10000.0,12408.661854525262
2024-11-05 05:00:00+00:00,10000.0,12408.661854525262
2024-11-05 05:00:00+00:00,10000.0,12408.661854525262
2024-11-06 05:00:00+00:00,10000.0,12359.244863964464
2024-11-06 05:00:00+00:00,10000.0,12359.244863964464
2024-11-06 05:00:00+00:00,10000.0,12359.244863964464
2024-11-06 05:00:00+00:00,10000.0,12359.244863964464
2024-11-06 05:00:00+00:00,10000.0,12359.244863964464
2024-11-06 05:00:00+00:00,10000.0,12359.244863964464
2024-11-06 05:00:00+00:00,10000.0,12359.244863964464
2024-11-06 05:00:00+00:00,10000.0,12359.244863964464
2024-11-06 05:00:00+00:00,10000.0,12359.244863964464
2024-11-06 05:00:00+00:00,10000.0,12359.244863964464
2024-11-07 05:00:00+00:00,10000.0,12626.59633536924
2024-11-07 05:00:00+00:00,10000.0,12626.59633536924
2024-11-07 05:00:00+00:00,10000.0,12626.59633536924
2024-11-07 05:00:00+00:00,10000.0,12626.59633536924
2024-11-07 05:00:00+00:00,10000.0,12626.59633536924
2024-11-07 05:00:00+00:00,10000.0,12626.59633536924
2024-11-07 05:00:00+00:00,10000.0,12626.59633536924
2024-11-07 05:00:00+00:00,10000.0,12626.59633536924
2024-11-07 05:00:00+00:00,10000.0,12626.59633536924
2024-11-07 05:00:00+00:00,10000.0,12626.59633536924
2024-11-08 05:00:00+00:00,10000.0,12612.992781787894
2024-11-08 05:00:00+00:00,10000.0,12612.992781787894
2024-11-08 05:00:00+00:00,10000.0,12612.992781787894
2024-11-08 05:00:00+00:00,10000.0,12612.992781787894
2024-11-08 05:00:00+00:00,10000.0,12612.992781787894
2024-11-08 05:00:00+00:00,10000.0,12612.992781787894
2024-11-08 05:00:00+00:00,10000.0,12612.992781787894
2024-11-08 05:00:00+00:00,10000.0,12612.992781787894
2024-11-08 05:00:00+00:00,10000.0,12612.992781787894
2024-11-08 05:00:00+00:00,10000.0,12612.992781787894
2024-11-11 05:00:00+00:00,10000.0,12451.971127151583
2024-11-11 05:00:00+00:00,10000.0,12451.971127151583
2024-11-11 05:00:00+00:00,10000.0,12451.971127151583
2024-11-11 05:00:00+00:00,10000.0,12451.971127151583
2024-11-11 05:00:00+00:00,10000.0,12451.971127151583
2024-11-11 05:00:00+00:00,10000.0,12451.971127151583
2024-11-11 05:00:00+00:00,10000.0,12451.971127151583
2024-11-11 05:00:00+00:00,10000.0,12451.971127151583
2024-11-11 05:00:00+00:00,10000.0,12451.971127151583
2024-11-11 05:00:00+00:00,10000.0,12451.971127151583
2024-11-12 05:00:00+00:00,10000.0,12451.971127151583
2024-11-12 05:00:00+00:00,10000.0,12451.971127151583
2024-11-12 05:00:00+00:00,10000.0,12451.971127151583
2024-11-12 05:00:00+00:00,10000.0,12451.971127151583
2024-11-12 05:00:00+00:00,10000.0,12451.971127151583
2024-11-12 05:00:00+00:00,10000.0,12451.971127151583
2024-11-12 05:00:00+00:00,10000.0,12451.971127151583
2024-11-12 05:00:00+00:00,10000.0,12451.971127151583
2024-11-12 05:00:00+00:00,10000.0,12451.971127151583
2024-11-12 05:00:00+00:00,10000.0,12451.971127151583
2024-11-13 05:00:00+00:00,10000.0,12503.609106052194
2024-11-13 05:00:00+00:00,10000.0,12503.609106052194
2024-11-13 05:00:00+00:00,10000.0,12503.609106052194
2024-11-13 05:00:00+00:00,10000.0,12503.609106052194
2024-11-13 05:00:00+00:00,10000.0,12503.609106052194
2024-11-13 05:00:00+00:00,10000.0,12503.609106052194
2024-11-13 05:00:00+00:00,10000.0,12503.609106052194
2024-11-13 05:00:00+00:00,10000.0,12503.609106052194
2024-11-13 05:00:00+00:00,10000.0,12503.609106052194
2024-11-13 05:00:00+00:00,10000.0,12503.609106052194
2024-11-14 05:00:00+00:00,10000.0,12676.290949472517
2024-11-14 05:00:00+00:00,10000.0,12676.290949472517
2024-11-14 05:00:00+00:00,10000.0,12676.290949472517
2024-11-14 05:00:00+00:00,10000.0,12676.290949472517
2024-11-14 05:00:00+00:00,10000.0,12676.290949472517
2024-11-14 05:00:00+00:00,10000.0,12676.290949472517
2024-11-14 05:00:00+00:00,10000.0,12676.290949472517
2024-11-14 05:00:00+00:00,10000.0,12676.290949472517
2024-11-14 05:00:00+00:00,10000.0,12676.290949472517
2024-11-14 05:00:00+00:00,10000.0,12676.290949472517
2024-11-15 05:00:00+00:00,10000.0,12490.283176013327
2024-11-15 05:00:00+00:00,10000.0,12490.283176013327
2024-11-15 05:00:00+00:00,10000.0,12490.283176013327
2024-11-15 05:00:00+00:00,10000.0,12490.283176013327
2024-11-15 05:00:00+00:00,10000.0,12490.283176013327
2024-11-15 05:00:00+00:00,10000.0,12490.283176013327
2024-11-15 05:00:00+00:00,10000.0,12490.283176013327
2024-11-15 05:00:00+00:00,10000.0,12490.283176013327
2024-11-15 05:00:00+00:00,10000.0,12490.283176013327
2024-11-15 05:00:00+00:00,10000.0,12490.283176013327
2024-11-18 05:00:00+00:00,10000.0,12668.517490283175
2024-11-18 05:00:00+00:00,10000.0,12668.517490283175
2024-11-18 05:00:00+00:00,10000.0,12668.517490283175
2024-11-18 05:00:00+00:00,10000.0,12668.517490283175
2024-11-18 05:00:00+00:00,10000.0,12668.517490283175
2024-11-18 05:00:00+00:00,10000.0,12668.517490283175
2024-11-18 05:00:00+00:00,10000.0,12668.517490283175
2024-11-18 05:00:00+00:00,10000.0,12668.517490283175
2024-11-18 05:00:00+00:00,10000.0,12668.517490283175
2024-11-18 05:00:00+00:00,10000.0,12668.517490283175
2024-11-19 05:00:00+00:00,10000.0,12671.293725707941
2024-11-19 05:00:00+00:00,10000.0,12671.293725707941
2024-11-19 05:00:00+00:00,10000.0,12671.293725707941
2024-11-19 05:00:00+00:00,10000.0,12671.293725707941
2024-11-19 05:00:00+00:00,10000.0,12671.293725707941
2024-11-19 05:00:00+00:00,10000.0,12671.293725707941
2024-11-19 05:00:00+00:00,10000.0,12671.293725707941
2024-11-19 05:00:00+00:00,10000.0,12671.293725707941
2024-11-19 05:00:00+00:00,10000.0,12671.293725707941
2024-11-19 05:00:00+00:00,10000.0,12671.293725707941
2024-11-20 05:00:00+00:00,10000.0,12715.158245419212
2024-11-20 05:00:00+00:00,10000.0,12715.158245419212
2024-11-20 05:00:00+00:00,10000.0,12715.158245419212
2024-11-20 05:00:00+00:00,10000.0,12715.158245419212
2024-11-20 05:00:00+00:00,10000.0,12715.158245419212
2024-11-20 05:00:00+00:00,10000.0,12715.158245419212
2024-11-20 05:00:00+00:00,10000.0,12715.158245419212
2024-11-20 05:00:00+00:00,10000.0,12715.158245419212
2024-11-20 05:00:00+00:00,10000.0,12715.158245419212
2024-11-20 05:00:00+00:00,10000.0,12715.158245419212
2024-11-21 05:00:00+00:00,10000.0,12686.285397001666
2024-11-21 05:00:00+00:00,10000.0,12686.285397001666
2024-11-21 05:00:00+00:00,10000.0,12686.285397001666
2024-11-21 05:00:00+00:00,10000.0,12686.285397001666
2024-11-21 05:00:00+00:00,10000.0,12686.285397001666
2024-11-21 05:00:00+00:00,10000.0,12686.285397001666
2024-11-21 05:00:00+00:00,10000.0,12686.285397001666
2024-11-21 05:00:00+00:00,10000.0,12686.285397001666
2024-11-21 05:00:00+00:00,10000.0,12686.285397001666
2024-11-21 05:00:00+00:00,10000.0,12686.285397001666
2024-11-22 05:00:00+00:00,10000.0,12756.801776790671
2024-11-22 05:00:00+00:00,10000.0,12756.801776790671
2024-11-22 05:00:00+00:00,10000.0,12756.801776790671
2024-11-22 05:00:00+00:00,10000.0,12756.801776790671
2024-11-22 05:00:00+00:00,10000.0,12756.801776790671
2024-11-22 05:00:00+00:00,10000.0,12756.801776790671
2024-11-22 05:00:00+00:00,10000.0,12756.801776790671
2024-11-22 05:00:00+00:00,10000.0,12756.801776790671
2024-11-22 05:00:00+00:00,10000.0,12756.801776790671
2024-11-22 05:00:00+00:00,10000.0,12756.801776790671
2024-11-25 05:00:00+00:00,10000.0,12931.149361465852
2024-11-25 05:00:00+00:00,10000.0,12931.149361465852
2024-11-25 05:00:00+00:00,10000.0,12931.149361465852
2024-11-25 05:00:00+00:00,10000.0,12931.149361465852
2024-11-25 05:00:00+00:00,10000.0,12931.149361465852
2024-11-25 05:00:00+00:00,10000.0,12931.149361465852
2024-11-25 05:00:00+00:00,10000.0,12931.149361465852
2024-11-25 05:00:00+00:00,10000.0,12931.149361465852
2024-11-25 05:00:00+00:00,10000.0,12931.149361465852
2024-11-25 05:00:00+00:00,10000.0,12931.149361465852
2024-11-26 05:00:00+00:00,10000.0,13047.19600222099
2024-11-26 05:00:00+00:00,10000.0,13047.19600222099
2024-11-26 05:00:00+00:00,10000.0,13047.19600222099
2024-11-26 05:00:00+00:00,10000.0,13047.19600222099
2024-11-26 05:00:00+00:00,10000.0,13047.19600222099
2024-11-26 05:00:00+00:00,10000.0,13047.19600222099
2024-11-26 05:00:00+00:00,10000.0,13047.19600222099
2024-11-26 05:00:00+00:00,10000.0,13047.19600222099
2024-11-26 05:00:00+00:00,10000.0,13047.19600222099
2024-11-26 05:00:00+00:00,10000.0,13047.19600222099
2024-11-27 05:00:00+00:00,10000.0,13047.75124930594
2024-11-27 05:00:00+00:00,10000.0,13047.75124930594
2024-11-27 05:00:00+00:00,10000.0,13047.75124930594
2024-11-27 05:00:00+00:00,10000.0,13047.75124930594
2024-11-27 05:00:00+00:00,10000.0,13047.75124930594
2024-11-27 05:00:00+00:00,10000.0,13047.75124930594
2024-11-27 05:00:00+00:00,10000.0,13047.75124930594
2024-11-27 05:00:00+00:00,10000.0,13047.75124930594
2024-11-27 05:00:00+00:00,10000.0,13047.75124930594
2024-11-27 05:00:00+00:00,10000.0,13047.75124930594
2024-11-29 05:00:00+00:00,10000.0,13181.010549694614
2024-11-29 05:00:00+00:00,10000.0,13181.010549694614
2024-11-29 05:00:00+00:00,10000.0,13181.010549694614
2024-11-29 05:00:00+00:00,10000.0,13181.010549694614
2024-11-29 05:00:00+00:00,10000.0,13181.010549694614
2024-11-29 05:00:00+00:00,10000.0,13181.010549694614
2024-11-29 05:00:00+00:00,10000.0,13181.010549694614
2024-11-29 05:00:00+00:00,10000.0,13181.010549694614
2024-11-29 05:00:00+00:00,10000.0,13181.010549694614
2024-11-29 05:00:00+00:00,10000.0,13181.010549694614
2024-12-02 05:00:00+00:00,10000.0,13305.663520266517
2024-12-02 05:00:00+00:00,10000.0,13305.663520266517
2024-12-02 05:00:00+00:00,10000.0,13305.663520266517
2024-12-02 05:00:00+00:00,10000.0,13305.663520266517
2024-12-02 05:00:00+00:00,10000.0,13305.663520266517
2024-12-02 05:00:00+00:00,10000.0,13305.663520266517
2024-12-02 05:00:00+00:00,10000.0,13305.663520266517
2024-12-02 05:00:00+00:00,10000.0,13305.663520266517
2024-12-02 05:00:00+00:00,10000.0,13305.663520266517
2024-12-02 05:00:00+00:00,10000.0,13305.663520266517
2024-12-03 05:00:00+00:00,10000.0,13473.07051637979
2024-12-03 05:00:00+00:00,10000.0,13473.07051637979
2024-12-03 05:00:00+00:00,10000.0,13473.07051637979
2024-12-03 05:00:00+00:00,10000.0,13473.07051637979
2024-12-03 05:00:00+00:00,10000.0,13473.07051637979
2024-12-03 05:00:00+00:00,10000.0,13473.07051637979
2024-12-03 05:00:00+00:00,10000.0,13473.07051637979
2024-12-03 05:00:00+00:00,10000.0,13473.07051637979
2024-12-03 05:00:00+00:00,10000.0,13473.07051637979
2024-12-04 05:00:00+00:00,10000.0,13489.17268184342
2024-12-04 05:00:00+00:00,10000.0,13489.17268184342
2024-12-04 05:00:00+00:00,10000.0,13489.17268184342
2024-12-04 05:00:00+00:00,10000.0,13489.17268184342
2024-12-04 05:00:00+00:00,10000.0,13489.17268184342
2024-12-04 05:00:00+00:00,10000.0,13489.17268184342
2024-12-04 05:00:00+00:00,10000.0,13489.17268184342
2024-12-04 05:00:00+00:00,10000.0,13489.17268184342
2024-12-04 05:00:00+00:00,10000.0,13489.17268184342
2024-12-05 05:00:00+00:00,10000.0,13496.390893947808
2024-12-05 05:00:00+00:00,10000.0,13496.390893947808
2024-12-05 05:00:00+00:00,10000.0,13496.390893947808
2024-12-05 05:00:00+00:00,10000.0,13496.390893947808
2024-12-05 05:00:00+00:00,10000.0,13496.390893947808
2024-12-05 05:00:00+00:00,10000.0,13496.390893947808
2024-12-05 05:00:00+00:00,10000.0,13496.390893947808
2024-12-05 05:00:00+00:00,10000.0,13496.390893947808
2024-12-05 05:00:00+00:00,10000.0,13496.390893947808
2024-12-06 05:00:00+00:00,10000.0,13475.2915047196
2024-12-06 05:00:00+00:00,10000.0,13475.2915047196
2024-12-06 05:00:00+00:00,10000.0,13475.2915047196
2024-12-06 05:00:00+00:00,10000.0,13475.2915047196
2024-12-06 05:00:00+00:00,10000.0,13475.2915047196
2024-12-06 05:00:00+00:00,10000.0,13475.2915047196
2024-12-06 05:00:00+00:00,10000.0,13475.2915047196
2024-12-06 05:00:00+00:00,10000.0,13475.2915047196
2024-12-06 05:00:00+00:00,10000.0,13475.2915047196
2024-12-09 05:00:00+00:00,10000.0,13708.495280399777
2024-12-09 05:00:00+00:00,10000.0,13708.495280399777
2024-12-09 05:00:00+00:00,10000.0,13708.495280399777
2024-12-09 05:00:00+00:00,10000.0,13708.495280399777
2024-12-09 05:00:00+00:00,10000.0,13708.495280399777
2024-12-09 05:00:00+00:00,10000.0,13708.495280399777
2024-12-09 05:00:00+00:00,10000.0,13708.495280399777
2024-12-09 05:00:00+00:00,10000.0,13708.495280399777
2024-12-09 05:00:00+00:00,10000.0,13708.495280399777
2024-12-10 05:00:00+00:00,10000.0,13759.578012215437
2024-12-10 05:00:00+00:00,10000.0,13759.578012215437
2024-12-10 05:00:00+00:00,10000.0,13759.578012215437
2024-12-10 05:00:00+00:00,10000.0,13759.578012215437
2024-12-10 05:00:00+00:00,10000.0,13759.578012215437
2024-12-10 05:00:00+00:00,10000.0,13759.578012215437
2024-12-10 05:00:00+00:00,10000.0,13759.578012215437
2024-12-10 05:00:00+00:00,10000.0,13759.578012215437
2024-12-10 05:00:00+00:00,10000.0,13759.578012215437
2024-12-11 05:00:00+00:00,10000.0,13684.342032204333
2024-12-11 05:00:00+00:00,10000.0,13684.342032204333
2024-12-11 05:00:00+00:00,10000.0,13684.342032204333
2024-12-11 05:00:00+00:00,10000.0,13684.342032204333
2024-12-11 05:00:00+00:00,10000.0,13684.342032204333
2024-12-11 05:00:00+00:00,10000.0,13684.342032204333
2024-12-11 05:00:00+00:00,10000.0,13684.342032204333
2024-12-11 05:00:00+00:00,10000.0,13684.342032204333
2024-12-11 05:00:00+00:00,10000.0,13684.342032204333
2024-12-12 05:00:00+00:00,10000.0,13771.238200999445
2024-12-12 05:00:00+00:00,10000.0,13771.238200999445
2024-12-12 05:00:00+00:00,10000.0,13771.238200999445
2024-12-12 05:00:00+00:00,10000.0,13771.238200999445
2024-12-12 05:00:00+00:00,10000.0,13771.238200999445
2024-12-12 05:00:00+00:00,10000.0,13771.238200999445
2024-12-12 05:00:00+00:00,10000.0,13771.238200999445
2024-12-12 05:00:00+00:00,10000.0,13771.238200999445
2024-12-12 05:00:00+00:00,10000.0,13771.238200999445
2024-12-13 05:00:00+00:00,10000.0,13774.569683509164
2024-12-13 05:00:00+00:00,10000.0,13774.569683509164
2024-12-13 05:00:00+00:00,10000.0,13774.569683509164
2024-12-13 05:00:00+00:00,10000.0,13774.569683509164
2024-12-13 05:00:00+00:00,10000.0,13774.569683509164
2024-12-13 05:00:00+00:00,10000.0,13774.569683509164
2024-12-13 05:00:00+00:00,10000.0,13774.569683509164
2024-12-13 05:00:00+00:00,10000.0,13774.569683509164
2024-12-13 05:00:00+00:00,10000.0,13774.569683509164
2024-12-16 05:00:00+00:00,10000.0,13938.367573570238
2024-12-16 05:00:00+00:00,10000.0,13938.367573570238
2024-12-16 05:00:00+00:00,10000.0,13938.367573570238
2024-12-16 05:00:00+00:00,10000.0,13938.367573570238
2024-12-16 05:00:00+00:00,10000.0,13938.367573570238
2024-12-16 05:00:00+00:00,10000.0,13938.367573570238
2024-12-16 05:00:00+00:00,10000.0,13938.367573570238
2024-12-16 05:00:00+00:00,10000.0,13938.367573570238
2024-12-16 05:00:00+00:00,10000.0,13938.367573570238
2024-12-17 05:00:00+00:00,10000.0,14075.513603553582
2024-12-17 05:00:00+00:00,10000.0,14075.513603553582
2024-12-17 05:00:00+00:00,10000.0,14075.513603553582
2024-12-17 05:00:00+00:00,10000.0,14075.513603553582
2024-12-17 05:00:00+00:00,10000.0,14075.513603553582
2024-12-17 05:00:00+00:00,10000.0,14075.513603553582
2024-12-17 05:00:00+00:00,10000.0,14075.513603553582
2024-12-17 05:00:00+00:00,10000.0,14075.513603553582
2024-12-17 05:00:00+00:00,10000.0,14075.513603553582
2024-12-18 05:00:00+00:00,10000.0,13767.351471404774
2024-12-18 05:00:00+00:00,10000.0,13767.351471404774
2024-12-18 05:00:00+00:00,10000.0,13767.351471404774
2024-12-18 05:00:00+00:00,10000.0,13767.351471404774
2024-12-18 05:00:00+00:00,10000.0,13767.351471404774
2024-12-18 05:00:00+00:00,10000.0,13767.351471404774
2024-12-18 05:00:00+00:00,10000.0,13767.351471404774
2024-12-18 05:00:00+00:00,10000.0,13767.351471404774
2024-12-18 05:00:00+00:00,10000.0,13767.351471404774
2024-12-19 05:00:00+00:00,10000.0,13866.185452526373
2024-12-19 05:00:00+00:00,10000.0,13866.185452526373
2024-12-19 05:00:00+00:00,10000.0,13866.185452526373
2024-12-19 05:00:00+00:00,10000.0,13866.185452526373
2024-12-19 05:00:00+00:00,10000.0,13866.185452526373
2024-12-19 05:00:00+00:00,10000.0,13866.185452526373
2024-12-19 05:00:00+00:00,10000.0,13866.185452526373
2024-12-19 05:00:00+00:00,10000.0,13866.185452526373
2024-12-19 05:00:00+00:00,10000.0,13866.185452526373
2024-12-20 05:00:00+00:00,10000.0,14136.59078289839
2024-12-20 05:00:00+00:00,10000.0,14136.59078289839
2024-12-20 05:00:00+00:00,10000.0,14136.59078289839
2024-12-20 05:00:00+00:00,10000.0,14136.59078289839
2024-12-20 05:00:00+00:00,10000.0,14136.59078289839
2024-12-20 05:00:00+00:00,10000.0,14136.59078289839
2024-12-20 05:00:00+00:00,10000.0,14136.59078289839
2024-12-20 05:00:00+00:00,10000.0,14136.59078289839
2024-12-20 05:00:00+00:00,10000.0,14136.59078289839
2024-12-23 05:00:00+00:00,10000.0,14117.712382009995
2024-12-23 05:00:00+00:00,10000.0,14117.712382009995
2024-12-23 05:00:00+00:00,10000.0,14117.712382009995
2024-12-23 05:00:00+00:00,10000.0,14117.712382009995
2024-12-23 05:00:00+00:00,10000.0,14117.712382009995
2024-12-23 05:00:00+00:00,10000.0,14117.712382009995
2024-12-23 05:00:00+00:00,10000.0,14117.712382009995
2024-12-23 05:00:00+00:00,10000.0,14117.712382009995
2024-12-23 05:00:00+00:00,10000.0,14117.712382009995
2024-12-24 05:00:00+00:00,10000.0,14335.369239311494
2024-12-24 05:00:00+00:00,10000.0,14335.369239311494
2024-12-24 05:00:00+00:00,10000.0,14335.369239311494
2024-12-24 05:00:00+00:00,10000.0,14335.369239311494
2024-12-24 05:00:00+00:00,10000.0,14335.369239311494
2024-12-24 05:00:00+00:00,10000.0,14335.369239311494
2024-12-24 05:00:00+00:00,10000.0,14335.369239311494
2024-12-24 05:00:00+00:00,10000.0,14335.369239311494
2024-12-24 05:00:00+00:00,10000.0,14335.369239311494
2024-12-26 05:00:00+00:00,10000.0,14389.228206551914
2024-12-26 05:00:00+00:00,10000.0,14389.228206551914
2024-12-26 05:00:00+00:00,10000.0,14389.228206551914
2024-12-26 05:00:00+00:00,10000.0,14389.228206551914
2024-12-26 05:00:00+00:00,10000.0,14389.228206551914
2024-12-26 05:00:00+00:00,10000.0,14389.228206551914
2024-12-26 05:00:00+00:00,10000.0,14389.228206551914
2024-12-26 05:00:00+00:00,10000.0,14389.228206551914
2024-12-26 05:00:00+00:00,10000.0,14389.228206551914
2024-12-27 05:00:00+00:00,10000.0,14194.058856191004
2024-12-27 05:00:00+00:00,10000.0,14194.058856191004
2024-12-27 05:00:00+00:00,10000.0,14194.058856191004
2024-12-27 05:00:00+00:00,10000.0,14194.058856191004
2024-12-27 05:00:00+00:00,10000.0,14194.058856191004
2024-12-27 05:00:00+00:00,10000.0,14194.058856191004
2024-12-27 05:00:00+00:00,10000.0,14194.058856191004
2024-12-27 05:00:00+00:00,10000.0,14194.058856191004
2024-12-27 05:00:00+00:00,10000.0,14194.058856191004
2024-12-30 05:00:00+00:00,10000.0,14000.555247084954
2024-12-30 05:00:00+00:00,10000.0,14000.555247084954
2024-12-30 05:00:00+00:00,10000.0,14000.555247084954
2024-12-30 05:00:00+00:00,10000.0,14000.555247084954
2024-12-30 05:00:00+00:00,10000.0,14000.555247084954
2024-12-30 05:00:00+00:00,10000.0,14000.555247084954
2024-12-30 05:00:00+00:00,10000.0,14000.555247084954
2024-12-30 05:00:00+00:00,10000.0,14000.555247084954
2024-12-30 05:00:00+00:00,10000.0,14000.555247084954
2024-12-31 05:00:00+00:00,10000.0,13911.438089950028
2024-12-31 05:00:00+00:00,10000.0,13911.438089950028
2024-12-31 05:00:00+00:00,10000.0,13911.438089950028
2024-12-31 05:00:00+00:00,10000.0,13911.438089950028
2024-12-31 05:00:00+00:00,10000.0,13911.438089950028
2024-12-31 05:00:00+00:00,10000.0,13911.438089950028
2024-12-31 05:00:00+00:00,10000.0,13911.438089950028
2024-12-31 05:00:00+00:00,10000.0,13911.438089950028
2024-12-31 05:00:00+00:00,10000.0,13911.438089950028
2025-01-02 05:00:00+00:00,10000.0,13538.034425319267
2025-01-02 05:00:00+00:00,10000.0,13538.034425319267
2025-01-02 05:00:00+00:00,10000.0,13538.034425319267
2025-01-02 05:00:00+00:00,10000.0,13538.034425319267
2025-01-02 05:00:00+00:00,10000.0,13538.034425319267
2025-01-02 05:00:00+00:00,10000.0,13538.034425319267
2025-01-02 05:00:00+00:00,10000.0,13538.034425319267
2025-01-02 05:00:00+00:00,10000.0,13538.034425319267
2025-01-02 05:00:00+00:00,10000.0,13538.034425319267
2025-01-03 05:00:00+00:00,10000.0,13515.269294836204
2025-01-03 05:00:00+00:00,10000.0,13515.269294836204
2025-01-03 05:00:00+00:00,10000.0,13515.269294836204
2025-01-03 05:00:00+00:00,10000.0,13515.269294836204
2025-01-03 05:00:00+00:00,10000.0,13515.269294836204
2025-01-03 05:00:00+00:00,10000.0,13515.269294836204
2025-01-03 05:00:00+00:00,10000.0,13515.269294836204
2025-01-03 05:00:00+00:00,10000.0,13515.269294836204
2025-01-06 05:00:00+00:00,10000.0,13604.94169905608
2025-01-06 05:00:00+00:00,10000.0,13604.94169905608
2025-01-06 05:00:00+00:00,10000.0,13604.94169905608
2025-01-06 05:00:00+00:00,10000.0,13604.94169905608
2025-01-06 05:00:00+00:00,10000.0,13604.94169905608
2025-01-06 05:00:00+00:00,10000.0,13604.94169905608
2025-01-06 05:00:00+00:00,10000.0,13604.94169905608
2025-01-06 05:00:00+00:00,10000.0,13604.94169905608
2025-01-07 05:00:00+00:00,10000.0,13451.41588006663
2025-01-07 05:00:00+00:00,10000.0,13451.41588006663
2025-01-07 05:00:00+00:00,10000.0,13451.41588006663
2025-01-07 05:00:00+00:00,10000.0,13451.41588006663
2025-01-07 05:00:00+00:00,10000.0,13451.41588006663
2025-01-07 05:00:00+00:00,10000.0,13451.41588006663
2025-01-07 05:00:00+00:00,10000.0,13451.41588006663
2025-01-07 05:00:00+00:00,10000.0,13451.41588006663
2025-01-08 05:00:00+00:00,10000.0,13471.960022209883
2025-01-08 05:00:00+00:00,10000.0,13471.960022209883
2025-01-08 05:00:00+00:00,10000.0,13471.960022209883
2025-01-08 05:00:00+00:00,10000.0,13471.960022209883
2025-01-08 05:00:00+00:00,10000.0,13471.960022209883
2025-01-08 05:00:00+00:00,10000.0,13471.960022209883
2025-01-08 05:00:00+00:00,10000.0,13471.960022209883
2025-01-08 05:00:00+00:00,10000.0,13471.960022209883
2025-01-10 05:00:00+00:00,10000.0,13146.029983342587
2025-01-10 05:00:00+00:00,10000.0,13146.029983342587
2025-01-10 05:00:00+00:00,10000.0,13146.029983342587
2025-01-10 05:00:00+00:00,10000.0,13146.029983342587
2025-01-10 05:00:00+00:00,10000.0,13146.029983342587
2025-01-10 05:00:00+00:00,10000.0,13146.029983342587
2025-01-10 05:00:00+00:00,10000.0,13146.029983342587
2025-01-10 05:00:00+00:00,10000.0,13146.029983342587
2025-01-13 05:00:00+00:00,10000.0,13015.546918378679
2025-01-13 05:00:00+00:00,10000.0,13015.546918378679
2025-01-13 05:00:00+00:00,10000.0,13015.546918378679
2025-01-13 05:00:00+00:00,10000.0,13015.546918378679
2025-01-13 05:00:00+00:00,10000.0,13015.546918378679
2025-01-13 05:00:00+00:00,10000.0,13015.546918378679
2025-01-13 05:00:00+00:00,10000.0,13015.546918378679
2025-01-13 05:00:00+00:00,10000.0,13015.546918378679
2025-01-14 05:00:00+00:00,10000.0,12956.413103831206
2025-01-14 05:00:00+00:00,10000.0,12956.413103831206
2025-01-14 05:00:00+00:00,10000.0,12956.413103831206
2025-01-14 05:00:00+00:00,10000.0,12956.413103831206
2025-01-14 05:00:00+00:00,10000.0,12956.413103831206
2025-01-14 05:00:00+00:00,10000.0,12956.413103831206
2025-01-14 05:00:00+00:00,10000.0,12956.413103831206
2025-01-14 05:00:00+00:00,10000.0,12956.413103831206
2025-01-15 05:00:00+00:00,10000.0,13201.832315380345
2025-01-15 05:00:00+00:00,10000.0,13201.832315380345
2025-01-15 05:00:00+00:00,10000.0,13201.832315380345
2025-01-15 05:00:00+00:00,10000.0,13201.832315380345
2025-01-15 05:00:00+00:00,10000.0,13201.832315380345
2025-01-15 05:00:00+00:00,10000.0,13201.832315380345
2025-01-15 05:00:00+00:00,10000.0,13201.832315380345
2025-01-15 05:00:00+00:00,10000.0,13201.832315380345
2025-01-16 05:00:00+00:00,10000.0,12672.959466962799
2025-01-16 05:00:00+00:00,10000.0,12672.959466962799
2025-01-16 05:00:00+00:00,10000.0,12672.959466962799
2025-01-16 05:00:00+00:00,10000.0,12672.959466962799
2025-01-16 05:00:00+00:00,10000.0,12672.959466962799
2025-01-16 05:00:00+00:00,10000.0,12672.959466962799
2025-01-16 05:00:00+00:00,10000.0,12672.959466962799
2025-01-16 05:00:00+00:00,10000.0,12672.959466962799
2025-01-17 05:00:00+00:00,10000.0,12768.461965574683
2025-01-17 05:00:00+00:00,10000.0,12768.461965574683
2025-01-17 05:00:00+00:00,10000.0,12768.461965574683
2025-01-17 05:00:00+00:00,10000.0,12768.461965574683
2025-01-17 05:00:00+00:00,10000.0,12768.461965574683
2025-01-17 05:00:00+00:00,10000.0,12768.461965574683
2025-01-17 05:00:00+00:00,10000.0,12768.461965574683
2025-01-17 05:00:00+00:00,10000.0,12768.461965574683
2025-01-21 05:00:00+00:00,10000.0,12359.244863964464
2025-01-21 05:00:00+00:00,10000.0,12359.244863964464
2025-01-21 05:00:00+00:00,10000.0,12359.244863964464
2025-01-21 05:00:00+00:00,10000.0,12359.244863964464
2025-01-21 05:00:00+00:00,10000.0,12359.244863964464
2025-01-21 05:00:00+00:00,10000.0,12359.244863964464
2025-01-21 05:00:00+00:00,10000.0,12359.244863964464
2025-01-21 05:00:00+00:00,10000.0,12359.244863964464
2025-01-22 05:00:00+00:00,10000.0,12426.985008328706
2025-01-22 05:00:00+00:00,10000.0,12426.985008328706
2025-01-22 05:00:00+00:00,10000.0,12426.985008328706
2025-01-22 05:00:00+00:00,10000.0,12426.985008328706
2025-01-22 05:00:00+00:00,10000.0,12426.985008328706
2025-01-22 05:00:00+00:00,10000.0,12426.985008328706
2025-01-22 05:00:00+00:00,10000.0,12426.985008328706
2025-01-22 05:00:00+00:00,10000.0,12426.985008328706
2025-01-23 05:00:00+00:00,10000.0,12413.659078289838
2025-01-23 05:00:00+00:00,10000.0,12413.659078289838
2025-01-23 05:00:00+00:00,10000.0,12413.659078289838
2025-01-23 05:00:00+00:00,10000.0,12413.659078289838
2025-01-23 05:00:00+00:00,10000.0,12413.659078289838
2025-01-23 05:00:00+00:00,10000.0,12413.659078289838
2025-01-23 05:00:00+00:00,10000.0,12413.659078289838
2025-01-23 05:00:00+00:00,10000.0,12413.659078289838
2025-01-24 05:00:00+00:00,10000.0,12373.681288173237
2025-01-24 05:00:00+00:00,10000.0,12373.681288173237
2025-01-24 05:00:00+00:00,10000.0,12373.681288173237
2025-01-24 05:00:00+00:00,10000.0,12373.681288173237
2025-01-24 05:00:00+00:00,10000.0,12373.681288173237
2025-01-24 05:00:00+00:00,10000.0,12373.681288173237
2025-01-24 05:00:00+00:00,10000.0,12373.681288173237
2025-01-24 05:00:00+00:00,10000.0,12373.681288173237
2025-01-27 05:00:00+00:00,10000.0,12769.572459744588
2025-01-27 05:00:00+00:00,10000.0,12769.572459744588
2025-01-27 05:00:00+00:00,10000.0,12769.572459744588
2025-01-27 05:00:00+00:00,10000.0,12769.572459744588
2025-01-27 05:00:00+00:00,10000.0,12769.572459744588
2025-01-27 05:00:00+00:00,10000.0,12769.572459744588
2025-01-27 05:00:00+00:00,10000.0,12769.572459744588
2025-01-27 05:00:00+00:00,10000.0,12769.572459744588
2025-01-28 05:00:00+00:00,10000.0,13227.65130483065
2025-01-28 05:00:00+00:00,10000.0,13227.65130483065
2025-01-28 05:00:00+00:00,10000.0,13227.65130483065
2025-01-28 05:00:00+00:00,10000.0,13227.65130483065
2025-01-28 05:00:00+00:00,10000.0,13227.65130483065
2025-01-28 05:00:00+00:00,10000.0,13227.65130483065
2025-01-28 05:00:00+00:00,10000.0,13227.65130483065
2025-01-28 05:00:00+00:00,10000.0,13227.65130483065
2025-01-29 05:00:00+00:00,10000.0,13287.89561354803
2025-01-29 05:00:00+00:00,10000.0,13287.89561354803
2025-01-29 05:00:00+00:00,10000.0,13287.89561354803
2025-01-29 05:00:00+00:00,10000.0,13287.89561354803
2025-01-29 05:00:00+00:00,10000.0,13287.89561354803
2025-01-29 05:00:00+00:00,10000.0,13287.89561354803
2025-01-29 05:00:00+00:00,10000.0,13287.89561354803
2025-01-29 05:00:00+00:00,10000.0,13287.89561354803
2025-01-30 05:00:00+00:00,10000.0,13188.784008883953
2025-01-30 05:00:00+00:00,10000.0,13188.784008883953
2025-01-30 05:00:00+00:00,10000.0,13188.784008883953
2025-01-30 05:00:00+00:00,10000.0,13188.784008883953
2025-01-30 05:00:00+00:00,10000.0,13188.784008883953
2025-01-30 05:00:00+00:00,10000.0,13188.784008883953
2025-01-30 05:00:00+00:00,10000.0,13188.784008883953
2025-01-30 05:00:00+00:00,10000.0,13188.784008883953
2025-01-31 05:00:00+00:00,10000.0,13101.610216546364
2025-01-31 05:00:00+00:00,10000.0,13101.610216546364
2025-01-31 05:00:00+00:00,10000.0,13101.610216546364
2025-01-31 05:00:00+00:00,10000.0,13101.610216546364
2025-01-31 05:00:00+00:00,10000.0,13101.610216546364
2025-01-31 05:00:00+00:00,10000.0,13101.610216546364
2025-01-31 05:00:00+00:00,10000.0,13101.610216546364
2025-01-31 05:00:00+00:00,10000.0,13101.610216546364
2025-02-03 05:00:00+00:00,10000.0,12655.191560244308
2025-02-03 05:00:00+00:00,10000.0,12655.191560244308
2025-02-03 05:00:00+00:00,10000.0,12655.191560244308
2025-02-03 05:00:00+00:00,10000.0,12655.191560244308
2025-02-03 05:00:00+00:00,10000.0,12655.191560244308
2025-02-03 05:00:00+00:00,10000.0,12655.191560244308
2025-02-03 05:00:00+00:00,10000.0,12655.191560244308
2025-02-04 05:00:00+00:00,10000.0,12926.707384786232
2025-02-04 05:00:00+00:00,10000.0,12926.707384786232
2025-02-04 05:00:00+00:00,10000.0,12926.707384786232
2025-02-04 05:00:00+00:00,10000.0,12926.707384786232
2025-02-04 05:00:00+00:00,10000.0,12926.707384786232
2025-02-04 05:00:00+00:00,10000.0,12926.707384786232
2025-02-04 05:00:00+00:00,10000.0,12926.707384786232
2025-02-05 05:00:00+00:00,10000.0,12906.71848972793
2025-02-05 05:00:00+00:00,10000.0,12906.71848972793
2025-02-05 05:00:00+00:00,10000.0,12906.71848972793
2025-02-05 05:00:00+00:00,10000.0,12906.71848972793
2025-02-05 05:00:00+00:00,10000.0,12906.71848972793
2025-02-05 05:00:00+00:00,10000.0,12906.71848972793
2025-02-05 05:00:00+00:00,10000.0,12906.71848972793
2025-02-06 05:00:00+00:00,10000.0,12946.973903387008
2025-02-06 05:00:00+00:00,10000.0,12946.973903387008
2025-02-06 05:00:00+00:00,10000.0,12946.973903387008
2025-02-06 05:00:00+00:00,10000.0,12946.973903387008
2025-02-06 05:00:00+00:00,10000.0,12946.973903387008
2025-02-06 05:00:00+00:00,10000.0,12946.973903387008
2025-02-06 05:00:00+00:00,10000.0,12946.973903387008
2025-02-07 05:00:00+00:00,10000.0,12641.865630205442
2025-02-07 05:00:00+00:00,10000.0,12641.865630205442
2025-02-07 05:00:00+00:00,10000.0,12641.865630205442
2025-02-07 05:00:00+00:00,10000.0,12641.865630205442
2025-02-07 05:00:00+00:00,10000.0,12641.865630205442
2025-02-07 05:00:00+00:00,10000.0,12641.865630205442
2025-02-07 05:00:00+00:00,10000.0,12641.865630205442
2025-02-10 05:00:00+00:00,10000.0,12640.755136035536
2025-02-10 05:00:00+00:00,10000.0,12640.755136035536
2025-02-10 05:00:00+00:00,10000.0,12640.755136035536
2025-02-10 05:00:00+00:00,10000.0,12640.755136035536
2025-02-10 05:00:00+00:00,10000.0,12640.755136035536
2025-02-10 05:00:00+00:00,10000.0,12640.755136035536
2025-02-10 05:00:00+00:00,10000.0,12640.755136035536
2025-02-11 05:00:00+00:00,10000.0,12914.491948917268
2025-02-11 05:00:00+00:00,10000.0,12914.491948917268
2025-02-11 05:00:00+00:00,10000.0,12914.491948917268
2025-02-11 05:00:00+00:00,10000.0,12914.491948917268
2025-02-11 05:00:00+00:00,10000.0,12914.491948917268
2025-02-11 05:00:00+00:00,10000.0,12914.491948917268
2025-02-11 05:00:00+00:00,10000.0,12914.491948917268
2025-02-12 05:00:00+00:00,10000.0,13149.916712937258
2025-02-12 05:00:00+00:00,10000.0,13149.916712937258
2025-02-12 05:00:00+00:00,10000.0,13149.916712937258
2025-02-12 05:00:00+00:00,10000.0,13149.916712937258
2025-02-12 05:00:00+00:00,10000.0,13149.916712937258
2025-02-12 05:00:00+00:00,10000.0,13149.916712937258
2025-02-12 05:00:00+00:00,10000.0,13149.916712937258
2025-02-13 05:00:00+00:00,10000.0,13408.661854525266
2025-02-13 05:00:00+00:00,10000.0,13408.661854525266
2025-02-13 05:00:00+00:00,10000.0,13408.661854525266
2025-02-13 05:00:00+00:00,10000.0,13408.661854525266
2025-02-13 05:00:00+00:00,10000.0,13408.661854525266
2025-02-13 05:00:00+00:00,10000.0,13408.661854525266
2025-02-13 05:00:00+00:00,10000.0,13408.661854525266
2025-02-14 05:00:00+00:00,10000.0,13581.343697945586
2025-02-14 05:00:00+00:00,10000.0,13581.343697945586
2025-02-14 05:00:00+00:00,10000.0,13581.343697945586
2025-02-14 05:00:00+00:00,10000.0,13581.343697945586
2025-02-14 05:00:00+00:00,10000.0,13581.343697945586
2025-02-14 05:00:00+00:00,10000.0,13581.343697945586
2025-02-14 05:00:00+00:00,10000.0,13581.343697945586
2025-02-18 05:00:00+00:00,10000.0,13573.014991671293
2025-02-18 05:00:00+00:00,10000.0,13573.014991671293
2025-02-18 05:00:00+00:00,10000.0,13573.014991671293
2025-02-18 05:00:00+00:00,10000.0,13573.014991671293
2025-02-18 05:00:00+00:00,10000.0,13573.014991671293
2025-02-18 05:00:00+00:00,10000.0,13573.014991671293
2025-02-18 05:00:00+00:00,10000.0,13573.014991671293
2025-02-19 05:00:00+00:00,10000.0,13598.001110494171
2025-02-19 05:00:00+00:00,10000.0,13598.001110494171
2025-02-19 05:00:00+00:00,10000.0,13598.001110494171
2025-02-19 05:00:00+00:00,10000.0,13598.001110494171
2025-02-19 05:00:00+00:00,10000.0,13598.001110494171
2025-02-19 05:00:00+00:00,10000.0,13598.001110494171
2025-02-19 05:00:00+00:00,10000.0,13598.001110494171
2025-02-20 05:00:00+00:00,10000.0,13650.194336479735
2025-02-20 05:00:00+00:00,10000.0,13650.194336479735
2025-02-20 05:00:00+00:00,10000.0,13650.194336479735
2025-02-20 05:00:00+00:00,10000.0,13650.194336479735
2025-02-20 05:00:00+00:00,10000.0,13650.194336479735
2025-02-20 05:00:00+00:00,10000.0,13650.194336479735
2025-02-20 05:00:00+00:00,10000.0,13650.194336479735
2025-02-21 05:00:00+00:00,10000.0,13641.310383120488
2025-02-21 05:00:00+00:00,10000.0,13641.310383120488
2025-02-21 05:00:00+00:00,10000.0,13641.310383120488
2025-02-21 05:00:00+00:00,10000.0,13641.310383120488
2025-02-21 05:00:00+00:00,10000.0,13641.310383120488
2025-02-21 05:00:00+00:00,10000.0,13641.310383120488
2025-02-21 05:00:00+00:00,10000.0,13641.310383120488
2025-02-24 05:00:00+00:00,10000.0,13725.430316490838
2025-02-24 05:00:00+00:00,10000.0,13725.430316490838
2025-02-24 05:00:00+00:00,10000.0,13725.430316490838
2025-02-24 05:00:00+00:00,10000.0,13725.430316490838
2025-02-24 05:00:00+00:00,10000.0,13725.430316490838
2025-02-24 05:00:00+00:00,10000.0,13725.430316490838
2025-02-24 05:00:00+00:00,10000.0,13725.430316490838
2025-02-25 05:00:00+00:00,10000.0,13722.931704608553
2025-02-25 05:00:00+00:00,10000.0,13722.931704608553
2025-02-25 05:00:00+00:00,10000.0,13722.931704608553
2025-02-25 05:00:00+00:00,10000.0,13722.931704608553
2025-02-25 05:00:00+00:00,10000.0,13722.931704608553
2025-02-25 05:00:00+00:00,10000.0,13722.931704608553
2025-02-25 05:00:00+00:00,10000.0,13722.931704608553
2025-02-26 05:00:00+00:00,10000.0,13347.029428095502
2025-02-26 05:00:00+00:00,10000.0,13347.029428095502
2025-02-26 05:00:00+00:00,10000.0,13347.029428095502
2025-02-26 05:00:00+00:00,10000.0,13347.029428095502
2025-02-26 05:00:00+00:00,10000.0,13347.029428095502
2025-02-26 05:00:00+00:00,10000.0,13347.029428095502
2025-02-26 05:00:00+00:00,10000.0,13347.029428095502
2025-02-27 05:00:00+00:00,10000.0,13186.563020544141
2025-02-27 05:00:00+00:00,10000.0,13186.563020544141
2025-02-27 05:00:00+00:00,10000.0,13186.563020544141
2025-02-27 05:00:00+00:00,10000.0,13186.563020544141
2025-02-27 05:00:00+00:00,10000.0,13186.563020544141
2025-02-27 05:00:00+00:00,10000.0,13186.563020544141
2025-02-27 05:00:00+00:00,10000.0,13186.563020544141
2025-02-28 05:00:00+00:00,10000.0,13401.99888950583
2025-02-28 05:00:00+00:00,10000.0,13401.99888950583
2025-02-28 05:00:00+00:00,10000.0,13401.99888950583
2025-02-28 05:00:00+00:00,10000.0,13401.99888950583
2025-02-28 05:00:00+00:00,10000.0,13401.99888950583
2025-02-28 05:00:00+00:00,10000.0,13401.99888950583
2025-02-28 05:00:00+00:00,10000.0,13401.99888950583
2025-03-03 05:00:00+00:00,10000.0,13220.155469183788
2025-03-03 05:00:00+00:00,10000.0,13220.155469183788
2025-03-03 05:00:00+00:00,10000.0,13220.155469183788
2025-03-03 05:00:00+00:00,10000.0,13220.155469183788
2025-03-03 05:00:00+00:00,10000.0,13220.155469183788
2025-03-03 05:00:00+00:00,10000.0,13220.155469183788
2025-03-03 05:00:00+00:00,10000.0,13220.155469183788
2025-03-04 05:00:00+00:00,10000.0,13105.496946141033
2025-03-04 05:00:00+00:00,10000.0,13105.496946141033
2025-03-04 05:00:00+00:00,10000.0,13105.496946141033
2025-03-04 05:00:00+00:00,10000.0,13105.496946141033
2025-03-04 05:00:00+00:00,10000.0,13105.496946141033
2025-03-04 05:00:00+00:00,10000.0,13105.496946141033
2025-03-04 05:00:00+00:00,10000.0,13105.496946141033
2025-03-05 05:00:00+00:00,10000.0,13084.397556912829
2025-03-05 05:00:00+00:00,10000.0,13084.397556912829
2025-03-05 05:00:00+00:00,10000.0,13084.397556912829
2025-03-05 05:00:00+00:00,10000.0,13084.397556912829
2025-03-05 05:00:00+00:00,10000.0,13084.397556912829
2025-03-05 05:00:00+00:00,10000.0,13084.397556912829
2025-03-05 05:00:00+00:00,10000.0,13084.397556912829
2025-03-06 05:00:00+00:00,10000.0,13067.740144364241
2025-03-06 05:00:00+00:00,10000.0,13067.740144364241
2025-03-06 05:00:00+00:00,10000.0,13067.740144364241
2025-03-06 05:00:00+00:00,10000.0,13067.740144364241
2025-03-06 05:00:00+00:00,10000.0,13067.740144364241
2025-03-06 05:00:00+00:00,10000.0,13067.740144364241
2025-03-07 05:00:00+00:00,10000.0,13270.405330372016
2025-03-07 05:00:00+00:00,10000.0,13270.405330372016
2025-03-07 05:00:00+00:00,10000.0,13270.405330372016
2025-03-07 05:00:00+00:00,10000.0,13270.405330372016
2025-03-07 05:00:00+00:00,10000.0,13270.405330372016
2025-03-07 05:00:00+00:00,10000.0,13270.405330372016
2025-03-10 04:00:00+00:00,10000.0,12635.75791227096
2025-03-10 04:00:00+00:00,10000.0,12635.75791227096
2025-03-10 04:00:00+00:00,10000.0,12635.75791227096
2025-03-10 04:00:00+00:00,10000.0,12635.75791227096
2025-03-10 04:00:00+00:00,10000.0,12635.75791227096
2025-03-10 04:00:00+00:00,10000.0,12635.75791227096
2025-03-11 04:00:00+00:00,10000.0,12266.518600777345
2025-03-11 04:00:00+00:00,10000.0,12266.518600777345
2025-03-11 04:00:00+00:00,10000.0,12266.518600777345
2025-03-11 04:00:00+00:00,10000.0,12266.518600777345
2025-03-11 04:00:00+00:00,10000.0,12266.518600777345
2025-03-11 04:00:00+00:00,10000.0,12266.518600777345
2025-03-12 04:00:00+00:00,10000.0,12045.807884508606
2025-03-12 04:00:00+00:00,10000.0,12045.807884508606
2025-03-12 04:00:00+00:00,10000.0,12045.807884508606
2025-03-12 04:00:00+00:00,10000.0,12045.807884508606
2025-03-12 04:00:00+00:00,10000.0,12045.807884508606
2025-03-12 04:00:00+00:00,10000.0,12045.807884508606
2025-03-13 04:00:00+00:00,10000.0,11642.976124375347
2025-03-13 04:00:00+00:00,10000.0,11642.976124375347
2025-03-13 04:00:00+00:00,10000.0,11642.976124375347
2025-03-13 04:00:00+00:00,10000.0,11642.976124375347
2025-03-13 04:00:00+00:00,10000.0,11642.976124375347
2025-03-13 04:00:00+00:00,10000.0,11642.976124375347
2025-03-14 04:00:00+00:00,10000.0,11846.751804553027
2025-03-14 04:00:00+00:00,10000.0,11846.751804553027
2025-03-14 04:00:00+00:00,10000.0,11846.751804553027
2025-03-14 04:00:00+00:00,10000.0,11846.751804553027
2025-03-14 04:00:00+00:00,10000.0,11846.751804553027
2025-03-14 04:00:00+00:00,10000.0,11846.751804553027
2025-03-17 04:00:00+00:00,10000.0,11891.726818434203
2025-03-17 04:00:00+00:00,10000.0,11891.726818434203
2025-03-17 04:00:00+00:00,10000.0,11891.726818434203
2025-03-17 04:00:00+00:00,10000.0,11891.726818434203
2025-03-17 04:00:00+00:00,10000.0,11891.726818434203
2025-03-17 04:00:00+00:00,10000.0,11891.726818434203
2025-03-18 04:00:00+00:00,10000.0,11815.102720710714
2025-03-18 04:00:00+00:00,10000.0,11815.102720710714
2025-03-18 04:00:00+00:00,10000.0,11815.102720710714
2025-03-18 04:00:00+00:00,10000.0,11815.102720710714
2025-03-18 04:00:00+00:00,10000.0,11815.102720710714
2025-03-18 04:00:00+00:00,10000.0,11815.102720710714
2025-03-19 04:00:00+00:00,10000.0,11955.580233203775
2025-03-19 04:00:00+00:00,10000.0,11955.580233203775
2025-03-19 04:00:00+00:00,10000.0,11955.580233203775
2025-03-19 04:00:00+00:00,10000.0,11955.580233203775
2025-03-19 04:00:00+00:00,10000.0,11955.580233203775
2025-03-19 04:00:00+00:00,10000.0,11955.580233203775
2025-03-20 04:00:00+00:00,10000.0,11889.505830094391
2025-03-20 04:00:00+00:00,10000.0,11889.505830094391
2025-03-20 04:00:00+00:00,10000.0,11889.505830094391
2025-03-20 04:00:00+00:00,10000.0,11889.505830094391
2025-03-20 04:00:00+00:00,10000.0,11889.505830094391
2025-03-20 04:00:00+00:00,10000.0,11889.505830094391
2025-03-21 04:00:00+00:00,10000.0,12116.601887840088
2025-03-21 04:00:00+00:00,10000.0,12116.601887840088
2025-03-21 04:00:00+00:00,10000.0,12116.601887840088
2025-03-21 04:00:00+00:00,10000.0,12116.601887840088
2025-03-21 04:00:00+00:00,10000.0,12116.601887840088
2025-03-21 04:00:00+00:00,10000.0,12116.601887840088
2025-03-24 04:00:00+00:00,10000.0,12234.314269850083
2025-03-24 04:00:00+00:00,10000.0,12234.314269850083
2025-03-24 04:00:00+00:00,10000.0,12234.314269850083
2025-03-24 04:00:00+00:00,10000.0,12234.314269850083
2025-03-24 04:00:00+00:00,10000.0,12234.314269850083
2025-03-24 04:00:00+00:00,10000.0,12234.314269850083
2025-03-25 04:00:00+00:00,10000.0,12421.987784564133
2025-03-25 04:00:00+00:00,10000.0,12421.987784564133
2025-03-25 04:00:00+00:00,10000.0,12421.987784564133
2025-03-25 04:00:00+00:00,10000.0,12421.987784564133
2025-03-25 04:00:00+00:00,10000.0,12421.987784564133
2025-03-25 04:00:00+00:00,10000.0,12421.987784564133
2025-03-26 04:00:00+00:00,10000.0,12293.17046085508
2025-03-26 04:00:00+00:00,10000.0,12293.17046085508
2025-03-26 04:00:00+00:00,10000.0,12293.17046085508
2025-03-26 04:00:00+00:00,10000.0,12293.17046085508
2025-03-26 04:00:00+00:00,10000.0,12293.17046085508
2025-03-26 04:00:00+00:00,10000.0,12293.17046085508
2025-03-27 04:00:00+00:00,10000.0,12423.098278734036
2025-03-27 04:00:00+00:00,10000.0,12423.098278734036
2025-03-27 04:00:00+00:00,10000.0,12423.098278734036
2025-03-27 04:00:00+00:00,10000.0,12423.098278734036
2025-03-27 04:00:00+00:00,10000.0,12423.098278734036
2025-03-27 04:00:00+00:00,10000.0,12423.098278734036
2025-03-28 04:00:00+00:00,10000.0,12094.392004441976
2025-03-28 04:00:00+00:00,10000.0,12094.392004441976
2025-03-28 04:00:00+00:00,10000.0,12094.392004441976
2025-03-28 04:00:00+00:00,10000.0,12094.392004441976
2025-03-28 04:00:00+00:00,10000.0,12094.392004441976
2025-03-28 04:00:00+00:00,10000.0,12094.392004441976
2025-03-31 04:00:00+00:00,10000.0,12330.094392004443
2025-03-31 04:00:00+00:00,10000.0,12330.094392004443
2025-03-31 04:00:00+00:00,10000.0,12330.094392004443
2025-03-31 04:00:00+00:00,10000.0,12330.094392004443
2025-03-31 04:00:00+00:00,10000.0,12330.094392004443
2025-03-31 04:00:00+00:00,10000.0,12330.094392004443
2025-04-01 04:00:00+00:00,10000.0,12393.114936146585
2025-04-01 04:00:00+00:00,10000.0,12393.114936146585
2025-04-01 04:00:00+00:00,10000.0,12393.114936146585
2025-04-01 04:00:00+00:00,10000.0,12393.114936146585
2025-04-01 04:00:00+00:00,10000.0,12393.114936146585
2025-04-01 04:00:00+00:00,10000.0,12393.114936146585
2025-04-02 04:00:00+00:00,10000.0,12426.429761243753
2025-04-02 04:00:00+00:00,10000.0,12426.429761243753
2025-04-02 04:00:00+00:00,10000.0,12426.429761243753
2025-04-02 04:00:00+00:00,10000.0,12426.429761243753
2025-04-02 04:00:00+00:00,10000.0,12426.429761243753
2025-04-02 04:00:00+00:00,10000.0,12426.429761243753
2025-04-03 04:00:00+00:00,10000.0,11272.071071626875
2025-04-03 04:00:00+00:00,10000.0,11272.071071626875
2025-04-03 04:00:00+00:00,10000.0,11272.071071626875
2025-04-03 04:00:00+00:00,10000.0,11272.071071626875
2025-04-03 04:00:00+00:00,10000.0,11272.071071626875
2025-04-03 04:00:00+00:00,10000.0,11272.071071626875
2025-04-04 04:00:00+00:00,10000.0,10466.407551360355
2025-04-04 04:00:00+00:00,10000.0,10466.407551360355
2025-04-04 04:00:00+00:00,10000.0,10466.407551360355
2025-04-04 04:00:00+00:00,10000.0,10466.407551360355
2025-04-04 04:00:00+00:00,10000.0,10466.407551360355
2025-04-04 04:00:00+00:00,10000.0,10466.407551360355
2025-04-07 04:00:00+00:00,10000.0,10082.176568573015
2025-04-07 04:00:00+00:00,10000.0,10082.176568573015
2025-04-07 04:00:00+00:00,10000.0,10082.176568573015
2025-04-07 04:00:00+00:00,10000.0,10082.176568573015
2025-04-07 04:00:00+00:00,10000.0,10082.176568573015
2025-04-08 04:00:00+00:00,10000.0,9594.669627984455
2025-04-08 04:00:00+00:00,10000.0,9594.669627984455
2025-04-08 04:00:00+00:00,10000.0,9594.669627984455
2025-04-08 04:00:00+00:00,10000.0,9594.669627984455
2025-04-08 04:00:00+00:00,10000.0,9594.669627984455
2025-04-09 04:00:00+00:00,10000.0,11019.433647973348
2025-04-09 04:00:00+00:00,10000.0,11019.433647973348
2025-04-09 04:00:00+00:00,10000.0,11019.433647973348
2025-04-09 04:00:00+00:00,10000.0,11019.433647973348
2025-04-09 04:00:00+00:00,10000.0,11019.433647973348
2025-04-10 04:00:00+00:00,10000.0,10584.675180455302
2025-04-10 04:00:00+00:00,10000.0,10584.675180455302
2025-04-10 04:00:00+00:00,10000.0,10584.675180455302
2025-04-10 04:00:00+00:00,10000.0,10584.675180455302
2025-04-10 04:00:00+00:00,10000.0,10584.675180455302
2025-04-11 04:00:00+00:00,10000.0,11002.220988339812
2025-04-11 04:00:00+00:00,10000.0,11002.220988339812
2025-04-11 04:00:00+00:00,10000.0,11002.220988339812
2025-04-11 04:00:00+00:00,10000.0,11002.220988339812
2025-04-11 04:00:00+00:00,10000.0,11002.220988339812
2025-04-14 04:00:00+00:00,10000.0,11249.861188228762
2025-04-14 04:00:00+00:00,10000.0,11249.861188228762
2025-04-14 04:00:00+00:00,10000.0,11249.861188228762
2025-04-14 04:00:00+00:00,10000.0,11249.861188228762
2025-04-14 04:00:00+00:00,10000.0,11249.861188228762
2025-04-15 04:00:00+00:00,10000.0,11223.764575235979
2025-04-15 04:00:00+00:00,10000.0,11223.764575235979
2025-04-15 04:00:00+00:00,10000.0,11223.764575235979
2025-04-15 04:00:00+00:00,10000.0,11223.764575235979
2025-04-15 04:00:00+00:00,10000.0,11223.764575235979
2025-04-16 04:00:00+00:00,10000.0,10786.785119378124
2025-04-16 04:00:00+00:00,10000.0,10786.785119378124
2025-04-16 04:00:00+00:00,10000.0,10786.785119378124
2025-04-16 04:00:00+00:00,10000.0,10786.785119378124
2025-04-16 04:00:00+00:00,10000.0,10786.785119378124
2025-04-17 04:00:00+00:00,10000.0,10932.259855635757
2025-04-17 04:00:00+00:00,10000.0,10932.259855635757
2025-04-17 04:00:00+00:00,10000.0,10932.259855635757
2025-04-17 04:00:00+00:00,10000.0,10932.259855635757
2025-04-17 04:00:00+00:00,10000.0,10932.259855635757
2025-04-21 04:00:00+00:00,10000.0,10730.149916712937
2025-04-21 04:00:00+00:00,10000.0,10730.149916712937
2025-04-21 04:00:00+00:00,10000.0,10730.149916712937
2025-04-21 04:00:00+00:00,10000.0,10730.149916712937
2025-04-21 04:00:00+00:00,10000.0,10730.149916712937
2025-04-22 04:00:00+00:00,10000.0,11080.510827318158
2025-04-22 04:00:00+00:00,10000.0,11080.510827318158
2025-04-22 04:00:00+00:00,10000.0,11080.510827318158
2025-04-22 04:00:00+00:00,10000.0,11080.510827318158
2025-04-22 04:00:00+00:00,10000.0,11080.510827318158
2025-04-23 04:00:00+00:00,10000.0,11345.363686840647
2025-04-23 04:00:00+00:00,10000.0,11345.363686840647
2025-04-23 04:00:00+00:00,10000.0,11345.363686840647
2025-04-23 04:00:00+00:00,10000.0,11345.363686840647
2025-04-23 04:00:00+00:00,10000.0,11345.363686840647
2025-04-24 04:00:00+00:00,10000.0,11560.24430871738
2025-04-24 04:00:00+00:00,10000.0,11560.24430871738
2025-04-24 04:00:00+00:00,10000.0,11560.24430871738
2025-04-24 04:00:00+00:00,10000.0,11560.24430871738
2025-04-24 04:00:00+00:00,10000.0,11560.24430871738
2025-04-25 04:00:00+00:00,10000.0,11614.658523042755
2025-04-25 04:00:00+00:00,10000.0,11614.658523042755
2025-04-25 04:00:00+00:00,10000.0,11614.658523042755
2025-04-25 04:00:00+00:00,10000.0,11614.658523042755
2025-04-25 04:00:00+00:00,10000.0,11614.658523042755
2025-04-28 04:00:00+00:00,10000.0,11664.630760688508
2025-04-28 04:00:00+00:00,10000.0,11664.630760688508
2025-04-28 04:00:00+00:00,10000.0,11664.630760688508
2025-04-28 04:00:00+00:00,10000.0,11664.630760688508
2025-04-28 04:00:00+00:00,10000.0,11664.630760688508
2025-04-29 04:00:00+00:00,10000.0,11727.928928373125
2025-04-29 04:00:00+00:00,10000.0,11727.928928373125
2025-04-29 04:00:00+00:00,10000.0,11727.928928373125
2025-04-29 04:00:00+00:00,10000.0,11727.928928373125
2025-04-29 04:00:00+00:00,10000.0,11727.928928373125
2025-04-30 04:00:00+00:00,10000.0,11788.173237090507
2025-04-30 04:00:00+00:00,10000.0,11788.173237090507
2025-04-30 04:00:00+00:00,10000.0,11788.173237090507
2025-04-30 04:00:00+00:00,10000.0,11788.173237090507
2025-04-30 04:00:00+00:00,10000.0,11788.173237090507
2025-05-01 04:00:00+00:00,10000.0,11828.428650749585
2025-05-01 04:00:00+00:00,10000.0,11828.428650749585
2025-05-01 04:00:00+00:00,10000.0,11828.428650749585
2025-05-01 04:00:00+00:00,10000.0,11828.428650749585
2025-05-01 04:00:00+00:00,10000.0,11828.428650749585
2025-05-02 04:00:00+00:00,10000.0,11399.777901166019
2025-05-02 04:00:00+00:00,10000.0,11399.777901166019
2025-05-02 04:00:00+00:00,10000.0,11399.777901166019
2025-05-02 04:00:00+00:00,10000.0,11399.777901166019
2025-05-02 04:00:00+00:00,10000.0,11399.777901166019
2025-05-05 04:00:00+00:00,10000.0,11041.643531371461
2025-05-05 04:00:00+00:00,10000.0,11041.643531371461
2025-05-05 04:00:00+00:00,10000.0,11041.643531371461
2025-05-05 04:00:00+00:00,10000.0,11041.643531371461
2025-05-05 04:00:00+00:00,10000.0,11041.643531371461
2025-05-06 04:00:00+00:00,10000.0,11018.600777345919
2025-05-06 04:00:00+00:00,10000.0,11018.600777345919
2025-05-06 04:00:00+00:00,10000.0,11018.600777345919
2025-05-06 04:00:00+00:00,10000.0,11018.600777345919
2025-05-06 04:00:00+00:00,10000.0,11018.600777345919
2025-05-07 04:00:00+00:00,10000.0,10896.724042198779
2025-05-07 04:00:00+00:00,10000.0,10896.724042198779
2025-05-07 04:00:00+00:00,10000.0,10896.724042198779
2025-05-07 04:00:00+00:00,10000.0,10896.724042198779
2025-05-08 04:00:00+00:00,10000.0,10963.353692393113
2025-05-08 04:00:00+00:00,10000.0,10963.353692393113
2025-05-08 04:00:00+00:00,10000.0,10963.353692393113
2025-05-08 04:00:00+00:00,10000.0,10963.353692393113
2025-05-09 04:00:00+00:00,10000.0,11021.099389228208
2025-05-09 04:00:00+00:00,10000.0,11021.099389228208
2025-05-09 04:00:00+00:00,10000.0,11021.099389228208
2025-05-09 04:00:00+00:00,10000.0,11021.099389228208
2025-05-12 04:00:00+00:00,10000.0,11704.60855080511
2025-05-12 04:00:00+00:00,10000.0,11704.60855080511
2025-05-12 04:00:00+00:00,10000.0,11704.60855080511
2025-05-12 04:00:00+00:00,10000.0,11704.60855080511
2025-05-13 04:00:00+00:00,10000.0,11820.655191560243
2025-05-13 04:00:00+00:00,10000.0,11820.655191560243
2025-05-13 04:00:00+00:00,10000.0,11820.655191560243
2025-05-13 04:00:00+00:00,10000.0,11820.655191560243
2025-05-14 04:00:00+00:00,10000.0,11787.89561354803
2025-05-14 04:00:00+00:00,10000.0,11787.89561354803
2025-05-14 04:00:00+00:00,10000.0,11787.89561354803
2025-05-14 04:00:00+00:00,10000.0,11787.89561354803
2025-05-15 04:00:00+00:00,10000.0,11734.036646307608
2025-05-15 04:00:00+00:00,10000.0,11734.036646307608
2025-05-15 04:00:00+00:00,10000.0,11734.036646307608
2025-05-15 04:00:00+00:00,10000.0,11734.036646307608
2025-05-16 04:00:00+00:00,10000.0,11727.373681288174
2025-05-16 04:00:00+00:00,10000.0,11727.373681288174
2025-05-16 04:00:00+00:00,10000.0,11727.373681288174
2025-05-16 04:00:00+00:00,10000.0,11727.373681288174
2025-05-19 04:00:00+00:00,10000.0,11590.782898389783
2025-05-19 04:00:00+00:00,10000.0,11590.782898389783
2025-05-19 04:00:00+00:00,10000.0,11590.782898389783
2025-05-19 04:00:00+00:00,10000.0,11590.782898389783
2025-05-20 04:00:00+00:00,10000.0,11486.396446418656
2025-05-20 04:00:00+00:00,10000.0,11486.396446418656
2025-05-20 04:00:00+00:00,10000.0,11486.396446418656
2025-05-20 04:00:00+00:00,10000.0,11486.396446418656
2025-05-21 04:00:00+00:00,10000.0,11229.317046085509
2025-05-21 04:00:00+00:00,10000.0,11229.317046085509
2025-05-21 04:00:00+00:00,10000.0,11229.317046085509
2025-05-21 04:00:00+00:00,10000.0,11229.317046085509
2025-05-22 04:00:00+00:00,10000.0,11181.010549694614
2025-05-22 04:00:00+00:00,10000.0,11181.010549694614
2025-05-22 04:00:00+00:00,10000.0,11181.010549694614
2025-05-22 04:00:00+00:00,10000.0,11181.010549694614
2025-05-23 04:00:00+00:00,10000.0,10843.975569128264
2025-05-23 04:00:00+00:00,10000.0,10843.975569128264
2025-05-23 04:00:00+00:00,10000.0,10843.975569128264
2025-05-23 04:00:00+00:00,10000.0,10843.975569128264
2025-05-27 04:00:00+00:00,10000.0,11120.488617434758
2025-05-27 04:00:00+00:00,10000.0,11120.488617434758
2025-05-27 04:00:00+00:00,10000.0,11120.488617434758
2025-05-27 04:00:00+00:00,10000.0,11120.488617434758
2025-05-28 04:00:00+00:00,10000.0,11131.038312048862
2025-05-28 04:00:00+00:00,10000.0,11131.038312048862
2025-05-28 04:00:00+00:00,10000.0,11131.038312048862
2025-05-28 04:00:00+00:00,10000.0,11131.038312048862
2025-05-29 04:00:00+00:00,10000.0,11101.610216546362
2025-05-29 04:00:00+00:00,10000.0,11101.610216546362
2025-05-29 04:00:00+00:00,10000.0,11101.610216546362
2025-05-29 04:00:00+00:00,10000.0,11101.610216546362
2025-05-30 04:00:00+00:00,10000.0,11140.477512493058
2025-05-30 04:00:00+00:00,10000.0,11140.477512493058
2025-05-30 04:00:00+00:00,10000.0,11140.477512493058
2025-05-30 04:00:00+00:00,10000.0,11140.477512493058
2025-06-02 04:00:00+00:00,10000.0,11198.500832870628
2025-06-02 04:00:00+00:00,10000.0,11198.500832870628
2025-06-02 04:00:00+00:00,10000.0,11198.500832870628
2025-06-02 04:00:00+00:00,10000.0,11198.500832870628
2025-06-03 04:00:00+00:00,10000.0,11289.838978345366
2025-06-03 04:00:00+00:00,10000.0,11289.838978345366
2025-06-03 04:00:00+00:00,10000.0,11289.838978345366
2025-06-03 04:00:00+00:00,10000.0,11289.838978345366
2025-06-04 04:00:00+00:00,10000.0,11262.076624097726
2025-06-04 04:00:00+00:00,10000.0,11262.076624097726
2025-06-04 04:00:00+00:00,10000.0,11262.076624097726
2025-06-04 04:00:00+00:00,10000.0,11262.076624097726
2025-06-05 04:00:00+00:00,10000.0,11142.69850083287
2025-06-05 04:00:00+00:00,10000.0,11142.69850083287
2025-06-05 04:00:00+00:00,10000.0,11142.69850083287
2025-06-05 04:00:00+00:00,10000.0,11142.69850083287
2025-06-06 04:00:00+00:00,10000.0,11324.819544697391
2025-06-06 04:00:00+00:00,10000.0,11324.819544697391
2025-06-06 04:00:00+00:00,10000.0,11324.819544697391
2025-06-06 04:00:00+00:00,10000.0,11324.819544697391
2025-06-09 04:00:00+00:00,10000.0,11184.064408661856
2025-06-09 04:00:00+00:00,10000.0,11184.064408661856
2025-06-09 04:00:00+00:00,10000.0,11184.064408661856
2025-06-10 04:00:00+00:00,10000.0,11253.747917823432
2025-06-10 04:00:00+00:00,10000.0,11253.747917823432
2025-06-10 04:00:00+00:00,10000.0,11253.747917823432
2025-06-11 04:00:00+00:00,10000.0,11039.42254303165
2025-06-11 04:00:00+00:00,10000.0,11039.42254303165
2025-06-11 04:00:00+00:00,10000.0,11039.42254303165
2025-06-12 04:00:00+00:00,10000.0,11054.691837867851
2025-06-12 04:00:00+00:00,10000.0,11054.691837867851
2025-06-12 04:00:00+00:00,10000.0,11054.691837867851
2025-06-13 04:00:00+00:00,10000.0,10903.387007218213
2025-06-13 04:00:00+00:00,10000.0,10903.387007218213
2025-06-13 04:00:00+00:00,10000.0,10903.387007218213
2025-06-16 04:00:00+00:00,10000.0,11017.212659633537
2025-06-16 04:00:00+00:00,10000.0,11017.212659633537
2025-06-16 04:00:00+00:00,10000.0,11017.212659633537
2025-06-17 04:00:00+00:00,10000.0,10861.743475846752
2025-06-17 04:00:00+00:00,10000.0,10861.743475846752
2025-06-17 04:00:00+00:00,10000.0,10861.743475846752
2025-06-18 04:00:00+00:00,10000.0,10899.222654081066
2025-06-18 04:00:00+00:00,10000.0,10899.222654081066
2025-06-18 04:00:00+00:00,10000.0,10899.222654081066
2025-06-20 04:00:00+00:00,10000.0,11162.132148806219
2025-06-20 04:00:00+00:00,10000.0,11162.132148806219
2025-06-20 04:00:00+00:00,10000.0,11162.132148806219
2025-06-23 04:00:00+00:00,10000.0,11189.894503053858
2025-06-23 04:00:00+00:00,10000.0,11189.894503053858
2025-06-23 04:00:00+00:00,10000.0,11189.894503053858
2025-06-24 04:00:00+00:00,10000.0,11121.599111604666
2025-06-24 04:00:00+00:00,10000.0,11121.599111604666
2025-06-24 04:00:00+00:00,10000.0,11121.599111604666
2025-06-25 04:00:00+00:00,10000.0,11191.004997223767
2025-06-25 04:00:00+00:00,10000.0,11191.004997223767
2025-06-25 04:00:00+00:00,10000.0,11191.004997223767
2025-06-26 04:00:00+00:00,10000.0,11163.242642976125
2025-06-26 04:00:00+00:00,10000.0,11163.242642976125
2025-06-26 04:00:00+00:00,10000.0,11163.242642976125
2025-06-27 04:00:00+00:00,10000.0,11163.242642976125
2025-06-27 04:00:00+00:00,10000.0,11163.242642976125
2025-06-27 04:00:00+00:00,10000.0,11163.242642976125
2025-06-30 04:00:00+00:00,10000.0,11392.00444197668
2025-06-30 04:00:00+00:00,10000.0,11392.00444197668
2025-06-30 04:00:00+00:00,10000.0,11392.00444197668
2025-07-01 04:00:00+00:00,10000.0,11538.867295946697
2025-07-01 04:00:00+00:00,10000.0,11538.867295946697
2025-07-01 04:00:00+00:00,10000.0,11538.867295946697
2025-07-02 04:00:00+00:00,10000.0,11793.448084397558
2025-07-02 04:00:00+00:00,10000.0,11793.448084397558
2025-07-02 04:00:00+00:00,10000.0,11793.448084397558
2025-07-03 04:00:00+00:00,10000.0,11854.525263742365
2025-07-03 04:00:00+00:00,10000.0,11854.525263742365
2025-07-03 04:00:00+00:00,10000.0,11854.525263742365
2025-07-07 04:00:00+00:00,10000.0,11656.857301499169
2025-07-07 04:00:00+00:00,10000.0,11656.857301499169
2025-07-07 04:00:00+00:00,10000.0,11656.857301499169
2025-07-08 04:00:00+00:00,10000.0,11665.463631315935
2025-07-08 04:00:00+00:00,10000.0,11665.463631315935
2025-07-09 04:00:00+00:00,10000.0,11722.93170460855
2025-07-09 04:00:00+00:00,10000.0,11722.93170460855
2025-07-10 04:00:00+00:00,10000.0,11791.227096057746
2025-07-10 04:00:00+00:00,10000.0,11791.227096057746
2025-07-11 04:00:00+00:00,10000.0,11720.155469183788
2025-07-11 04:00:00+00:00,10000.0,11720.155469183788
2025-07-14 04:00:00+00:00,10000.0,11585.230427540257
2025-07-14 04:00:00+00:00,10000.0,11585.230427540257
2025-07-15 04:00:00+00:00,10000.0,11606.052193225987
2025-07-15 04:00:00+00:00,10000.0,11606.052193225987
2025-07-16 04:00:00+00:00,10000.0,11669.07273736813
2025-07-16 04:00:00+00:00,10000.0,11669.07273736813
2025-07-17 04:00:00+00:00,10000.0,11667.40699611327
2025-07-17 04:00:00+00:00,10000.0,11667.40699611327
2025-07-18 04:00:00+00:00,10000.0,11724.59744586341
2025-07-18 04:00:00+00:00,10000.0,11724.59744586341
2025-07-21 04:00:00+00:00,10000.0,11800.666296501944
2025-07-21 04:00:00+00:00,10000.0,11800.666296501944
2025-07-22 04:00:00+00:00,10000.0,11906.163242642977
2025-07-22 04:00:00+00:00,10000.0,11906.163242642977
2025-07-23 04:00:00+00:00,10000.0,11895.05830094392
2025-07-23 04:00:00+00:00,10000.0,11895.05830094392
2025-07-24 04:00:00+00:00,10000.0,11869.239311493613
2025-07-24 04:00:00+00:00,10000.0,11869.239311493613
2025-07-25 04:00:00+00:00,10000.0,11880.066629650195
2025-07-25 04:00:00+00:00,10000.0,11880.066629650195
2025-07-28 04:00:00+00:00,10000.0,11882.287617990007
2025-07-28 04:00:00+00:00,10000.0,11882.287617990007
2025-07-29 04:00:00+00:00,10000.0,11730.705163797893
2025-07-29 04:00:00+00:00,10000.0,11730.705163797893
2025-07-30 04:00:00+00:00,10000.0,11602.443087173793
2025-07-30 04:00:00+00:00,10000.0,11602.443087173793
2025-07-31 04:00:00+00:00,10000.0,11540.810660744031
2025-07-31 04:00:00+00:00,10000.0,11540.810660744031
2025-08-01 04:00:00+00:00,10000.0,11232.648528595226
2025-08-01 04:00:00+00:00,10000.0,11232.648528595226
2025-08-04 04:00:00+00:00,10000.0,11290.94947251527
2025-08-04 04:00:00+00:00,10000.0,11290.94947251527
2025-08-05 04:00:00+00:00,10000.0,11267.629094947251
2025-08-05 04:00:00+00:00,10000.0,11267.629094947251
2025-08-06 04:00:00+00:00,10000.0,11842.032204330928
2025-08-06 04:00:00+00:00,10000.0,11842.032204330928
2025-08-07 04:00:00+00:00,10000.0,12224.875069405885
2025-08-07 04:00:00+00:00,10000.0,12224.875069405885
2025-08-08 04:00:00+00:00,10000.0,12735.424764019988
2025-08-11 04:00:00+00:00,10000.0,12616.324264297613
2025-08-12 04:00:00+00:00,10000.0,12750.13881177124
2025-08-13 04:00:00+00:00,10000.0,12949.472515269295
2025-08-14 04:00:00+00:00,10000.0,12925.041643531373
2025-08-15 04:00:00+00:00,10000.0,12862.298722931704
2025-08-18 04:00:00+00:00,10000.0,12820.37756801777
2025-08-19 04:00:00+00:00,10000.0,12801.77679067185
2025-08-20 04:00:00+00:00,10000.0,12547.196002220988
2025-08-21 04:00:00+00:00,10000.0,12487.506940588562
2025-08-22 04:00:00+00:00,10000.0,12645.19711271516
